seed,wealth,cagr,sharpe,maxdd,bps_per_slot_day,bps_raw,round_trips,win_rate,med_trade_ret
0,2.9616,0.109,0.611,-0.4024,4.22,4.2165546063850154,723,0.719,0.0251
1,3.4965,0.1267,0.689,-0.3938,4.85,4.847516791106946,792,0.73,0.0242
2,2.1685,0.0766,0.471,-0.3638,3.01,3.010845559841086,674,0.703,0.0245
3,2.5169,0.092,0.537,-0.3621,3.59,3.5873893715598677,690,0.709,0.0223
4,3.4422,0.125,0.681,-0.3721,4.81,4.806818029283926,696,0.713,0.0249
5,3.2321,0.1183,0.686,-0.3837,4.57,4.570049850728663,623,0.713,0.0262
6,2.0188,0.0693,0.522,-0.2366,2.75,2.7490805089090804,487,0.696,0.0233
7,2.5125,0.0918,0.562,-0.3639,3.58,3.581376534219718,665,0.698,0.0215
8,2.5205,0.0921,0.571,-0.345,3.6,3.601976041128546,641,0.704,0.0234
9,2.2064,0.0783,0.507,-0.2657,3.09,3.0871446762807984,600,0.688,0.0235
10,1.5886,0.0451,0.337,-0.3247,1.8,1.803786215261694,620,0.671,0.0193
11,3.0487,0.1121,0.63,-0.416,4.33,4.333918533147574,715,0.706,0.0233
12,2.693,0.099,0.575,-0.3693,3.85,3.854006831355214,693,0.69,0.0213
13,2.657,0.0976,0.544,-0.4633,3.8,3.8011775873340827,685,0.68,0.0204
14,2.5206,0.0921,0.574,-0.3539,3.6,3.59913188993092,656,0.695,0.0236
15,2.3165,0.0834,0.505,-0.4416,3.26,3.2634071166591725,682,0.716,0.0231
16,2.8682,0.1056,0.618,-0.3741,4.1,4.096611563862189,696,0.69,0.022
17,2.3589,0.0852,0.507,-0.3807,3.33,3.3346943976940744,706,0.698,0.0224
18,1.8237,0.0589,0.39,-0.4074,2.34,2.336451303465466,692,0.698,0.0237
19,2.4722,0.0901,0.553,-0.3254,3.52,3.523949941367339,638,0.679,0.0212
20,2.7549,0.1014,0.571,-0.3719,3.94,3.9392664074107895,697,0.683,0.0203
21,1.4687,0.0373,0.28,-0.4109,1.5,1.496488470023167,659,0.678,0.0217
22,2.3053,0.0829,0.505,-0.3856,3.25,3.2518092178378737,647,0.703,0.0263
23,2.1407,0.0752,0.47,-0.3996,2.97,2.9655066614048953,625,0.696,0.025
24,3.7067,0.133,0.834,-0.2504,5.1,5.101221194008333,619,0.725,0.0257
25,3.8191,0.1362,0.751,-0.4118,5.2,5.2043787149639416,696,0.72,0.0264
26,1.3113,0.0262,0.229,-0.519,1.05,1.0546418487355689,686,0.672,0.0209
27,2.2707,0.0813,0.538,-0.3531,3.2,3.1989646705661823,589,0.706,0.0208
28,2.7508,0.1012,0.581,-0.402,3.93,3.934223523312377,682,0.695,0.0247
29,2.6274,0.0964,0.568,-0.3571,3.75,3.753497361760948,714,0.738,0.0233
30,2.2897,0.0822,0.492,-0.4337,3.22,3.2208478863616046,691,0.725,0.0245
31,1.9134,0.0638,0.452,-0.3569,2.54,2.5353144201579476,543,0.707,0.0269
32,2.8692,0.1057,0.653,-0.257,4.11,4.108004932943568,627,0.697,0.023
33,3.5732,0.129,0.705,-0.3733,4.95,4.949477705022426,717,0.727,0.0249
34,3.4754,0.1261,0.715,-0.4193,4.85,4.846541245418477,673,0.719,0.0249
35,2.072,0.0719,0.477,-0.3311,2.84,2.837022041087366,652,0.693,0.0242
36,2.3533,0.085,0.516,-0.3395,3.33,3.329105097077962,677,0.715,0.0238
37,2.4157,0.0877,0.527,-0.3993,3.43,3.4276255194860084,674,0.69,0.0245
38,2.812,0.1036,0.602,-0.3285,4.01,4.014450941193289,724,0.711,0.0236
39,1.9782,0.0672,0.468,-0.3526,2.66,2.6639562563113524,560,0.684,0.0202
40,4.0781,0.1434,0.759,-0.352,5.46,5.460685122074762,740,0.714,0.0264
41,2.5689,0.0941,0.561,-0.3208,3.67,3.665399358823918,715,0.701,0.0234
42,1.7935,0.0573,0.373,-0.4653,2.27,2.2724897303406952,700,0.69,0.0205
43,1.7765,0.0563,0.373,-0.477,2.24,2.2365666883189603,665,0.704,0.0222
44,2.0783,0.0722,0.46,-0.4387,2.85,2.848606238279106,643,0.705,0.0235
45,2.5044,0.0914,0.618,-0.2684,3.58,3.575402198209428,614,0.723,0.0248
46,2.971,0.1094,0.691,-0.3025,4.25,4.246023146381626,569,0.708,0.0245
47,2.8395,0.1046,0.603,-0.3859,4.06,4.056073742318352,715,0.708,0.025
48,2.2652,0.0811,0.488,-0.4426,3.18,3.1837494131512103,624,0.683,0.0221
49,3.2064,0.1175,0.676,-0.3735,4.53,4.531752685948976,683,0.731,0.0262
50,2.6341,0.0967,0.543,-0.4198,3.77,3.766097013175376,713,0.701,0.0233
51,1.8146,0.0584,0.379,-0.4252,2.31,2.313836837221316,696,0.684,0.024
52,2.703,0.0994,0.553,-0.4956,3.86,3.8640019778445005,711,0.7,0.0255
53,2.751,0.1013,0.634,-0.2896,3.94,3.939229484541064,624,0.724,0.0257
54,1.3881,0.0318,0.254,-0.4722,1.27,1.2744712945547971,695,0.689,0.0194
55,2.386,0.0864,0.554,-0.3333,3.39,3.3878593441132576,643,0.7,0.0244
56,3.0601,0.1125,0.668,-0.3535,4.36,4.355954473187617,646,0.698,0.0223
57,2.9802,0.1097,0.663,-0.2998,4.25,4.251652277155146,651,0.719,0.0235
58,3.5132,0.1272,0.686,-0.4605,4.88,4.882944189484453,715,0.723,0.0251
59,2.4087,0.0874,0.539,-0.3454,3.43,3.4271794688447508,632,0.709,0.0234
60,2.0696,0.0718,0.468,-0.2584,2.83,2.83417029302308,615,0.698,0.022
61,2.5766,0.0944,0.555,-0.3927,3.68,3.6784542877408715,704,0.705,0.0226
62,3.2033,0.1173,0.682,-0.3374,4.53,4.528892498192473,660,0.714,0.0242
63,2.1397,0.0752,0.482,-0.43,2.96,2.962068131153823,641,0.696,0.0245
64,2.0063,0.0686,0.469,-0.3034,2.72,2.71907243767389,560,0.698,0.0219
65,2.3995,0.087,0.509,-0.4231,3.4,3.4030968185160755,684,0.7,0.0238
66,2.5417,0.093,0.523,-0.4465,3.62,3.6233622942286905,723,0.704,0.0245
67,2.9994,0.1104,0.713,-0.3149,4.29,4.286859882549237,559,0.719,0.0241
68,3.3298,0.1215,0.658,-0.3877,4.67,4.6669710785426455,733,0.72,0.0254
69,2.8688,0.1057,0.646,-0.3308,4.11,4.106815322677596,622,0.735,0.025
70,2.0775,0.0722,0.468,-0.4043,2.85,2.848207349139552,639,0.693,0.0213
71,3.7,0.1328,0.801,-0.3247,5.1,5.1020907172525956,585,0.721,0.0232
72,2.2827,0.0818,0.56,-0.2956,3.21,3.2136822588431815,601,0.7,0.0259
73,2.6999,0.0993,0.604,-0.2847,3.87,3.8735756779114343,610,0.687,0.0236
74,2.9489,0.1086,0.615,-0.3878,4.2,4.202821069749391,680,0.699,0.0238
75,2.2571,0.0807,0.486,-0.3248,3.16,3.164756854820814,706,0.7,0.0244
76,1.8407,0.0599,0.411,-0.3502,2.38,2.375776767869676,650,0.705,0.0215
77,1.6458,0.0486,0.333,-0.3886,1.94,1.9362092068430035,708,0.696,0.0222
78,2.5911,0.095,0.572,-0.385,3.71,3.7061004913216387,667,0.727,0.0238
79,2.908,0.1071,0.656,-0.3327,4.16,4.157286610864475,633,0.703,0.024
80,3.8038,0.1358,0.736,-0.4209,5.19,5.186376332034788,726,0.722,0.0243
81,3.6852,0.1324,0.69,-0.4309,5.07,5.070898643513086,709,0.708,0.0249
82,2.8199,0.1039,0.625,-0.3177,4.03,4.027450868407837,671,0.726,0.0231
83,3.0979,0.1138,0.656,-0.347,4.4,4.397619752343878,688,0.702,0.0252
84,4.3773,0.1511,0.857,-0.2959,5.75,5.754298757429428,616,0.732,0.0273
85,2.5819,0.0946,0.615,-0.3087,3.69,3.6901886487081494,663,0.721,0.0263
86,3.0371,0.1117,0.676,-0.3145,4.33,4.326587169110241,635,0.713,0.0238
87,3.2065,0.1175,0.788,-0.2643,4.54,4.537679923750826,607,0.728,0.0241
88,2.5086,0.0916,0.592,-0.3141,3.59,3.587775637230696,588,0.73,0.0227
89,3.1428,0.1153,0.652,-0.3666,4.45,4.449287511707679,695,0.706,0.0211
90,3.4622,0.1257,0.707,-0.3072,4.82,4.816238069551893,775,0.732,0.025
91,3.0557,0.1123,0.659,-0.3966,4.34,4.343684204665763,662,0.722,0.0246
92,2.8418,0.1047,0.585,-0.4402,4.06,4.057694571312577,723,0.714,0.0251
93,1.924,0.0644,0.426,-0.4612,2.55,2.5502871983469646,602,0.691,0.0232
94,2.9173,0.1074,0.66,-0.3407,4.17,4.165656579968164,684,0.725,0.0264
95,2.6226,0.0962,0.579,-0.3207,3.75,3.7463467551483864,727,0.708,0.0235
96,2.1136,0.0739,0.457,-0.5032,2.91,2.9121566906292107,653,0.691,0.0237
97,1.8162,0.0585,0.398,-0.4254,2.32,2.3226012651179135,646,0.684,0.0206
98,2.9518,0.1087,0.594,-0.3939,4.21,4.207535247755492,713,0.722,0.0257
99,2.9886,0.11,0.67,-0.2631,4.26,4.264797363855691,633,0.712,0.0233
100,1.5915,0.0453,0.315,-0.4456,1.8,1.8036983213238287,722,0.683,0.0216
101,3.0835,0.1133,0.653,-0.4097,4.37,4.374315126220845,699,0.731,0.0257
102,1.9623,0.0664,0.426,-0.4099,2.63,2.6262596511536427,625,0.704,0.0221
103,2.9309,0.1079,0.639,-0.3751,4.19,4.186253891136618,638,0.712,0.0257
104,2.5426,0.093,0.525,-0.4759,3.63,3.6295518319021007,690,0.712,0.0248
105,2.0257,0.0696,0.453,-0.4386,2.75,2.7508821025049683,619,0.687,0.0217
106,2.9791,0.1096,0.594,-0.4772,4.24,4.237287424632031,721,0.712,0.0231
107,2.9836,0.1098,0.639,-0.429,4.26,4.255463545388305,647,0.736,0.0243
108,4.6304,0.1573,0.814,-0.4194,5.95,5.945744153465502,758,0.728,0.0253
109,2.257,0.0807,0.493,-0.4156,3.17,3.165473611497545,679,0.716,0.0249
110,1.7667,0.0557,0.391,-0.3345,2.22,2.216846933326881,640,0.694,0.0225
111,1.4077,0.0331,0.277,-0.3054,1.33,1.3348166796721748,554,0.671,0.0201
112,2.2999,0.0826,0.577,-0.3132,3.25,3.248621903046922,586,0.701,0.0261
113,3.4655,0.1258,0.692,-0.3718,4.83,4.833392752796756,722,0.702,0.0244
114,2.3441,0.0846,0.489,-0.4498,3.31,3.309343275917317,709,0.709,0.026
115,2.4823,0.0905,0.558,-0.3459,3.53,3.5334849798884247,700,0.711,0.0241
116,2.8746,0.1059,0.593,-0.3858,4.11,4.105603125780134,694,0.693,0.0221
117,3.4978,0.1268,0.685,-0.3398,4.86,4.8630655180825295,716,0.721,0.0261
118,3.292,0.1203,0.662,-0.3672,4.63,4.625234184119006,728,0.724,0.0248
119,2.4567,0.0894,0.538,-0.3438,3.49,3.491035267698554,678,0.681,0.0232
120,1.8057,0.0579,0.38,-0.4048,2.3,2.2997543192401855,685,0.654,0.0187
121,3.6138,0.1303,0.771,-0.2677,5.0,5.004717017088303,644,0.72,0.0257
122,3.437,0.1249,0.7,-0.3374,4.8,4.7984842670235865,717,0.721,0.0242
123,2.81,0.1035,0.597,-0.409,4.01,4.010740471372487,741,0.696,0.0238
124,1.9843,0.0675,0.443,-0.2968,2.67,2.67231355356123,611,0.684,0.0213
125,1.8286,0.0592,0.424,-0.2547,2.35,2.3531246366420073,597,0.683,0.0237
126,1.4023,0.0327,0.26,-0.4221,1.32,1.315262249927136,672,0.673,0.0204
127,1.9594,0.0662,0.442,-0.3152,2.62,2.6195789857131224,659,0.686,0.0216
128,2.9049,0.107,0.614,-0.3596,4.14,4.138559735487981,738,0.711,0.0235
129,2.0568,0.0712,0.44,-0.3849,2.8,2.801844031502578,696,0.69,0.0227
130,1.9023,0.0632,0.397,-0.4766,2.5,2.500473543757025,696,0.711,0.0221
131,1.7653,0.0557,0.438,-0.2404,2.22,2.21566948639737,570,0.695,0.0212
132,3.5394,0.128,0.698,-0.3549,4.91,4.908431534147237,756,0.714,0.0245
133,2.0304,0.0698,0.487,-0.2959,2.76,2.755839270291487,599,0.689,0.0231
134,2.3684,0.0856,0.608,-0.2663,3.36,3.3648414328514837,540,0.722,0.0258
135,2.7015,0.0994,0.603,-0.3785,3.86,3.861096997127771,692,0.723,0.0235
136,2.1393,0.0752,0.512,-0.2959,2.97,2.966926313979076,566,0.708,0.0229
137,4.2816,0.1487,0.864,-0.2955,5.65,5.645895170989308,689,0.718,0.0246
138,2.845,0.1048,0.649,-0.3126,4.07,4.071614480559489,627,0.715,0.0241
139,2.0413,0.0704,0.493,-0.3777,2.79,2.785176591073196,560,0.72,0.0265
140,2.0574,0.0712,0.437,-0.466,2.81,2.8076617263324586,635,0.699,0.027
141,2.4798,0.0904,0.587,-0.3618,3.54,3.5405648875625095,585,0.709,0.0222
142,2.8889,0.1064,0.709,-0.2642,4.14,4.138430485489064,596,0.705,0.0244
143,2.2227,0.0791,0.484,-0.3819,3.11,3.105280494359708,696,0.688,0.0212
144,3.5062,0.127,0.68,-0.4163,4.87,4.874237750068723,731,0.717,0.0264
145,2.8207,0.1039,0.637,-0.3359,4.04,4.039473130562752,637,0.721,0.0256
146,2.1873,0.0774,0.524,-0.3558,3.05,3.050307133879134,593,0.685,0.0224
147,2.1259,0.0745,0.469,-0.4267,2.93,2.9345503659045393,664,0.705,0.0258
148,2.7941,0.1029,0.624,-0.2939,4.0,4.001327848979459,618,0.699,0.0257
149,1.9341,0.0649,0.452,-0.2897,2.57,2.5745826918754626,561,0.69,0.0201
150,2.1937,0.0778,0.496,-0.4175,3.06,3.060147451577876,625,0.714,0.0233
151,2.4501,0.0892,0.53,-0.3979,3.49,3.4883592749372934,660,0.697,0.0266
152,3.0825,0.1133,0.67,-0.3321,4.37,4.368584166648061,728,0.695,0.024
153,3.8752,0.1378,0.811,-0.347,5.27,5.269529856626257,686,0.711,0.0253
154,2.9312,0.1079,0.636,-0.3658,4.18,4.178247604421532,694,0.709,0.0215
155,3.2373,0.1185,0.64,-0.4091,4.56,4.561570514945937,748,0.719,0.0263
156,2.2815,0.0818,0.495,-0.372,3.21,3.206768929681534,698,0.695,0.0233
157,2.7761,0.1022,0.575,-0.4216,3.97,3.969122950524277,716,0.704,0.0252
158,2.9798,0.1097,0.62,-0.3842,4.24,4.239597161014978,733,0.72,0.0249
159,2.7269,0.1003,0.561,-0.404,3.9,3.899326937299102,689,0.687,0.0235
160,1.2935,0.0248,0.225,-0.4245,1.0,1.002289129596734,630,0.673,0.0196
161,5.5133,0.1767,0.932,-0.3336,6.63,6.6312928937464735,729,0.733,0.0251
162,1.8105,0.0582,0.418,-0.3206,2.32,2.315610718723749,577,0.707,0.0237
163,1.6892,0.0512,0.343,-0.5023,2.04,2.038436590863641,690,0.706,0.023
164,3.7069,0.133,0.708,-0.3297,5.09,5.086744094130622,786,0.709,0.0222
165,4.5308,0.1549,0.858,-0.3636,5.87,5.874415609496283,658,0.679,0.02
166,2.9003,0.1068,0.595,-0.3925,4.14,4.14066087202091,703,0.7,0.0238
167,2.3644,0.0855,0.484,-0.4802,3.34,3.3439855260196394,692,0.702,0.0235
168,2.7337,0.1006,0.576,-0.4111,3.91,3.909948971107468,717,0.695,0.0236
169,2.746,0.1011,0.607,-0.4156,3.93,3.9334697681694344,654,0.729,0.0257
170,2.7319,0.1005,0.592,-0.387,3.91,3.9111423323414214,641,0.715,0.0264
171,2.5636,0.0939,0.58,-0.3655,3.66,3.664955345379021,677,0.688,0.0224
172,2.6971,0.0992,0.545,-0.4111,3.86,3.858002430080271,701,0.706,0.0222
173,2.7348,0.1006,0.578,-0.3004,3.91,3.9122789327271263,701,0.719,0.0254
174,3.5072,0.127,0.726,-0.27,4.87,4.871899550824219,729,0.716,0.0264
175,2.1261,0.0745,0.5,-0.3087,2.94,2.9400299188688197,611,0.7,0.0214
176,2.0994,0.0732,0.539,-0.271,2.89,2.894618677826582,537,0.693,0.023
177,1.5048,0.0397,0.298,-0.3773,1.59,1.5910345842153912,644,0.682,0.0235
178,2.0657,0.0716,0.517,-0.2805,2.83,2.8312615729614223,578,0.73,0.0228
179,2.4424,0.0888,0.539,-0.3561,3.48,3.4788022270141004,659,0.707,0.0248
180,2.3021,0.0827,0.558,-0.37,3.25,3.248265073543768,596,0.721,0.0218
181,2.6491,0.0973,0.564,-0.383,3.78,3.784722122954702,729,0.687,0.0231
182,2.0838,0.0725,0.465,-0.4111,2.86,2.8572872231895383,659,0.718,0.0228
183,3.0729,0.1129,0.675,-0.3608,4.37,4.370602874657798,662,0.71,0.0242
184,1.5808,0.0446,0.32,-0.4063,1.79,1.7861806806760983,586,0.693,0.0209
185,3.0525,0.1122,0.637,-0.3598,4.34,4.338339731829708,695,0.695,0.0237
186,3.1211,0.1146,0.618,-0.4717,4.42,4.423556578839113,703,0.707,0.0231
187,3.2092,0.1175,0.664,-0.2982,4.52,4.523728610952876,737,0.719,0.0214
188,2.0041,0.0685,0.439,-0.2971,2.71,2.705483145363562,668,0.686,0.0218
189,2.2038,0.0782,0.475,-0.4158,3.08,3.075320968240226,683,0.695,0.0245
190,2.8275,0.1041,0.582,-0.4071,4.04,4.041467294722037,726,0.694,0.0231
191,2.6724,0.0982,0.572,-0.4484,3.82,3.8231624753720426,689,0.72,0.0243
192,2.4422,0.0888,0.549,-0.3595,3.47,3.4743806749605715,637,0.721,0.0212
193,1.566,0.0437,0.338,-0.317,1.75,1.7473720729997204,590,0.68,0.0202
194,2.6656,0.098,0.606,-0.3071,3.81,3.8088886989616384,682,0.729,0.0221
195,3.2891,0.1202,0.708,-0.3151,4.64,4.638668287286342,624,0.692,0.0249
196,2.07,0.0718,0.451,-0.3646,2.83,2.8312848788932143,673,0.685,0.0201
197,2.5881,0.0949,0.6,-0.348,3.7,3.701597197702224,610,0.716,0.0212
198,2.1879,0.0775,0.485,-0.3808,3.05,3.0486928464838536,632,0.685,0.0228
199,2.5878,0.0949,0.571,-0.4999,3.7,3.695863889889441,691,0.712,0.0242
200,2.4682,0.0899,0.501,-0.4266,3.51,3.5134026078404696,687,0.716,0.0231
201,1.5445,0.0423,0.31,-0.4577,1.69,1.6942661748451544,622,0.688,0.0232
202,1.9697,0.0667,0.459,-0.3268,2.64,2.642657948835488,612,0.696,0.0223
203,2.1859,0.0774,0.46,-0.4466,3.04,3.037376578101389,713,0.689,0.023
204,2.0072,0.0687,0.462,-0.2961,2.71,2.7135754067952567,619,0.7,0.0233
205,2.8807,0.1061,0.614,-0.4114,4.11,4.114910395377663,680,0.719,0.0245
206,2.681,0.0986,0.552,-0.3754,3.84,3.8384920194334917,673,0.698,0.0257
207,2.1444,0.0754,0.512,-0.3441,2.98,2.976442288990925,581,0.697,0.0211
208,3.0467,0.112,0.696,-0.3133,4.34,4.340036986901573,590,0.719,0.0242
209,1.7695,0.0559,0.439,-0.2635,2.23,2.228534475683507,523,0.686,0.0194
210,2.7212,0.1001,0.567,-0.4367,3.9,3.8950469868731656,671,0.705,0.0266
211,3.2124,0.1177,0.607,-0.5119,4.54,4.5365101937217025,702,0.717,0.0252
212,1.4387,0.0353,0.288,-0.3954,1.42,1.4167412643054014,609,0.691,0.0204
213,2.3489,0.0848,0.51,-0.3985,3.32,3.318679206387606,698,0.709,0.0248
214,2.6635,0.0979,0.583,-0.4125,3.81,3.814743002410659,650,0.722,0.0244
215,3.0448,0.112,0.735,-0.3295,4.35,4.345471098959259,542,0.744,0.0262
216,1.9065,0.0634,0.416,-0.4285,2.51,2.51246584373205,630,0.702,0.0223
217,1.9317,0.0648,0.446,-0.2902,2.56,2.5643570833045577,636,0.673,0.0228
218,2.6444,0.0971,0.624,-0.2612,3.78,3.784499963606456,661,0.7,0.0222
219,2.1044,0.0735,0.485,-0.3887,2.9,2.9011234141795654,583,0.703,0.0254
220,2.3504,0.0849,0.509,-0.3619,3.32,3.3221917965332244,687,0.699,0.0238
221,1.8709,0.0615,0.42,-0.3718,2.44,2.4397614648649557,643,0.687,0.0215
222,4.188,0.1463,0.936,-0.2852,5.58,5.578054343355575,619,0.735,0.024
223,2.5903,0.095,0.636,-0.2338,3.71,3.7099547161481934,606,0.716,0.025
224,2.9762,0.1095,0.638,-0.3589,4.24,4.237189333948682,719,0.704,0.0238
225,1.9573,0.0661,0.44,-0.3384,2.61,2.6131237714231297,613,0.721,0.0271
226,2.2973,0.0825,0.495,-0.3523,3.23,3.2335372461722303,696,0.708,0.0238
227,2.0049,0.0685,0.455,-0.4339,2.71,2.7096071701486344,593,0.718,0.0204
228,2.488,0.0908,0.55,-0.3524,3.55,3.5479642026106832,657,0.694,0.0213
229,2.1986,0.078,0.477,-0.4993,3.06,3.0648892135288115,666,0.718,0.0257
230,3.0111,0.1108,0.646,-0.3821,4.29,4.294822089743189,642,0.696,0.0235
231,2.3054,0.0829,0.554,-0.3841,3.26,3.258173939429971,579,0.722,0.0231
232,3.539,0.128,0.756,-0.3033,4.91,4.913490554352861,668,0.716,0.0243
233,2.2516,0.0804,0.531,-0.2872,3.16,3.156651421348264,641,0.688,0.0218
234,2.4667,0.0899,0.568,-0.3308,3.52,3.520297072552123,566,0.705,0.0247
235,3.3507,0.1221,0.669,-0.4152,4.7,4.7014375475709524,708,0.696,0.0226
236,1.7641,0.0556,0.381,-0.3683,2.21,2.2084410509773376,645,0.678,0.0209
237,2.261,0.0809,0.513,-0.3488,3.18,3.17612905578122,651,0.69,0.0225
238,2.0167,0.0691,0.476,-0.3497,2.74,2.7355214471982894,591,0.695,0.0237
239,2.9122,0.1072,0.624,-0.408,4.15,4.152551623518215,734,0.7,0.0247
240,1.7177,0.0529,0.394,-0.3523,2.11,2.10862052160802,592,0.708,0.0231
241,3.0992,0.1138,0.66,-0.3817,4.4,4.404393914923145,646,0.703,0.0231
242,2.7891,0.1027,0.602,-0.4206,3.98,3.983620264071175,711,0.71,0.0246
243,2.6656,0.098,0.707,-0.2976,3.82,3.823870298814134,542,0.74,0.0232
244,2.2276,0.0793,0.51,-0.4017,3.12,3.1206108517883084,624,0.707,0.0243
245,2.2926,0.0823,0.506,-0.3968,3.23,3.230801258039664,649,0.707,0.0229
246,3.0875,0.1134,0.632,-0.4295,4.38,4.3806700265797875,725,0.717,0.0231
247,2.1088,0.0737,0.495,-0.3296,2.91,2.910130001199303,590,0.707,0.0235
248,4.0539,0.1427,0.749,-0.4666,5.43,5.4324701694436754,750,0.736,0.0281
249,1.6707,0.0501,0.358,-0.3578,2.0,1.9977884396922896,624,0.688,0.0216
250,2.0442,0.0705,0.448,-0.3337,2.78,2.781491705201242,670,0.688,0.0215
251,1.6447,0.0486,0.346,-0.4616,1.94,1.9401585645229302,587,0.707,0.0213
252,2.238,0.0798,0.484,-0.4171,3.13,3.130521715660161,720,0.706,0.0233
253,3.683,0.1323,0.697,-0.5078,5.06,5.064749547897291,742,0.728,0.0256
254,2.0303,0.0698,0.431,-0.4675,2.76,2.755113248351287,679,0.685,0.0196
255,1.7193,0.053,0.373,-0.3803,2.11,2.109671770611424,644,0.689,0.0217
256,4.0442,0.1424,0.798,-0.3747,5.43,5.433054221723371,660,0.712,0.0235
257,2.4936,0.091,0.593,-0.3506,3.57,3.5676947635381744,567,0.698,0.0231
258,2.9462,0.1085,0.653,-0.2855,4.2,4.197865551128499,695,0.709,0.023
259,2.2195,0.0789,0.544,-0.4085,3.11,3.1079100390112564,568,0.695,0.0229
260,3.2818,0.1199,0.64,-0.3961,4.62,4.618670135520114,709,0.715,0.0264
261,3.4731,0.126,0.695,-0.3488,4.83,4.828536563717032,767,0.729,0.0241
262,3.1398,0.1152,0.734,-0.2625,4.46,4.4643015792459835,593,0.72,0.0238
263,2.4861,0.0907,0.569,-0.3153,3.55,3.54728825859295,632,0.728,0.0253
264,2.378,0.0861,0.509,-0.4052,3.37,3.366846465798774,712,0.712,0.0237
265,2.9448,0.1084,0.66,-0.3804,4.2,4.200980184636212,680,0.718,0.0249
266,2.5968,0.0952,0.655,-0.2633,3.73,3.7303658524812233,507,0.694,0.0233
267,3.1888,0.1169,0.682,-0.2894,4.5,4.4978505144033765,716,0.711,0.0241
268,2.3456,0.0846,0.55,-0.3274,3.32,3.32175289588585,589,0.711,0.0221
269,1.7801,0.0565,0.385,-0.3587,2.25,2.246014547263504,636,0.7,0.0245
270,2.4153,0.0877,0.56,-0.2802,3.44,3.438105464571199,616,0.682,0.0219
271,2.1225,0.0744,0.443,-0.4421,2.92,2.9215996776510784,748,0.714,0.0233
272,2.2944,0.0824,0.498,-0.3629,3.23,3.231319438027813,695,0.679,0.0199
273,2.4304,0.0883,0.539,-0.4292,3.46,3.456372692032864,664,0.691,0.022
274,3.275,0.1197,0.716,-0.3117,4.61,4.610474647245916,696,0.728,0.0264
275,2.4022,0.0871,0.576,-0.3062,3.42,3.416640498937258,593,0.702,0.0231
276,2.2185,0.0789,0.541,-0.3318,3.1,3.102120501953676,605,0.711,0.0253
277,2.3408,0.0844,0.53,-0.3412,3.31,3.3134204564491547,618,0.706,0.0258
278,2.8891,0.1064,0.606,-0.3675,4.13,4.125570387954155,708,0.702,0.0221
279,2.6836,0.0987,0.595,-0.3727,3.84,3.84008289807154,663,0.701,0.0241
280,3.8541,0.1372,0.834,-0.2556,5.24,5.240341300026181,682,0.733,0.0239
281,2.9249,0.1077,0.675,-0.3252,4.18,4.178096436544245,637,0.702,0.0229
282,2.4073,0.0873,0.579,-0.307,3.42,3.4228125209508558,606,0.723,0.0223
283,3.7256,0.1335,0.723,-0.3947,5.12,5.117973961705619,687,0.707,0.0239
284,2.5594,0.0937,0.596,-0.284,3.65,3.6528741638251536,677,0.703,0.0225
285,2.5171,0.092,0.545,-0.326,3.59,3.588772140057922,707,0.692,0.022
286,2.5543,0.0935,0.613,-0.2934,3.66,3.662794400444771,557,0.711,0.0232
287,3.1588,0.1159,0.696,-0.3048,4.48,4.480483041186889,647,0.709,0.0237
288,3.2729,0.1196,0.699,-0.2871,4.61,4.61475972810965,647,0.711,0.0238
289,3.4082,0.124,0.779,-0.2819,4.77,4.7713259732346165,641,0.721,0.0235
290,2.2217,0.0791,0.527,-0.4127,3.11,3.107170624674145,611,0.718,0.0247
291,4.6734,0.1583,0.801,-0.3457,5.99,5.9935129760489625,712,0.719,0.0248
292,1.9164,0.064,0.411,-0.3749,2.53,2.532325745894222,660,0.702,0.022
293,3.1073,0.1141,0.665,-0.4278,4.42,4.415629675779671,645,0.701,0.0217
294,2.2355,0.0797,0.517,-0.4065,3.13,3.1310241138260224,614,0.699,0.0238
295,2.6145,0.0959,0.569,-0.4061,3.74,3.740644158190947,661,0.707,0.024
296,2.7658,0.1018,0.572,-0.373,3.95,3.953776695257351,718,0.713,0.0221
297,2.7481,0.1011,0.591,-0.3794,3.93,3.934183417483001,656,0.701,0.0221
298,2.0473,0.0707,0.439,-0.3813,2.79,2.7873028497817356,684,0.699,0.0227
299,2.6684,0.0981,0.591,-0.3934,3.82,3.8192577234465532,653,0.712,0.0244
300,4.3914,0.1515,0.807,-0.3383,5.74,5.744626873561657,738,0.71,0.0227
301,2.5197,0.0921,0.625,-0.2844,3.6,3.6037718028951518,573,0.723,0.0241
302,3.4801,0.1262,0.73,-0.3714,4.85,4.845977406265723,671,0.711,0.0257
303,2.7587,0.1015,0.603,-0.363,3.95,3.9457315234822263,691,0.737,0.0282
304,2.3921,0.0867,0.564,-0.2817,3.4,3.40245348083426,573,0.707,0.023
305,2.7976,0.103,0.635,-0.2616,4.0,3.9969510532886328,700,0.714,0.0248
306,3.6261,0.1306,0.718,-0.3976,5.0,5.004090567167196,729,0.705,0.0233
307,2.5247,0.0923,0.562,-0.3384,3.61,3.6061743268124924,648,0.711,0.0249
308,2.6781,0.0984,0.56,-0.4207,3.83,3.8314939167781614,683,0.684,0.0231
309,2.9944,0.1102,0.617,-0.3418,4.26,4.259354796993889,720,0.711,0.0229
310,2.742,0.1009,0.636,-0.3428,3.93,3.9348125405439913,591,0.695,0.0235
311,1.6851,0.051,0.345,-0.4335,2.03,2.0306944142804593,656,0.669,0.0221
312,2.7624,0.1017,0.605,-0.3534,3.96,3.955202192082467,699,0.695,0.0229
313,2.3596,0.0853,0.5,-0.4164,3.33,3.333505436178325,705,0.726,0.0238
314,2.101,0.0733,0.442,-0.4073,2.89,2.8869312022012257,697,0.704,0.0228
315,2.0402,0.0703,0.46,-0.4273,2.78,2.7772107039075147,644,0.679,0.0223
316,2.8044,0.1033,0.653,-0.3949,4.02,4.0181558981146255,600,0.742,0.0272
317,3.4043,0.1238,0.688,-0.3973,4.76,4.76332654356673,702,0.726,0.0237
318,2.8373,0.1045,0.603,-0.3188,4.06,4.056394764088484,708,0.695,0.0227
319,2.1176,0.0741,0.489,-0.4189,2.92,2.9245560195887,571,0.722,0.0241
320,2.3293,0.0839,0.493,-0.382,3.29,3.2892470878120292,680,0.674,0.0216
321,3.5004,0.1268,0.704,-0.367,4.87,4.8740868302955676,665,0.716,0.026
322,2.513,0.0918,0.57,-0.2983,3.59,3.585728150926154,646,0.704,0.022
323,1.1678,0.0149,0.172,-0.3537,0.6,0.6037587265650902,641,0.69,0.0202
324,3.6541,0.1315,0.808,-0.2543,5.05,5.046883201242601,624,0.724,0.0243
325,2.4853,0.0906,0.514,-0.5095,3.54,3.5410871172656955,684,0.705,0.0258
326,2.1245,0.0745,0.49,-0.2963,2.94,2.9362377644767053,635,0.701,0.023
327,2.0015,0.0684,0.455,-0.3595,2.7,2.7038621816249853,623,0.709,0.0221
328,2.3443,0.0846,0.601,-0.3197,3.32,3.324969393656113,532,0.688,0.0234
329,4.1622,0.1456,0.791,-0.4013,5.53,5.534192908138469,740,0.72,0.0229
330,2.1534,0.0758,0.483,-0.3743,2.99,2.9890152722511654,605,0.698,0.023
331,2.2424,0.08,0.516,-0.3247,3.14,3.144155299914081,635,0.699,0.0231
332,3.2085,0.1175,0.67,-0.3552,4.53,4.534905497118097,661,0.72,0.0246
333,2.2429,0.08,0.506,-0.3248,3.14,3.1430641353060675,640,0.698,0.0231
334,2.0041,0.0685,0.445,-0.3971,2.71,2.7057041061822753,671,0.703,0.0224
335,3.2151,0.1177,0.655,-0.4304,4.54,4.541506989111916,665,0.725,0.0246
336,3.7626,0.1346,0.74,-0.3294,5.15,5.148214568710719,711,0.703,0.0234
337,2.7974,0.103,0.626,-0.283,4.0,3.9960616415746446,714,0.711,0.0217
338,1.962,0.0663,0.479,-0.3241,2.63,2.6255782960297545,579,0.729,0.0238
339,1.8205,0.0588,0.402,-0.4392,2.34,2.3398303084153476,541,0.704,0.0227
340,2.2234,0.0791,0.509,-0.3302,3.11,3.112796786130712,646,0.709,0.0231
341,3.2204,0.1179,0.748,-0.281,4.55,4.551107778007467,610,0.731,0.0256
342,2.7302,0.1005,0.658,-0.2741,3.91,3.9098373504959265,601,0.717,0.0231
343,2.4175,0.0878,0.512,-0.4956,3.43,3.4320639406783937,678,0.69,0.0231
344,1.7124,0.0526,0.391,-0.4104,2.1,2.103033412755415,535,0.68,0.0204
345,1.5167,0.0405,0.315,-0.3413,1.62,1.6242871933283844,565,0.687,0.0202
346,1.8411,0.0599,0.418,-0.3521,2.38,2.3814096070589823,587,0.704,0.0231
347,2.531,0.0925,0.541,-0.4224,3.61,3.609911817518897,706,0.711,0.0238
348,2.7173,0.1,0.633,-0.3731,3.9,3.896027023089638,578,0.708,0.0249
349,1.9499,0.0657,0.409,-0.4334,2.6,2.5994858156310574,692,0.695,0.02
350,2.4911,0.0909,0.561,-0.3065,3.55,3.5513778492725865,680,0.706,0.0225
351,3.9027,0.1386,0.765,-0.339,5.29,5.285321567490169,740,0.716,0.0247
352,2.9993,0.1104,0.641,-0.3839,4.27,4.2685831248868125,675,0.717,0.0232
353,2.9617,0.109,0.674,-0.2974,4.23,4.227053433058366,660,0.718,0.0232
354,3.8153,0.1361,0.73,-0.3566,5.2,5.2033170780390225,734,0.732,0.0261
355,2.5982,0.0953,0.549,-0.3675,3.72,3.7174466740074057,660,0.689,0.0225
356,2.8244,0.104,0.61,-0.4087,4.03,4.031684126315455,706,0.69,0.0213
357,2.5732,0.0943,0.539,-0.4097,3.67,3.6729519260261068,718,0.705,0.0246
358,3.4399,0.125,0.668,-0.4003,4.8,4.801398750007843,732,0.706,0.0236
359,2.4222,0.088,0.551,-0.3076,3.44,3.4435722237811635,638,0.688,0.0217
360,2.0253,0.0696,0.487,-0.2414,2.76,2.755227384763573,568,0.708,0.0229
361,2.3095,0.083,0.503,-0.3311,3.26,3.256369950185323,684,0.699,0.0233
362,1.9581,0.0661,0.469,-0.4116,2.62,2.62162741307807,579,0.708,0.0233
363,2.0911,0.0728,0.44,-0.4347,2.87,2.8698673488507467,670,0.681,0.0233
364,2.3453,0.0846,0.548,-0.3286,3.32,3.3216791494175903,634,0.697,0.0249
365,2.9057,0.107,0.653,-0.3338,4.15,4.151455669514008,655,0.715,0.0229
366,4.0439,0.1424,0.776,-0.3086,5.43,5.425601226945977,730,0.705,0.0238
367,2.3224,0.0836,0.513,-0.3755,3.28,3.2835625145783056,630,0.7,0.0238
368,2.2661,0.0811,0.51,-0.4333,3.18,3.1815007307731915,663,0.713,0.0232
369,2.6644,0.0979,0.554,-0.4385,3.81,3.809372179246117,703,0.707,0.0229
370,4.2514,0.1479,0.908,-0.3142,5.64,5.6369896808879005,648,0.719,0.0269
371,2.236,0.0797,0.483,-0.3972,3.13,3.131576620044326,679,0.685,0.0223
372,2.6003,0.0954,0.56,-0.4294,3.71,3.7126710790072472,715,0.706,0.023
373,2.5371,0.0928,0.632,-0.2841,3.63,3.627563182770318,606,0.715,0.0246
374,2.8263,0.1041,0.684,-0.2584,4.04,4.041284378138227,632,0.718,0.0227
375,2.2369,0.0798,0.518,-0.3758,3.14,3.1396352721446243,627,0.711,0.0253
376,2.7352,0.1007,0.623,-0.3372,3.91,3.9099390898464006,680,0.721,0.0235
377,2.7574,0.1015,0.589,-0.3992,3.94,3.9406479291018055,725,0.717,0.0233
378,2.1983,0.078,0.48,-0.3922,3.06,3.0649456962528663,699,0.698,0.0253
379,3.5833,0.1293,0.738,-0.3372,4.97,4.967216758662563,653,0.709,0.0254
380,1.7306,0.0537,0.367,-0.3841,2.14,2.140425395732739,576,0.677,0.0219
381,3.9536,0.14,0.744,-0.4124,5.35,5.347469321593666,700,0.701,0.0237
382,2.3103,0.0831,0.512,-0.43,3.26,3.2613491802697943,646,0.692,0.0233
383,2.4782,0.0903,0.553,-0.3621,3.53,3.528718920580486,660,0.691,0.0223
384,2.9395,0.1082,0.622,-0.3241,4.2,4.195684681940313,689,0.704,0.022
385,2.6735,0.0983,0.643,-0.2456,3.83,3.8283034205602813,655,0.728,0.0247
386,2.8404,0.1046,0.613,-0.4576,4.06,4.063654730433537,662,0.705,0.0237
387,1.9456,0.0655,0.417,-0.3975,2.59,2.5851992282157763,701,0.702,0.0229
388,2.403,0.0872,0.507,-0.296,3.41,3.4073872036224313,700,0.689,0.0216
389,1.6503,0.0489,0.337,-0.4378,1.95,1.9469933578576222,684,0.693,0.0224
390,3.6322,0.1308,0.678,-0.4798,5.0,5.001891363219936,750,0.709,0.0245
391,3.0512,0.1122,0.625,-0.3554,4.34,4.339924079280158,666,0.712,0.0268
392,2.6477,0.0972,0.596,-0.3032,3.79,3.790932212385336,689,0.713,0.0229
393,3.0519,0.1122,0.641,-0.3908,4.33,4.331099513335468,723,0.69,0.0235
394,2.6915,0.099,0.656,-0.3194,3.86,3.859214895528967,585,0.715,0.0237
395,3.7363,0.1339,0.782,-0.2825,5.13,5.1253487720431785,694,0.719,0.0243
396,2.2244,0.0792,0.509,-0.3276,3.12,3.1158103635095284,630,0.71,0.0253
397,2.4593,0.0896,0.568,-0.3015,3.51,3.5056938797572936,644,0.7,0.0242
398,2.831,0.1043,0.622,-0.4117,4.05,4.048998446338651,667,0.702,0.0234
399,1.5113,0.0401,0.294,-0.4677,1.61,1.6064038396943723,687,0.675,0.0202
400,2.6309,0.0966,0.565,-0.4039,3.76,3.762882028068759,703,0.697,0.0231
401,2.9673,0.1092,0.664,-0.3139,4.23,4.230958494371015,649,0.724,0.0237
402,2.3536,0.085,0.495,-0.4428,3.33,3.3309658932317916,676,0.701,0.0254
403,2.4178,0.0878,0.512,-0.3546,3.43,3.431232534793497,704,0.697,0.0233
404,5.4188,0.1748,1.014,-0.2662,6.57,6.56748755096443,710,0.748,0.0264
405,2.8179,0.1038,0.641,-0.3111,4.03,4.030318336383755,682,0.699,0.0219
406,2.3135,0.0832,0.51,-0.4093,3.26,3.2625383534393437,690,0.72,0.0232
407,2.3058,0.0829,0.529,-0.3101,3.24,3.241675035145862,718,0.719,0.0238
408,2.6118,0.0958,0.553,-0.3808,3.73,3.7285796500052553,741,0.707,0.0209
409,2.783,0.1025,0.607,-0.4076,3.98,3.984023846195752,653,0.698,0.0246
410,1.8495,0.0604,0.471,-0.3474,2.4,2.404431900265958,508,0.713,0.0235
411,3.7491,0.1342,0.732,-0.3778,5.13,5.1295574157110275,733,0.735,0.0269
412,2.663,0.0978,0.558,-0.4221,3.81,3.8135454563036,682,0.704,0.0233
413,2.1388,0.0751,0.478,-0.3772,2.96,2.959087112600391,648,0.701,0.0253
414,3.6009,0.1299,0.711,-0.2938,4.98,4.984418039363573,691,0.715,0.0235
415,2.9396,0.1082,0.64,-0.3341,4.19,4.19172152668116,681,0.715,0.0237
416,2.5232,0.0922,0.587,-0.314,3.61,3.607794053429869,628,0.71,0.0231
417,1.7713,0.056,0.397,-0.3042,2.23,2.229248047928591,613,0.7,0.0229
418,2.8393,0.1046,0.632,-0.3452,4.06,4.064620391160014,652,0.71,0.0239
419,1.8778,0.0619,0.412,-0.3204,2.46,2.4560422411848597,622,0.698,0.0218
420,3.5324,0.1278,0.692,-0.3736,4.9,4.902943298437555,713,0.724,0.0235
421,1.5915,0.0453,0.324,-0.3413,1.81,1.8107189913753012,652,0.683,0.0217
422,2.3277,0.0839,0.579,-0.2258,3.29,3.293436710991896,592,0.694,0.0228
423,2.9382,0.1082,0.652,-0.3135,4.19,4.1927989806123875,665,0.713,0.0239
424,2.2321,0.0795,0.502,-0.3264,3.13,3.1269920178747173,635,0.706,0.0232
425,2.7303,0.1005,0.564,-0.4564,3.9,3.8998724244139216,711,0.717,0.0263
426,2.6479,0.0973,0.578,-0.3786,3.78,3.7841896522128624,702,0.688,0.0226
427,2.3986,0.087,0.522,-0.3682,3.4,3.401568671531665,674,0.709,0.0232
428,2.0923,0.0729,0.449,-0.3513,2.87,2.8728241309119538,683,0.7,0.0265
429,2.352,0.0849,0.509,-0.4731,3.33,3.3294519082377603,639,0.703,0.026
430,2.3773,0.086,0.51,-0.4498,3.36,3.3649147209533394,678,0.704,0.0243
431,3.9818,0.1408,0.789,-0.3165,5.37,5.372032037972084,720,0.708,0.0242
432,2.2306,0.0795,0.482,-0.4019,3.12,3.1190084200184556,724,0.692,0.0223
433,2.5526,0.0934,0.582,-0.3347,3.65,3.6463759957874995,649,0.71,0.0249
434,1.8066,0.058,0.417,-0.3978,2.3,2.302090159877622,599,0.691,0.0226
435,2.8285,0.1042,0.597,-0.3452,4.03,4.034340757168629,708,0.727,0.025
436,2.2635,0.081,0.52,-0.3383,3.18,3.178603836934613,672,0.702,0.0245
437,3.1618,0.116,0.728,-0.3058,4.48,4.480251461698647,654,0.709,0.0238
438,1.5781,0.0444,0.323,-0.348,1.78,1.7769621672935612,620,0.698,0.0238
439,2.9097,0.1072,0.589,-0.4363,4.15,4.15233890669474,699,0.71,0.0241
440,4.7333,0.1597,0.824,-0.3788,6.04,6.040395388814795,721,0.712,0.0252
441,2.7193,0.1,0.63,-0.2386,3.89,3.894782206522278,648,0.702,0.0236
442,1.6581,0.0494,0.383,-0.3488,1.97,1.9740254905554575,518,0.697,0.0209
443,2.0619,0.0714,0.504,-0.2785,2.83,2.825660906062136,561,0.701,0.0225
444,2.5528,0.0934,0.531,-0.4178,3.64,3.643633014836705,686,0.691,0.0234
445,2.888,0.1064,0.654,-0.3051,4.13,4.125138803524115,644,0.707,0.0248
446,3.5102,0.1271,0.814,-0.3358,4.89,4.893886140902202,632,0.729,0.0257
447,2.7568,0.1015,0.612,-0.3712,3.95,3.950295164000838,653,0.738,0.0252
448,1.5728,0.0441,0.345,-0.3592,1.77,1.7688884321251392,505,0.703,0.0238
449,2.0217,0.0694,0.451,-0.3735,2.74,2.7396641902164047,631,0.694,0.0235
450,3.3037,0.1206,0.665,-0.3766,4.64,4.642966609722021,732,0.712,0.0247
451,2.6627,0.0978,0.579,-0.3428,3.82,3.815345039141502,642,0.692,0.0212
452,2.6999,0.0993,0.611,-0.3385,3.87,3.86709776104662,637,0.721,0.0238
453,3.6349,0.1309,0.746,-0.3734,5.02,5.016680771968827,700,0.713,0.0229
454,3.2749,0.1197,0.658,-0.3692,4.6,4.603903754703822,738,0.721,0.0234
455,2.708,0.0996,0.592,-0.3243,3.87,3.870895227152273,693,0.713,0.0236
456,2.6104,0.0958,0.549,-0.3613,3.73,3.725388982495913,724,0.703,0.0231
457,3.7028,0.1329,0.769,-0.3118,5.09,5.093147546601222,653,0.714,0.0249
458,1.7634,0.0556,0.378,-0.4097,2.21,2.2137424390285836,591,0.665,0.0205
459,3.2821,0.1199,0.792,-0.2525,4.64,4.639615827561477,535,0.707,0.0235
460,2.9088,0.1071,0.61,-0.4547,4.16,4.1566228941792716,632,0.715,0.0237
461,2.8431,0.1047,0.598,-0.3676,4.06,4.0629037447083,701,0.718,0.0216
462,2.1398,0.0752,0.489,-0.4063,2.96,2.9574564793344544,659,0.684,0.0205
463,2.1734,0.0768,0.513,-0.3482,3.03,3.031440772952949,571,0.692,0.0243
464,3.4419,0.125,0.711,-0.3788,4.81,4.81222892551393,642,0.726,0.0242
465,2.2559,0.0806,0.5,-0.3599,3.16,3.1649444575126044,667,0.681,0.023
466,2.4924,0.0909,0.592,-0.2856,3.55,3.551312602182809,645,0.693,0.0236
467,3.0581,0.1124,0.63,-0.4241,4.35,4.350434799489645,670,0.706,0.0242
468,4.0089,0.1415,0.83,-0.2828,5.41,5.40951693477212,653,0.72,0.0238
469,2.1901,0.0776,0.499,-0.3528,3.06,3.0581671444868115,627,0.702,0.0238
470,3.0915,0.1136,0.608,-0.4594,4.39,4.388365936149581,707,0.7,0.0241
471,3.1481,0.1155,0.701,-0.3319,4.45,4.454592488284931,667,0.726,0.0265
472,2.4058,0.0873,0.59,-0.3509,3.42,3.4201757272434086,617,0.734,0.0238
473,2.3888,0.0865,0.525,-0.4147,3.39,3.392998349713546,659,0.704,0.0243
474,3.6056,0.13,0.837,-0.2373,5.01,5.0054660377618045,582,0.713,0.0255
475,3.7733,0.1349,0.759,-0.2747,5.15,5.153849434121078,739,0.69,0.0241
476,3.7636,0.1346,0.804,-0.3241,5.16,5.158519599911793,634,0.708,0.0254
477,3.4296,0.1246,0.68,-0.4017,4.79,4.793314292493922,706,0.683,0.023
478,3.7236,0.1335,0.785,-0.2676,5.12,5.1165034103886065,662,0.711,0.0234
479,5.694,0.1803,0.94,-0.3183,6.75,6.747676718806237,772,0.736,0.0232
480,2.3012,0.0827,0.483,-0.4361,3.24,3.237467436190172,723,0.722,0.0229
481,1.801,0.0577,0.406,-0.4279,2.3,2.300144257607948,526,0.694,0.0238
482,3.1178,0.1145,0.697,-0.3164,4.43,4.432368022632765,622,0.722,0.023
483,3.0173,0.111,0.662,-0.2779,4.29,4.287844990904258,690,0.71,0.0238
484,2.5013,0.0913,0.572,-0.3517,3.57,3.5697124155226425,645,0.722,0.0248
485,1.6824,0.0508,0.389,-0.3471,2.03,2.032792337809156,555,0.69,0.0232
486,2.1322,0.0748,0.438,-0.4892,2.94,2.943462086164209,704,0.682,0.0215
487,2.6968,0.0992,0.637,-0.3511,3.87,3.8702476058086024,591,0.704,0.0238
488,2.4499,0.0892,0.573,-0.2387,3.5,3.4967624319887594,602,0.699,0.0242
489,3.5054,0.127,0.76,-0.333,4.88,4.88034227857623,653,0.726,0.0245
490,2.1225,0.0744,0.513,-0.3354,2.94,2.9379107741335826,579,0.689,0.025
491,2.9794,0.1097,0.618,-0.4592,4.24,4.240040875809372,708,0.699,0.0244
492,2.8136,0.1036,0.616,-0.2601,4.03,4.025257475838625,649,0.689,0.0231
493,3.0867,0.1134,0.643,-0.3917,4.38,4.375081647071802,746,0.725,0.0264
494,1.8014,0.0577,0.417,-0.2863,2.3,2.2957623172490633,570,0.693,0.0239
495,1.8288,0.0592,0.382,-0.4069,2.35,2.3496946149983957,662,0.68,0.0214
496,2.1395,0.0752,0.463,-0.4299,2.96,2.9626771257030526,624,0.699,0.0233
497,2.737,0.1007,0.631,-0.3486,3.92,3.9203679827791205,597,0.732,0.0272
498,3.3629,0.1225,0.668,-0.3904,4.71,4.711700650362602,727,0.71,0.0247
499,4.064,0.143,0.829,-0.3038,5.45,5.449732812210141,702,0.731,0.0239
500,2.5203,0.0921,0.533,-0.4057,3.59,3.594600181131689,715,0.709,0.0248
501,2.3152,0.0833,0.536,-0.3272,3.27,3.267466889309345,667,0.685,0.0231
502,1.7988,0.0576,0.396,-0.3912,2.29,2.287388578142432,633,0.703,0.0231
503,1.7337,0.0538,0.361,-0.4256,2.14,2.1387876458305826,702,0.675,0.0205
504,2.7863,0.1026,0.599,-0.3753,3.99,3.989891220376863,662,0.715,0.0234
505,5.0642,0.1672,0.849,-0.4026,6.3,6.302216830124043,715,0.701,0.0233
506,1.8584,0.0608,0.393,-0.4097,2.41,2.4113026564201636,692,0.705,0.0215
507,1.7937,0.0573,0.368,-0.5182,2.27,2.2728464995276254,687,0.713,0.0227
508,4.1091,0.1442,0.768,-0.3672,5.49,5.490935349337429,719,0.747,0.0264
509,2.6574,0.0976,0.537,-0.4834,3.79,3.7913624720784425,723,0.698,0.0235
510,3.6131,0.1302,0.708,-0.3926,5.0,4.995619330751659,706,0.708,0.0246
511,4.1677,0.1457,0.852,-0.2625,5.54,5.5419169984015335,686,0.722,0.0258
512,3.2194,0.1179,0.722,-0.2843,4.55,4.55437183891441,630,0.703,0.0239
513,2.0,0.0683,0.457,-0.336,2.7,2.7002732727883805,598,0.687,0.0212
514,2.0752,0.0721,0.495,-0.3177,2.85,2.849078149358579,562,0.658,0.0193
515,3.5213,0.1275,0.752,-0.3656,4.9,4.896692064797019,677,0.725,0.0254
516,1.9825,0.0674,0.414,-0.4304,2.66,2.6634998127736225,683,0.685,0.0237
517,3.2309,0.1183,0.682,-0.3353,4.56,4.560743635417121,697,0.717,0.025
518,1.8262,0.0591,0.388,-0.3198,2.34,2.344304681457804,656,0.666,0.0205
519,3.1622,0.116,0.67,-0.3908,4.48,4.480014740384546,639,0.709,0.0242
520,2.7225,0.1002,0.571,-0.3587,3.89,3.893165893137001,713,0.7,0.0246
521,2.2263,0.0793,0.473,-0.4196,3.11,3.11057727151716,710,0.704,0.0252
522,3.1762,0.1164,0.657,-0.3585,4.49,4.49402330523592,694,0.703,0.0226
523,3.5086,0.1271,0.678,-0.35,4.88,4.879788410376635,703,0.691,0.0249
524,2.2879,0.0821,0.534,-0.3542,3.23,3.226028296581382,603,0.68,0.0203
525,2.8838,0.1062,0.578,-0.4689,4.12,4.116240278263429,697,0.729,0.0264
526,2.6834,0.0986,0.582,-0.4395,3.83,3.834792421485762,712,0.706,0.0257
527,3.2593,0.1192,0.648,-0.483,4.59,4.591036974719667,707,0.709,0.0238
528,3.4332,0.1248,0.69,-0.34,4.8,4.798650520068464,714,0.727,0.0235
529,3.67,0.1319,0.695,-0.3749,5.05,5.050283578956924,719,0.701,0.0249
530,2.5476,0.0932,0.566,-0.3522,3.63,3.6342320560561854,682,0.696,0.0229
531,1.8643,0.0612,0.392,-0.4039,2.42,2.4226029339309796,694,0.705,0.0231
532,2.2637,0.081,0.515,-0.3495,3.18,3.179511081130888,664,0.703,0.0238
533,3.1289,0.1148,0.646,-0.3943,4.43,4.434774450590374,706,0.721,0.0238
534,1.8107,0.0582,0.411,-0.332,2.31,2.313613681126583,590,0.69,0.0228
535,3.2559,0.1191,0.698,-0.3268,4.6,4.598793236388612,666,0.715,0.0233
536,2.2668,0.0811,0.518,-0.27,3.18,3.1820233389884858,662,0.701,0.0227
537,1.6532,0.0491,0.339,-0.4966,1.95,1.9531673941742522,696,0.694,0.0212
538,2.2209,0.079,0.535,-0.3019,3.11,3.109825014584641,603,0.715,0.0231
539,2.4439,0.0889,0.572,-0.2903,3.48,3.4822510689356245,641,0.705,0.0252
540,2.5377,0.0928,0.573,-0.3481,3.62,3.624762826587878,648,0.698,0.0223
541,3.2629,0.1193,0.758,-0.2803,4.61,4.612598646673684,603,0.733,0.0262
542,3.2856,0.1201,0.677,-0.3297,4.62,4.62016884020683,709,0.685,0.024
543,4.5623,0.1557,0.848,-0.2801,5.9,5.897714207547655,717,0.715,0.0238
544,3.337,0.1217,0.768,-0.2967,4.7,4.698265597611618,575,0.718,0.0238
545,3.0926,0.1136,0.647,-0.3579,4.38,4.38229338930946,717,0.709,0.0238
546,2.4418,0.0888,0.587,-0.3187,3.48,3.478449409945587,593,0.693,0.0213
547,4.5969,0.1565,0.822,-0.314,5.93,5.927741883762268,701,0.728,0.0248
548,2.0763,0.0721,0.461,-0.3912,2.85,2.8460332302781346,632,0.699,0.0229
549,2.9577,0.1089,0.694,-0.3088,4.22,4.21838039200512,642,0.726,0.0238
550,3.2539,0.119,0.678,-0.3288,4.59,4.587343598918339,689,0.694,0.0231
551,2.9315,0.1079,0.582,-0.4943,4.17,4.174662001290505,742,0.729,0.0257
552,1.9898,0.0678,0.459,-0.3154,2.68,2.679687227068197,641,0.686,0.0204
553,2.3414,0.0845,0.521,-0.4056,3.31,3.3104071612993513,631,0.735,0.0264
554,3.0403,0.1118,0.618,-0.4631,4.32,4.318252331892983,710,0.713,0.0245
555,2.439,0.0887,0.555,-0.318,3.47,3.47099406034852,660,0.698,0.0217
556,1.9936,0.068,0.444,-0.3455,2.69,2.6860949699775736,645,0.698,0.0214
557,2.2001,0.078,0.479,-0.4196,3.06,3.0632042841734926,718,0.701,0.0224
558,2.4193,0.0879,0.559,-0.354,3.44,3.4420338213139074,599,0.698,0.0219
559,3.0394,0.1118,0.614,-0.4372,4.32,4.318446451839367,709,0.722,0.0231
560,2.9641,0.1091,0.684,-0.3016,4.23,4.229436827810056,642,0.696,0.0243
561,5.0337,0.1665,0.838,-0.3823,6.27,6.265631925399485,770,0.738,0.027
562,3.0616,0.1125,0.697,-0.3431,4.36,4.355032086934597,635,0.717,0.0231
563,2.7812,0.1024,0.613,-0.2695,3.98,3.9758018967551423,696,0.72,0.0238
564,1.7247,0.0533,0.367,-0.338,2.12,2.124603610171245,627,0.676,0.0204
565,2.3224,0.0836,0.529,-0.2609,3.28,3.2822829256503185,653,0.686,0.0216
566,2.1821,0.0772,0.446,-0.4716,3.03,3.0316895499076826,698,0.698,0.0233
567,2.7471,0.1011,0.617,-0.3563,3.93,3.932913644612257,645,0.715,0.0248
568,1.863,0.0611,0.392,-0.4214,2.42,2.422921873869697,646,0.695,0.0249
569,2.7303,0.1005,0.574,-0.4187,3.9,3.904481361456038,689,0.684,0.023
570,2.1396,0.0752,0.512,-0.3211,2.97,2.965223037773647,559,0.664,0.021
571,1.8075,0.058,0.425,-0.3006,2.31,2.312201977357147,562,0.703,0.0214
572,1.4711,0.0375,0.28,-0.4134,1.5,1.501413243625029,670,0.688,0.0238
573,2.311,0.0831,0.53,-0.3364,3.26,3.2595611211099333,655,0.69,0.0251
574,2.2245,0.0792,0.502,-0.3865,3.11,3.1101693953216967,650,0.697,0.0232
575,4.4173,0.1521,0.801,-0.3537,5.76,5.763235929660089,753,0.72,0.0235
576,2.1779,0.077,0.47,-0.4282,3.03,3.033033991672746,639,0.703,0.0232
577,2.2737,0.0814,0.514,-0.3419,3.2,3.198018513724219,669,0.704,0.0235
578,2.6757,0.0983,0.557,-0.3672,3.83,3.8259316131349697,710,0.69,0.022
579,3.048,0.1121,0.672,-0.3611,4.34,4.3367304570978185,645,0.681,0.0224
580,2.2242,0.0792,0.474,-0.4222,3.11,3.1066764354974996,701,0.699,0.0221
581,1.8226,0.0589,0.396,-0.3474,2.34,2.3395178124011715,616,0.705,0.0237
582,1.845,0.0601,0.42,-0.3487,2.39,2.3868937002925135,613,0.692,0.0213
583,1.9182,0.0641,0.454,-0.3013,2.54,2.5424325501934297,553,0.691,0.0201
584,2.7544,0.1014,0.591,-0.385,3.94,3.9376010325829913,705,0.718,0.0247
585,2.5447,0.0931,0.603,-0.3475,3.64,3.640837906343532,574,0.718,0.0248
586,3.2416,0.1186,0.7,-0.3271,4.58,4.57507104031154,678,0.708,0.0231
587,2.2264,0.0793,0.497,-0.3291,3.12,3.1187480893767376,642,0.69,0.0235
588,2.508,0.0916,0.549,-0.3775,3.57,3.5716781810068245,712,0.697,0.0233
589,2.4545,0.0894,0.546,-0.3928,3.49,3.49471684034501,665,0.701,0.0237
590,3.53,0.1277,0.722,-0.3837,4.91,4.908734810144499,647,0.728,0.0232
591,2.5517,0.0934,0.542,-0.3907,3.64,3.640572567889237,714,0.707,0.0237
592,1.6203,0.0471,0.335,-0.385,1.88,1.8820901087543844,617,0.686,0.0235
593,2.4509,0.0892,0.558,-0.3525,3.49,3.4891726763915774,650,0.702,0.0248
594,2.0562,0.0711,0.461,-0.3373,2.81,2.8083234021261836,616,0.716,0.0256
595,2.3845,0.0864,0.507,-0.4013,3.38,3.379451665953871,711,0.702,0.0233
596,3.3856,0.1233,0.674,-0.3983,4.74,4.737300203482144,725,0.732,0.025
597,2.7786,0.1023,0.653,-0.302,3.97,3.9747661267409446,625,0.72,0.0246
598,2.2925,0.0823,0.549,-0.3048,3.23,3.2308537196964973,639,0.72,0.0222
599,2.9085,0.1071,0.615,-0.3001,4.15,4.14626226464277,722,0.724,0.0243
600,2.6826,0.0986,0.601,-0.3306,3.84,3.8379747849889068,629,0.695,0.0217
601,2.4912,0.0909,0.555,-0.3253,3.55,3.550062522696793,693,0.691,0.0235
602,2.0171,0.0692,0.464,-0.2944,2.73,2.7335384207128772,638,0.696,0.0216
603,2.0599,0.0713,0.468,-0.4355,2.82,2.816856339991662,599,0.699,0.0237
604,2.6608,0.0978,0.57,-0.3191,3.81,3.8055272679778565,711,0.691,0.0203
605,3.1641,0.116,0.7,-0.322,4.48,4.480742995366595,652,0.702,0.0233
606,4.5106,0.1544,0.815,-0.3652,5.85,5.853589300928065,743,0.729,0.0244
607,2.602,0.0954,0.589,-0.2976,3.72,3.7221004770012516,635,0.701,0.0248
608,2.9799,0.1097,0.632,-0.3553,4.24,4.244961922766577,687,0.681,0.0235
609,1.673,0.0503,0.399,-0.3357,2.01,2.0129519485292247,508,0.687,0.0199
610,2.5599,0.0937,0.585,-0.3563,3.66,3.6608609036457245,630,0.714,0.0264
611,2.8102,0.1035,0.647,-0.3529,4.03,4.027976060831729,575,0.699,0.0221
612,3.2747,0.1197,0.67,-0.3491,4.61,4.6115341686637406,696,0.71,0.025
613,1.3961,0.0323,0.265,-0.3681,1.3,1.300541244411585,638,0.688,0.022
614,3.5816,0.1293,0.76,-0.3328,4.97,4.969841059593456,641,0.716,0.0256
615,2.0051,0.0686,0.435,-0.4201,2.71,2.709842520205805,639,0.676,0.0235
616,2.6307,0.0966,0.549,-0.4448,3.76,3.756827671233005,713,0.711,0.0249
617,2.2065,0.0783,0.568,-0.2561,3.09,3.09165038802783,544,0.691,0.021
618,3.0003,0.1104,0.672,-0.3092,4.28,4.278032497053882,644,0.716,0.0238
619,3.7337,0.1338,0.706,-0.42,5.11,5.114536100035455,746,0.728,0.0254
620,3.6237,0.1306,0.744,-0.3579,5.02,5.020020548779918,633,0.741,0.032
621,2.378,0.0861,0.558,-0.4284,3.38,3.3758102903154703,614,0.741,0.0254
622,3.3892,0.1234,0.678,-0.408,4.74,4.743266662647944,708,0.703,0.0257
623,2.4102,0.0875,0.556,-0.287,3.42,3.420205414320305,653,0.727,0.0237
624,2.9037,0.1069,0.646,-0.3118,4.15,4.146230190292577,656,0.71,0.0231
625,3.7964,0.1356,0.717,-0.3629,5.19,5.186815360115879,682,0.713,0.0244
626,2.73,0.1004,0.581,-0.3836,3.9,3.9030132821007024,729,0.706,0.0222
627,2.7254,0.1003,0.617,-0.3713,3.91,3.910241114172227,643,0.703,0.0239
628,2.58,0.0945,0.547,-0.4748,3.69,3.6865003453413254,694,0.673,0.0225
629,3.627,0.1307,0.715,-0.36,5.01,5.009189391949301,730,0.711,0.0238
630,1.7898,0.0571,0.377,-0.4657,2.27,2.2673572681020793,636,0.704,0.0229
631,2.6016,0.0954,0.643,-0.2901,3.72,3.722541666873007,598,0.701,0.0213
632,1.6393,0.0482,0.35,-0.3556,1.93,1.9258052186779386,637,0.683,0.0211
633,2.0894,0.0728,0.48,-0.3158,2.87,2.870533873373834,628,0.689,0.0231
634,3.1042,0.114,0.688,-0.2839,4.41,4.412437876455147,630,0.722,0.0245
635,2.1634,0.0763,0.481,-0.4472,3.01,3.0065794485664497,615,0.678,0.0215
636,3.3671,0.1227,0.687,-0.3924,4.71,4.711860269951806,746,0.705,0.0224
637,2.1432,0.0754,0.479,-0.4367,2.97,2.966193739781653,662,0.71,0.0237
638,2.102,0.0734,0.496,-0.3024,2.9,2.8952446833319008,560,0.693,0.0249
639,2.8108,0.1035,0.657,-0.3044,4.02,4.023359917788105,654,0.722,0.0249
640,2.0407,0.0703,0.471,-0.3449,2.78,2.7825525910718305,587,0.673,0.0218
641,2.8434,0.1047,0.605,-0.4137,4.07,4.070269164995295,641,0.713,0.0249
642,3.7026,0.1329,0.778,-0.3052,5.08,5.083985170103211,739,0.717,0.0235
643,2.3693,0.0857,0.542,-0.3003,3.36,3.360140498937635,621,0.712,0.0254
644,2.5123,0.0918,0.606,-0.2837,3.59,3.594695367428383,582,0.694,0.0239
645,2.855,0.1052,0.597,-0.3903,4.07,4.070880837633083,731,0.698,0.0196
646,2.1601,0.0762,0.482,-0.3648,3.0,2.999866648695427,628,0.696,0.0258
647,1.8964,0.0629,0.425,-0.368,2.49,2.4944108111963335,613,0.672,0.0212
648,1.7879,0.0569,0.413,-0.4383,2.27,2.269800528787615,549,0.692,0.0209
649,1.8362,0.0596,0.387,-0.3936,2.36,2.362180811877704,696,0.68,0.0213
650,2.1792,0.0771,0.497,-0.3513,3.04,3.035616529246741,620,0.708,0.0232
651,2.8148,0.1037,0.596,-0.3833,4.03,4.026345938150627,695,0.691,0.0229
652,2.5747,0.0943,0.564,-0.3184,3.68,3.6838618171241087,659,0.707,0.0231
653,3.3067,0.1207,0.665,-0.3529,4.65,4.64904005317532,722,0.712,0.0238
654,2.3136,0.0832,0.561,-0.2891,3.27,3.273368181912036,573,0.71,0.0237
655,2.408,0.0874,0.508,-0.3762,3.42,3.4164439412297165,698,0.702,0.0236
656,2.3302,0.084,0.52,-0.3963,3.29,3.2882738804204497,669,0.701,0.0241
657,3.6897,0.1325,0.714,-0.4438,5.07,5.0700762707088955,740,0.716,0.0246
658,2.489,0.0908,0.569,-0.4062,3.55,3.5548501512104576,623,0.708,0.0238
659,1.53,0.0414,0.312,-0.3876,1.65,1.654925565559568,638,0.691,0.0237
660,2.4151,0.0877,0.566,-0.3352,3.43,3.4330968905530836,651,0.722,0.0243
661,2.2754,0.0815,0.517,-0.278,3.19,3.1933148809325016,712,0.715,0.0246
662,3.1535,0.1157,0.671,-0.4371,4.47,4.47176523804579,650,0.725,0.0232
663,2.0285,0.0697,0.459,-0.3619,2.76,2.756765037497119,590,0.692,0.0224
664,1.8696,0.0615,0.379,-0.5142,2.43,2.434653964087893,678,0.696,0.0232
665,2.0388,0.0703,0.481,-0.344,2.78,2.778626052664816,591,0.702,0.0216
666,2.8099,0.1035,0.624,-0.3822,4.02,4.0223635783170995,644,0.702,0.0241
667,2.5643,0.0939,0.58,-0.3002,3.67,3.6693616319913884,623,0.713,0.0224
668,2.3824,0.0863,0.512,-0.4108,3.37,3.370941799884936,727,0.704,0.0221
669,2.6959,0.0991,0.571,-0.3466,3.85,3.8487876728027657,746,0.709,0.024
670,2.7546,0.1014,0.598,-0.2762,3.93,3.934005668728398,733,0.709,0.023
671,3.6326,0.1308,0.712,-0.4126,5.01,5.008356100102421,718,0.713,0.0247
672,2.3942,0.0868,0.599,-0.2748,3.4,3.400923547544741,603,0.728,0.0239
673,2.373,0.0859,0.52,-0.3762,3.36,3.364605689109417,692,0.691,0.0223
674,3.3684,0.1227,0.714,-0.328,4.72,4.7186983058623095,698,0.713,0.0261
675,2.4666,0.0899,0.52,-0.4543,3.52,3.5156461923712663,673,0.715,0.0237
676,2.2518,0.0804,0.491,-0.3801,3.16,3.157072361510557,675,0.698,0.0214
677,2.6474,0.0972,0.633,-0.3585,3.79,3.7937179954501814,585,0.723,0.0238
678,3.0625,0.1126,0.748,-0.3246,4.37,4.3661691902588,550,0.707,0.0233
679,3.2219,0.118,0.665,-0.3004,4.55,4.545899987305796,704,0.706,0.0251
680,2.4964,0.0911,0.606,-0.3123,3.57,3.571674254586113,573,0.712,0.0254
681,2.1008,0.0733,0.478,-0.3241,2.89,2.8898946694211647,643,0.697,0.0225
682,2.1149,0.074,0.459,-0.4161,2.91,2.9124190805016585,688,0.674,0.0208
683,3.3955,0.1236,0.687,-0.3062,4.74,4.74421579920757,732,0.712,0.0254
684,3.3876,0.1233,0.694,-0.3343,4.74,4.735016030189927,733,0.724,0.026
685,3.1436,0.1153,0.66,-0.404,4.45,4.4535848874693675,685,0.714,0.0219
686,2.0011,0.0684,0.434,-0.4412,2.7,2.7042362873659376,620,0.682,0.0206
687,3.2772,0.1198,0.665,-0.3556,4.61,4.608793494636027,737,0.725,0.0255
688,3.6046,0.13,0.681,-0.3803,4.98,4.9846362080344555,699,0.715,0.0231
689,3.924,0.1392,0.807,-0.2982,5.31,5.314159717659068,690,0.712,0.0245
690,2.9465,0.1085,0.654,-0.3,4.2,4.196885672176207,672,0.729,0.0238
691,3.0681,0.1128,0.777,-0.2429,4.38,4.375921908413751,574,0.706,0.0257
692,2.4557,0.0894,0.559,-0.3031,3.49,3.4862462432483254,707,0.734,0.0249
693,2.1574,0.076,0.565,-0.2269,3.0,3.0037335625889248,532,0.684,0.0216
694,3.0254,0.1113,0.653,-0.3516,4.31,4.306773703427218,673,0.709,0.0232
695,1.6397,0.0483,0.326,-0.475,1.92,1.923779012846492,677,0.69,0.0238
696,1.7695,0.0559,0.39,-0.3379,2.22,2.220910018037304,644,0.703,0.0216
697,2.5002,0.0913,0.559,-0.416,3.57,3.5738580216034133,595,0.721,0.0223
698,2.4727,0.0901,0.549,-0.3608,3.52,3.5225073280549553,648,0.719,0.0247
699,2.9795,0.1097,0.626,-0.3714,4.25,4.245279504015214,688,0.715,0.0237
700,2.1961,0.0779,0.517,-0.3259,3.06,3.0648438323963996,622,0.68,0.0222
701,1.8616,0.061,0.41,-0.3228,2.42,2.419214207819135,630,0.717,0.0243
702,2.5051,0.0915,0.558,-0.3287,3.58,3.5754429850654197,639,0.701,0.0251
703,2.6796,0.0985,0.589,-0.3545,3.84,3.8361343553535585,651,0.728,0.025
704,2.9015,0.1069,0.599,-0.4166,4.13,4.13460877697375,749,0.721,0.0244
705,3.1079,0.1141,0.673,-0.3176,4.41,4.410037656205146,673,0.709,0.0233
706,3.9037,0.1386,0.83,-0.2436,5.3,5.2959937505011485,665,0.696,0.0234
707,2.8804,0.1061,0.62,-0.33,4.11,4.111165746515966,709,0.708,0.0213
708,2.9702,0.1093,0.646,-0.381,4.23,4.233452833502975,700,0.734,0.0255
709,2.1334,0.0749,0.493,-0.3008,2.95,2.951239578863696,636,0.695,0.0235
710,3.9981,0.1412,0.799,-0.3506,5.4,5.397533740616584,657,0.735,0.0264
711,2.2802,0.0817,0.532,-0.2626,3.21,3.2072679362603242,681,0.708,0.022
712,3.5375,0.128,0.711,-0.3324,4.91,4.91302382069723,727,0.722,0.025
713,2.043,0.0705,0.464,-0.4278,2.78,2.7847513539482267,578,0.685,0.0223
714,2.9303,0.1079,0.628,-0.3296,4.18,4.175550309207457,716,0.705,0.0232
715,2.3747,0.0859,0.501,-0.4574,3.37,3.3674337447701506,647,0.675,0.0219
716,2.5939,0.0951,0.606,-0.2623,3.71,3.7102238814520367,654,0.691,0.0227
717,1.9706,0.0668,0.446,-0.3293,2.64,2.6413220556319157,642,0.704,0.0235
718,2.385,0.0864,0.522,-0.3897,3.38,3.3800477486157448,699,0.691,0.0179
719,2.3009,0.0827,0.512,-0.3558,3.24,3.239826766383261,708,0.715,0.0223
720,2.7107,0.0997,0.566,-0.4996,3.87,3.871268263296516,732,0.713,0.0261
721,2.5888,0.0949,0.568,-0.3041,3.7,3.696050285697754,710,0.679,0.0215
722,3.2213,0.1179,0.791,-0.2439,4.55,4.5546498135127065,612,0.693,0.0228
723,2.6867,0.0988,0.601,-0.3728,3.84,3.843077622076793,691,0.719,0.0222
724,2.5436,0.0931,0.54,-0.4475,3.63,3.6329859478637623,654,0.702,0.023
725,2.4987,0.0912,0.606,-0.2604,3.57,3.5673330954393045,594,0.689,0.0195
726,4.1125,0.1443,0.768,-0.4233,5.49,5.485658678988109,746,0.723,0.0247
727,3.692,0.1326,0.728,-0.3209,5.07,5.074276069159327,731,0.717,0.0238
728,4.1924,0.1464,0.773,-0.4093,5.57,5.572813054874525,708,0.72,0.0272
729,2.3368,0.0843,0.493,-0.4473,3.3,3.2972198433037145,703,0.71,0.0238
730,3.145,0.1154,0.652,-0.3913,4.46,4.45652160577614,687,0.705,0.0249
731,2.2779,0.0816,0.557,-0.2957,3.21,3.209250076088122,593,0.72,0.0235
732,3.4164,0.1242,0.75,-0.3492,4.78,4.777878579608497,692,0.734,0.0265
733,3.1622,0.116,0.661,-0.3448,4.47,4.46892072725904,706,0.708,0.0217
734,5.077,0.1675,0.941,-0.2483,6.32,6.321146842776622,671,0.735,0.025
735,3.057,0.1124,0.645,-0.3973,4.34,4.344773099612748,669,0.74,0.0259
736,2.0912,0.0728,0.451,-0.3892,2.87,2.870949929517165,668,0.708,0.0231
737,1.6895,0.0513,0.354,-0.4671,2.04,2.044469689013178,607,0.695,0.0219
738,2.1441,0.0754,0.48,-0.4197,2.97,2.9696559462281367,628,0.682,0.0207
739,2.6478,0.0972,0.581,-0.347,3.79,3.7908797166352377,641,0.711,0.0232
740,2.1199,0.0742,0.445,-0.4257,2.92,2.9196875304103456,722,0.691,0.0242
741,4.0,0.1413,0.812,-0.3214,5.4,5.403195673095276,615,0.746,0.0264
742,3.3596,0.1224,0.678,-0.4536,4.71,4.709212341349729,700,0.694,0.0231
743,3.044,0.1119,0.646,-0.308,4.33,4.327849888733808,697,0.716,0.0238
744,1.8339,0.0595,0.411,-0.3435,2.36,2.3629207276810296,642,0.702,0.0224
745,2.5767,0.0944,0.551,-0.3858,3.68,3.6847416388048773,640,0.713,0.0233
746,3.4037,0.1238,0.7,-0.3408,4.76,4.7606563516299865,709,0.718,0.0223
747,2.5048,0.0915,0.564,-0.3081,3.58,3.5758273037206907,665,0.701,0.0222
748,2.1386,0.0751,0.468,-0.4513,2.96,2.9618701217666845,622,0.701,0.0251
749,1.444,0.0356,0.281,-0.3293,1.43,1.4329595470331165,599,0.693,0.0238
750,2.365,0.0855,0.568,-0.3898,3.36,3.3616895181591278,580,0.724,0.0232
751,3.1994,0.1172,0.664,-0.3487,4.52,4.5153473662958925,710,0.708,0.0257
752,1.7896,0.057,0.394,-0.359,2.27,2.26773113479885,621,0.681,0.0233
753,2.3558,0.0851,0.528,-0.338,3.33,3.3313929101784523,661,0.703,0.0235
754,2.3198,0.0835,0.511,-0.4156,3.28,3.279232827626932,626,0.692,0.0233
755,2.2437,0.0801,0.562,-0.287,3.15,3.1522005527944272,589,0.72,0.0241
756,2.2054,0.0783,0.47,-0.4013,3.08,3.077170589576148,692,0.672,0.0226
757,2.3116,0.0831,0.495,-0.4365,3.26,3.2604301132040763,690,0.697,0.0222
758,3.0884,0.1135,0.639,-0.38,4.38,4.377190522896389,736,0.709,0.0237
759,2.5902,0.0949,0.606,-0.2651,3.7,3.700304064837865,659,0.718,0.0233
760,1.8345,0.0595,0.396,-0.4603,2.36,2.3633943915876645,617,0.687,0.0238
761,3.123,0.1146,0.637,-0.3575,4.43,4.434584468680046,625,0.73,0.0249
762,2.592,0.095,0.558,-0.4041,3.7,3.7020063877520886,714,0.703,0.0216
763,3.4769,0.1261,0.692,-0.4212,4.84,4.838803480511964,736,0.711,0.0238
764,2.9361,0.1081,0.628,-0.3124,4.18,4.18192233213374,741,0.709,0.0237
765,3.6197,0.1304,0.731,-0.3213,5.0,4.995333492289735,733,0.716,0.0253
766,4.6454,0.1576,0.921,-0.3023,5.97,5.9671460731525965,693,0.746,0.0259
767,1.8735,0.0617,0.418,-0.3394,2.44,2.441213672101949,661,0.697,0.0235
768,1.6172,0.0469,0.337,-0.4582,1.88,1.8757105235552982,600,0.68,0.0206
769,2.7562,0.1015,0.57,-0.4189,3.94,3.937445475874968,713,0.696,0.0216
770,2.2267,0.0793,0.471,-0.4325,3.11,3.108015203934857,712,0.69,0.0233
771,2.754,0.1014,0.579,-0.4062,3.93,3.934691326288343,712,0.718,0.0229
772,2.6213,0.0962,0.605,-0.321,3.76,3.7553469461786815,576,0.703,0.0235
773,2.5101,0.0917,0.532,-0.4415,3.58,3.579504553222182,680,0.693,0.0227
774,1.9651,0.0665,0.459,-0.2946,2.63,2.630985735340762,617,0.697,0.0225
775,2.4298,0.0883,0.513,-0.3699,3.45,3.451886632659615,703,0.694,0.0224
776,2.3045,0.0828,0.512,-0.36,3.25,3.2490761988932464,650,0.709,0.0255
777,2.4992,0.0912,0.646,-0.2472,3.57,3.5705127131709458,606,0.698,0.0206
778,3.2552,0.1191,0.745,-0.2704,4.59,4.592082079465589,629,0.709,0.025
779,2.9137,0.1073,0.611,-0.3544,4.16,4.155523181565987,732,0.71,0.023
780,3.0026,0.1105,0.679,-0.3253,4.28,4.277597429192811,660,0.721,0.0248
781,3.0984,0.1138,0.69,-0.3129,4.4,4.402505966677113,661,0.71,0.0249
782,3.1476,0.1155,0.638,-0.4587,4.46,4.455856576043062,733,0.729,0.0259
783,2.1832,0.0773,0.504,-0.3924,3.04,3.0401780661777082,642,0.684,0.0203
784,4.1615,0.1456,0.778,-0.4132,5.54,5.538850980213092,716,0.73,0.0265
785,2.9737,0.1095,0.653,-0.3716,4.24,4.244179119374519,643,0.709,0.026
786,1.4912,0.0388,0.296,-0.4694,1.56,1.5558779723088159,598,0.702,0.0234
787,2.1156,0.074,0.461,-0.4766,2.92,2.9212185263062898,626,0.698,0.0232
788,2.0693,0.0718,0.471,-0.4266,2.83,2.830248366289201,623,0.697,0.0231
789,2.4844,0.0906,0.536,-0.4205,3.54,3.5367080218546594,700,0.703,0.0213
790,2.743,0.1009,0.568,-0.3646,3.92,3.92214014368059,688,0.708,0.0248
791,2.8421,0.1047,0.596,-0.3525,4.06,4.056621967514899,720,0.704,0.0228
792,2.5362,0.0928,0.535,-0.342,3.62,3.6209138759824135,682,0.708,0.0245
793,2.6727,0.0982,0.608,-0.3493,3.83,3.830567225282142,640,0.697,0.0219
794,2.6143,0.0959,0.532,-0.4799,3.74,3.736219590941194,681,0.708,0.0251
795,2.246,0.0802,0.503,-0.2917,3.15,3.152145817249887,635,0.728,0.026
796,4.0873,0.1436,0.823,-0.3515,5.48,5.483709467317652,660,0.72,0.0254
797,3.1221,0.1146,0.7,-0.3197,4.44,4.435698342378063,638,0.708,0.0234
798,2.9941,0.1102,0.614,-0.4633,4.26,4.255983906415308,755,0.728,0.0245
799,2.4348,0.0885,0.571,-0.3472,3.46,3.463974795453695,625,0.677,0.0214
800,3.1684,0.1162,0.832,-0.2079,4.5,4.498274970514887,544,0.719,0.029
801,3.2559,0.1191,0.661,-0.3995,4.59,4.591958219408375,703,0.716,0.0259
802,3.2975,0.1204,0.67,-0.2977,4.64,4.636682291163908,698,0.711,0.0245
803,3.0552,0.1123,0.607,-0.3935,4.34,4.337548699133632,731,0.698,0.025
804,2.7481,0.1011,0.578,-0.3963,3.93,3.928740639591607,707,0.704,0.0255
805,1.7591,0.0553,0.377,-0.4017,2.2,2.1966897856302507,672,0.689,0.0206
806,3.0899,0.1135,0.675,-0.4214,4.38,4.384157174954417,689,0.721,0.0228
807,3.1603,0.1159,0.633,-0.4377,4.48,4.4766465283712895,671,0.687,0.0231
808,2.4399,0.0887,0.512,-0.4298,3.46,3.462051814773618,739,0.698,0.0224
809,2.8781,0.106,0.599,-0.4679,4.1,4.0990011716946295,760,0.716,0.0254
810,2.3185,0.0834,0.506,-0.4924,3.27,3.2745077794679083,646,0.698,0.0215
811,2.7897,0.1027,0.581,-0.4667,3.99,3.9885842949338084,715,0.712,0.0253
812,2.6966,0.0992,0.638,-0.2935,3.87,3.87084917478845,581,0.711,0.0222
813,3.117,0.1144,0.656,-0.3733,4.42,4.418583071502277,709,0.729,0.0263
814,2.6664,0.098,0.567,-0.406,3.8,3.8039276516251905,758,0.711,0.0231
815,2.3253,0.0837,0.478,-0.4717,3.28,3.2804968349122166,702,0.711,0.0249
816,1.8992,0.063,0.424,-0.3891,2.5,2.50173477532382,607,0.69,0.0231
817,1.5575,0.0431,0.31,-0.3714,1.72,1.724313341753027,674,0.682,0.0203
818,2.2561,0.0806,0.489,-0.4429,3.17,3.167949261166213,644,0.694,0.0214
819,1.7371,0.054,0.388,-0.3844,2.15,2.152812238614406,578,0.678,0.0208
820,3.1714,0.1163,0.718,-0.2784,4.5,4.49756236414228,626,0.716,0.0228
821,3.6835,0.1323,0.684,-0.5066,5.07,5.066857525170294,711,0.719,0.0253
822,2.6895,0.0989,0.565,-0.3309,3.85,3.848424209295575,694,0.7,0.0218
823,2.3297,0.0839,0.574,-0.2774,3.3,3.30204633636383,579,0.698,0.0233
824,2.8087,0.1034,0.581,-0.3679,4.01,4.013574067952843,733,0.708,0.0257
825,2.6419,0.097,0.585,-0.2815,3.78,3.7773588016964337,683,0.688,0.0233
826,2.6655,0.0979,0.573,-0.384,3.81,3.8099403815177717,656,0.724,0.0247
827,2.0371,0.0702,0.447,-0.4268,2.77,2.768419064811203,653,0.708,0.0231
828,2.4669,0.0899,0.572,-0.2968,3.51,3.5130834283919046,648,0.711,0.0259
829,3.593,0.1296,0.689,-0.4499,4.97,4.9663783247619975,728,0.718,0.0254
830,2.354,0.085,0.599,-0.2803,3.34,3.3434886625616604,570,0.716,0.0236
831,3.5271,0.1277,0.712,-0.4058,4.9,4.899849406875325,713,0.735,0.0264
832,3.0712,0.1129,0.679,-0.4009,4.37,4.3713022488123645,621,0.702,0.0218
833,2.5828,0.0947,0.565,-0.3486,3.69,3.6850578579627125,709,0.712,0.024
834,3.3021,0.1206,0.708,-0.341,4.65,4.647006462347345,669,0.72,0.0226
835,1.8669,0.0613,0.441,-0.3059,2.44,2.4386433032612542,558,0.676,0.021
836,3.3644,0.1226,0.66,-0.3939,4.71,4.712515503987884,703,0.701,0.0238
837,2.9834,0.1098,0.623,-0.5071,4.26,4.255163670930254,636,0.693,0.0237
838,2.2395,0.0799,0.513,-0.3512,3.14,3.143503472655993,634,0.696,0.0239
839,1.8695,0.0614,0.411,-0.3642,2.44,2.437885253962202,630,0.714,0.0231
840,4.2514,0.1479,0.803,-0.4138,5.63,5.628424775406832,690,0.738,0.0263
841,3.1627,0.116,0.651,-0.4171,4.48,4.47994863293213,668,0.72,0.0239
842,2.4188,0.0878,0.536,-0.3587,3.43,3.4346398556865223,657,0.689,0.0232
843,2.7303,0.1005,0.6,-0.3313,3.91,3.9065894772953,699,0.694,0.023
844,2.9444,0.1084,0.691,-0.3336,4.21,4.210829666416455,591,0.701,0.0259
845,1.8921,0.0627,0.398,-0.3904,2.48,2.4814222293366326,662,0.672,0.0209
846,1.4158,0.0337,0.269,-0.485,1.36,1.3556380238834393,602,0.691,0.0224
847,3.9273,0.1393,0.808,-0.2926,5.33,5.329245763011442,640,0.713,0.0235
848,2.8911,0.1065,0.653,-0.3284,4.13,4.128455887944075,672,0.71,0.0248
849,2.2435,0.0801,0.476,-0.4094,3.14,3.1415401656643365,701,0.703,0.0219
850,2.1842,0.0773,0.472,-0.4087,3.04,3.039491853038947,661,0.71,0.0224
851,2.2354,0.0797,0.473,-0.4434,3.13,3.131810546345721,667,0.699,0.0225
852,1.9602,0.0663,0.453,-0.3028,2.62,2.623568690396058,605,0.681,0.022
853,2.0485,0.0707,0.516,-0.2783,2.8,2.7977964571556284,584,0.704,0.0238
854,1.6683,0.05,0.369,-0.3601,2.0,1.9959466046758885,560,0.704,0.0229
855,2.5478,0.0932,0.559,-0.3626,3.65,3.645927029933174,621,0.705,0.0249
856,2.7447,0.101,0.623,-0.3542,3.93,3.932842630545778,633,0.7,0.0226
857,2.6525,0.0974,0.6,-0.3045,3.8,3.7991124784353114,642,0.698,0.0231
858,2.6697,0.0981,0.551,-0.4099,3.82,3.817056714730489,709,0.698,0.0247
859,2.1224,0.0744,0.472,-0.4216,2.93,2.930174999585883,631,0.693,0.0231
860,2.1897,0.0776,0.471,-0.3859,3.05,3.0483247147297314,678,0.696,0.0265
861,2.6149,0.0959,0.556,-0.3847,3.74,3.736209784264176,721,0.707,0.0224
862,2.8461,0.1048,0.641,-0.2816,4.07,4.0728693275352255,638,0.713,0.0252
863,2.6293,0.0965,0.561,-0.2864,3.76,3.7588078776613103,678,0.702,0.0256
864,2.5283,0.0924,0.529,-0.4565,3.61,3.606816726573909,675,0.716,0.0248
865,3.1393,0.1152,0.697,-0.3324,4.45,4.450154933928519,662,0.734,0.0282
866,2.4312,0.0884,0.552,-0.3344,3.45,3.4511896846890253,690,0.726,0.0246
867,1.6388,0.0482,0.361,-0.2873,1.93,1.9271135008799125,589,0.698,0.022
868,2.4612,0.0896,0.557,-0.3973,3.51,3.51081338612274,639,0.685,0.0233
869,3.3584,0.1224,0.778,-0.3112,4.71,4.712937656027929,637,0.717,0.0231
870,2.0545,0.071,0.491,-0.2584,2.8,2.804639556531168,593,0.673,0.0216
871,3.2656,0.1194,0.705,-0.3438,4.6,4.6005511335885965,635,0.699,0.0238
872,2.6212,0.0962,0.676,-0.3109,3.76,3.760863889944402,555,0.708,0.0209
873,2.6872,0.0988,0.567,-0.3844,3.85,3.8453613244733504,687,0.696,0.0238
874,1.8297,0.0593,0.405,-0.3593,2.35,2.352857842237859,637,0.688,0.0196
875,3.3203,0.1212,0.754,-0.3399,4.66,4.6649465775257335,685,0.747,0.0257
876,2.9294,0.1079,0.629,-0.3828,4.17,4.174982033726174,707,0.699,0.0231
877,2.6844,0.0987,0.619,-0.3402,3.84,3.8380644432153224,681,0.718,0.0232
878,1.7728,0.0561,0.363,-0.4019,2.23,2.2265481851101154,694,0.71,0.0233
879,1.7884,0.057,0.379,-0.4124,2.26,2.2637729496738985,651,0.702,0.022
880,2.9079,0.1071,0.688,-0.3882,4.16,4.16175310576361,605,0.711,0.0235
881,2.5751,0.0943,0.547,-0.3883,3.67,3.673885643738209,715,0.684,0.0237
882,2.1921,0.0777,0.502,-0.3383,3.06,3.0563200254419836,655,0.695,0.0233
883,3.3345,0.1216,0.718,-0.3598,4.69,4.686243655329876,659,0.73,0.0263
884,3.3483,0.1221,0.684,-0.3615,4.69,4.6931831890735864,729,0.726,0.0261
885,3.6106,0.1302,0.761,-0.3106,5.0,4.997597702942958,666,0.721,0.0236
886,2.2902,0.0822,0.548,-0.3041,3.23,3.2279640086641646,617,0.712,0.0243
887,2.8599,0.1053,0.628,-0.3647,4.09,4.089141623351699,683,0.712,0.0242
888,2.2817,0.0818,0.499,-0.3254,3.21,3.209782405372419,656,0.698,0.0238
889,3.3953,0.1236,0.672,-0.417,4.75,4.752870521235603,691,0.722,0.0264
890,3.4023,0.1238,0.67,-0.3926,4.76,4.762765628881573,690,0.703,0.025
891,4.7035,0.159,0.83,-0.3972,6.02,6.018000192258213,730,0.733,0.025
892,3.0328,0.1115,0.613,-0.4404,4.31,4.308020516533565,735,0.718,0.0244
893,2.0309,0.0699,0.499,-0.2171,2.77,2.766658859355818,566,0.698,0.022
894,2.7428,0.1009,0.608,-0.3583,3.93,3.9258981194433185,669,0.714,0.0252
895,1.9114,0.0637,0.42,-0.3662,2.52,2.5214608604683417,644,0.674,0.0213
896,2.6874,0.0988,0.621,-0.313,3.84,3.843777021049492,645,0.698,0.0238
897,2.351,0.0849,0.509,-0.3841,3.32,3.3168636396868845,738,0.72,0.0249
898,4.1643,0.1456,0.756,-0.3921,5.54,5.5417426180701215,738,0.729,0.0237
899,2.0975,0.0732,0.499,-0.3022,2.89,2.8880975703387337,598,0.704,0.0238
900,1.6567,0.0493,0.342,-0.4255,1.96,1.9638585829585578,654,0.697,0.0223
901,2.5592,0.0937,0.566,-0.3868,3.66,3.656872055202047,681,0.702,0.0238
902,4.7622,0.1604,0.837,-0.3624,6.06,6.0614501822541795,718,0.733,0.0267
903,2.8155,0.1037,0.589,-0.294,4.03,4.028903545306747,693,0.719,0.0249
904,2.8938,0.1066,0.751,-0.2745,4.15,4.154081581762227,522,0.703,0.0238
905,3.1781,0.1165,0.648,-0.3941,4.5,4.49596349893156,689,0.708,0.0259
906,2.0098,0.0688,0.431,-0.5258,2.72,2.718038633992497,675,0.707,0.0237
907,2.4063,0.0873,0.542,-0.3838,3.42,3.4214108478082124,637,0.713,0.0247
908,3.6223,0.1305,0.711,-0.3625,4.99,4.992058341748325,750,0.743,0.0256
909,2.2228,0.0791,0.488,-0.411,3.11,3.1069166188174218,672,0.708,0.0228
910,1.8778,0.0619,0.416,-0.4176,2.45,2.454210045007644,631,0.699,0.0238
911,2.7937,0.1029,0.565,-0.4551,4.0,3.995449439781166,708,0.713,0.0256
912,3.3444,0.1219,0.735,-0.2939,4.7,4.700405086046186,666,0.7,0.0278
913,1.7471,0.0546,0.377,-0.3798,2.18,2.1762936731380047,615,0.68,0.0216
914,3.7836,0.1352,0.779,-0.2618,5.17,5.172328757611707,692,0.707,0.0239
915,3.0902,0.1135,0.663,-0.3636,4.39,4.38953665464434,660,0.714,0.0256
916,3.566,0.1288,0.712,-0.3894,4.94,4.940551241651575,725,0.723,0.0221
917,1.9622,0.0664,0.416,-0.4081,2.62,2.6232732404190786,672,0.673,0.0217
918,2.3995,0.087,0.535,-0.3893,3.4,3.404200713311892,636,0.686,0.0208
919,3.1519,0.1156,0.662,-0.4188,4.47,4.471095837926715,651,0.722,0.0251
920,3.9663,0.1403,0.743,-0.4648,5.36,5.358722185866369,680,0.719,0.0246
921,3.5124,0.1272,0.753,-0.3842,4.9,4.898085016321455,615,0.72,0.0238
922,3.4041,0.1238,0.738,-0.3022,4.77,4.767160402570074,675,0.721,0.0238
923,3.0758,0.113,0.688,-0.3062,4.37,4.370888142173545,648,0.716,0.0243
924,2.3653,0.0855,0.494,-0.4387,3.35,3.3474221198136216,691,0.7,0.0243
925,3.6286,0.1307,0.761,-0.3643,5.02,5.020615717802328,647,0.725,0.0265
926,1.8521,0.0605,0.401,-0.3102,2.4,2.3981329244960072,679,0.695,0.0231
927,3.9952,0.1411,0.776,-0.4042,5.39,5.390545534426666,672,0.741,0.0244
928,2.196,0.0779,0.506,-0.3743,3.06,3.0636231675801793,638,0.702,0.0232
929,1.5386,0.0419,0.307,-0.3414,1.68,1.6764769148967007,676,0.655,0.0192
930,2.1787,0.077,0.47,-0.436,3.03,3.0250636226996614,716,0.689,0.0232
931,3.1479,0.1155,0.692,-0.2978,4.47,4.468241903881907,644,0.713,0.0246
932,2.0373,0.0702,0.434,-0.4432,2.77,2.7718194391039495,634,0.688,0.0223
933,2.474,0.0902,0.548,-0.3888,3.52,3.5195715555058724,676,0.703,0.0229
934,2.3036,0.0828,0.48,-0.4182,3.24,3.2422211965151675,710,0.694,0.0233
935,1.9921,0.0679,0.423,-0.4602,2.68,2.6794734616511238,686,0.685,0.0224
936,2.9583,0.1089,0.651,-0.3016,4.22,4.21899789812613,693,0.701,0.0233
937,3.5565,0.1285,0.738,-0.3658,4.93,4.930540607456434,685,0.728,0.0234
938,3.6482,0.1313,0.709,-0.3937,5.03,5.028297632742149,711,0.709,0.0253
939,2.6024,0.0954,0.729,-0.1536,3.74,3.738821423611845,526,0.705,0.0219
940,2.8106,0.1035,0.572,-0.4165,4.01,4.0149085533862285,735,0.712,0.0214
941,2.7983,0.103,0.579,-0.4547,4.0,3.995554249732931,736,0.708,0.0239
942,2.2977,0.0825,0.514,-0.3182,3.24,3.2362874487197524,667,0.678,0.0192
943,2.9091,0.1071,0.645,-0.3418,4.15,4.1539500297238865,670,0.707,0.0223
944,2.3628,0.0854,0.535,-0.4284,3.35,3.3466923286159864,647,0.679,0.0204
945,2.5542,0.0935,0.548,-0.3594,3.65,3.6451951139714445,716,0.698,0.0238
946,3.5988,0.1298,0.691,-0.3622,4.98,4.975681552081611,732,0.71,0.0244
947,2.0209,0.0694,0.451,-0.3725,2.74,2.7406010764937068,659,0.703,0.0249
948,2.3059,0.0829,0.487,-0.4443,3.24,3.244476551350826,722,0.709,0.0219
949,1.8585,0.0608,0.461,-0.3335,2.42,2.421748695149519,513,0.68,0.0224
950,1.6117,0.0465,0.337,-0.3744,1.86,1.855896839460096,653,0.706,0.0218
951,1.9761,0.0671,0.44,-0.3409,2.66,2.655590601138925,629,0.693,0.0232
952,2.0238,0.0695,0.445,-0.3896,2.74,2.7377962323578293,694,0.707,0.0239
953,1.7825,0.0566,0.41,-0.2983,2.26,2.2553612616194143,589,0.693,0.0226
954,1.9334,0.0649,0.43,-0.369,2.57,2.5663152888713867,639,0.703,0.0243
955,2.1007,0.0733,0.468,-0.3756,2.89,2.892579596241629,625,0.696,0.0232
956,2.2327,0.0796,0.502,-0.4046,3.13,3.1287071028366538,627,0.683,0.0211
957,1.9785,0.0672,0.417,-0.4482,2.65,2.6528467429190568,689,0.698,0.0219
958,2.1879,0.0775,0.535,-0.2643,3.06,3.0563717185226604,559,0.683,0.0213
959,2.478,0.0903,0.644,-0.2941,3.54,3.5397132055328675,535,0.71,0.025
960,3.4311,0.1247,0.761,-0.3226,4.81,4.807712526664844,607,0.731,0.0282
961,2.4967,0.0911,0.523,-0.4027,3.56,3.5573958842421884,677,0.694,0.0223
962,3.9422,0.1397,0.759,-0.403,5.32,5.324199475964822,743,0.732,0.0252
963,3.471,0.1259,0.68,-0.3756,4.84,4.835225494896623,710,0.715,0.027
964,1.8927,0.0627,0.412,-0.3812,2.49,2.49009874649258,572,0.673,0.0191
965,1.8913,0.0626,0.418,-0.3175,2.47,2.474136087583683,674,0.714,0.0241
966,3.6967,0.1327,0.805,-0.2514,5.09,5.090505762761758,630,0.713,0.0243
967,1.6508,0.0489,0.345,-0.3274,1.95,1.9501160699008728,670,0.691,0.0238
968,3.2001,0.1172,0.672,-0.3077,4.53,4.526843326330071,690,0.699,0.0248
969,2.4356,0.0885,0.534,-0.4109,3.47,3.4660236854789135,646,0.701,0.021
970,3.528,0.1277,0.676,-0.4546,4.89,4.89169469914251,749,0.714,0.0242
971,2.4389,0.0887,0.515,-0.4248,3.47,3.4650894487381487,706,0.701,0.0223
972,1.737,0.054,0.359,-0.4392,2.15,2.1464840201296616,683,0.713,0.0228
973,2.9816,0.1097,0.617,-0.4161,4.25,4.247063009585383,712,0.728,0.0232
974,2.6381,0.0969,0.598,-0.3827,3.77,3.772658278759968,672,0.704,0.0241
975,3.0888,0.1135,0.741,-0.2635,4.4,4.400080104776766,576,0.731,0.0227
976,2.9084,0.1071,0.731,-0.3171,4.16,4.159289613666244,585,0.703,0.0224
977,2.347,0.0847,0.495,-0.4169,3.32,3.3190397993391167,675,0.683,0.0234
978,2.6485,0.0973,0.551,-0.4612,3.79,3.7904826982633293,664,0.693,0.0241
979,3.0346,0.1116,0.696,-0.2768,4.32,4.317753920876248,672,0.719,0.0216
980,2.0565,0.0711,0.461,-0.3888,2.81,2.805322443189262,670,0.688,0.0216
981,2.1317,0.0748,0.495,-0.2724,2.95,2.9492347601650506,602,0.683,0.0197
982,2.8385,0.1045,0.635,-0.3956,4.06,4.064166726686116,635,0.698,0.0227
983,1.8767,0.0618,0.388,-0.4532,2.45,2.44760514654249,689,0.695,0.0225
984,3.2022,0.1173,0.707,-0.3665,4.53,4.534067019017514,622,0.714,0.0238
985,2.1292,0.0747,0.453,-0.4512,2.94,2.9357007091934975,703,0.696,0.023
986,3.0588,0.1124,0.627,-0.3852,4.34,4.343568591108869,732,0.706,0.0245
987,2.0472,0.0707,0.46,-0.3409,2.79,2.7927935442781866,633,0.692,0.0233
988,2.9591,0.1089,0.669,-0.3058,4.22,4.218029981737631,654,0.716,0.0233
989,3.1776,0.1165,0.704,-0.2993,4.5,4.497550920418958,682,0.717,0.0262
990,2.6257,0.0964,0.548,-0.4613,3.75,3.7505114802382873,728,0.707,0.0231
991,2.7753,0.1022,0.66,-0.3204,3.97,3.971400025072165,666,0.715,0.0238
992,3.398,0.1237,0.748,-0.3595,4.76,4.759898789821629,650,0.725,0.0238
993,2.3602,0.0853,0.487,-0.4241,3.34,3.3362709615782813,712,0.716,0.0263
994,2.619,0.0961,0.562,-0.3586,3.75,3.746341127318458,699,0.701,0.0238
995,3.6435,0.1311,0.681,-0.3759,5.03,5.0262664440490195,717,0.715,0.0278
996,2.1781,0.077,0.479,-0.2617,3.03,3.0265799552787667,680,0.679,0.0201
997,2.3819,0.0862,0.523,-0.4215,3.38,3.3798083325399264,652,0.71,0.025
998,2.2358,0.0797,0.559,-0.2671,3.14,3.1375441526532173,583,0.702,0.0219
999,2.6225,0.0962,0.554,-0.4067,3.74,3.744002186873297,729,0.693,0.0219
