n_slots,bench,seed,final_equity,wealth_x,cagr,sharpe,maxdd,oos_wealth_x,oos_cagr,oos_sharpe,oos_maxdd,pct_days_invested,avg_positions,trades,win_rate,med_trade_ret
5,0,0,229241.12,2.292,0.0867,0.493,-0.3208,0.824,-0.0474,-0.129,-0.3208,100.0,4.98,371,0.698,0.0226
5,0,1,468843.6,4.688,0.1675,0.824,-0.3178,1.346,0.0776,0.47,-0.2649,100.0,4.98,375,0.728,0.0233
5,0,2,193097.28,1.931,0.0682,0.417,-0.3983,0.91,-0.0235,-0.007,-0.3178,100.0,4.98,347,0.709,0.0197
5,0,3,136683.54,1.367,0.0318,0.252,-0.4606,0.832,-0.0451,-0.099,-0.4223,100.0,4.98,341,0.677,0.0194
5,0,4,207494.46,2.075,0.0759,0.451,-0.369,0.688,-0.0897,-0.373,-0.3681,100.0,4.98,332,0.687,0.0212
5,0,5,200834.14,2.008,0.0724,0.424,-0.4468,1.076,0.0185,0.192,-0.2441,100.0,4.98,382,0.702,0.0231
5,0,6,252696.59,2.527,0.0974,0.542,-0.3554,1.076,0.0186,0.192,-0.2289,100.0,4.98,362,0.702,0.0229
5,0,7,117358.36,1.174,0.0162,0.181,-0.4375,0.708,-0.0831,-0.333,-0.4262,100.0,4.98,376,0.665,0.0195
5,0,8,245889.62,2.459,0.0944,0.511,-0.3586,0.985,-0.0037,0.091,-0.3586,100.0,4.98,374,0.676,0.0212
5,0,9,194351.35,1.944,0.0689,0.41,-0.417,0.902,-0.0256,-0.018,-0.2833,100.0,4.97,377,0.706,0.0238
5,0,10,387699.3,3.877,0.1455,0.732,-0.3177,1.568,0.1196,0.649,-0.1961,100.0,4.98,377,0.706,0.0228
5,0,11,308390.24,3.084,0.1195,0.641,-0.4486,1.314,0.0711,0.45,-0.2161,100.0,4.98,364,0.712,0.0236
5,0,12,300367.18,3.004,0.1166,0.648,-0.2991,1.027,0.0068,0.125,-0.196,100.0,4.98,357,0.7,0.022
5,0,13,348689.39,3.487,0.1334,0.701,-0.2996,1.177,0.0417,0.301,-0.2962,100.0,4.98,345,0.696,0.0249
5,0,14,158919.71,1.589,0.0475,0.325,-0.4567,0.926,-0.0192,-0.006,-0.3381,100.0,4.98,364,0.679,0.0178
5,0,15,269477.18,2.695,0.1045,0.566,-0.4057,1.13,0.0311,0.253,-0.25,100.0,4.98,379,0.691,0.023
5,0,16,179721.02,1.797,0.0605,0.379,-0.3909,0.793,-0.0565,-0.18,-0.2925,100.0,4.98,358,0.69,0.022
5,0,17,216365.76,2.164,0.0804,0.475,-0.4666,1.132,0.0317,0.257,-0.273,100.0,4.98,356,0.663,0.0185
5,0,18,358453.26,3.585,0.1365,0.709,-0.3475,1.384,0.085,0.488,-0.2563,100.0,4.98,370,0.722,0.0246
5,0,19,174489.63,1.745,0.0574,0.37,-0.4619,1.05,0.0122,0.16,-0.289,100.0,4.98,367,0.706,0.0222
5,0,20,267458.22,2.675,0.1036,0.569,-0.3281,1.276,0.0632,0.405,-0.249,100.0,4.98,357,0.714,0.0239
5,0,21,204285.25,2.043,0.0742,0.438,-0.3825,0.904,-0.0251,-0.026,-0.3068,100.0,4.98,342,0.69,0.0194
5,0,22,186462.79,1.865,0.0644,0.392,-0.5158,1.05,0.0123,0.163,-0.1979,100.0,4.98,365,0.688,0.0227
5,0,23,192741.88,1.927,0.068,0.416,-0.348,1.08,0.0195,0.196,-0.189,100.0,4.98,343,0.7,0.0227
5,0,24,248303.92,2.483,0.0955,0.541,-0.293,0.847,-0.0408,-0.099,-0.2741,100.0,4.98,352,0.713,0.0224
5,0,25,229809.54,2.298,0.087,0.488,-0.4409,0.998,-0.0006,0.101,-0.292,100.0,4.98,375,0.723,0.0206
5,0,26,239642.43,2.396,0.0916,0.506,-0.3972,0.868,-0.0349,-0.054,-0.3481,100.0,4.98,387,0.711,0.0239
5,0,27,162938.45,1.629,0.0502,0.337,-0.3434,0.787,-0.0584,-0.2,-0.2405,100.0,4.98,345,0.678,0.0182
5,0,28,183148.03,1.831,0.0625,0.384,-0.4214,0.925,-0.0193,0.022,-0.3203,100.0,4.98,342,0.693,0.023
5,0,29,111017.0,1.11,0.0105,0.156,-0.5129,0.941,-0.0151,0.023,-0.2985,100.0,4.98,343,0.679,0.021
5,0,30,263462.05,2.635,0.102,0.578,-0.3097,1.454,0.0986,0.589,-0.2005,100.0,4.98,342,0.705,0.0221
5,0,31,236330.07,2.363,0.09,0.517,-0.3164,1.085,0.0206,0.202,-0.2578,100.0,4.98,354,0.692,0.0185
5,0,32,216997.52,2.17,0.0808,0.477,-0.3474,0.871,-0.0342,-0.051,-0.3474,100.0,4.98,354,0.669,0.0226
5,0,33,278423.81,2.784,0.1081,0.591,-0.4243,0.756,-0.0678,-0.268,-0.352,100.0,4.98,345,0.713,0.0242
5,0,34,150281.35,1.503,0.0417,0.298,-0.5235,0.572,-0.131,-0.509,-0.5235,100.0,4.98,376,0.697,0.0196
5,0,35,187739.26,1.877,0.0652,0.412,-0.3209,1.108,0.026,0.229,-0.2538,100.0,4.98,344,0.654,0.021
5,0,36,281159.84,2.812,0.1092,0.587,-0.3767,1.005,0.0014,0.108,-0.223,100.0,4.98,367,0.714,0.0221
5,0,37,163002.47,1.63,0.0502,0.337,-0.3898,0.713,-0.0814,-0.312,-0.3745,100.0,4.98,364,0.703,0.0216
5,0,38,118713.71,1.187,0.0173,0.188,-0.4094,0.94,-0.0155,0.021,-0.3561,100.0,4.98,346,0.642,0.0176
5,0,39,123432.94,1.234,0.0213,0.206,-0.491,0.875,-0.033,-0.058,-0.3074,100.0,4.98,363,0.686,0.0234
5,0,40,312830.67,3.128,0.1211,0.651,-0.335,1.142,0.034,0.269,-0.2115,100.0,4.98,379,0.686,0.0211
5,0,41,272126.14,2.721,0.1056,0.572,-0.5049,1.445,0.097,0.573,-0.2152,100.0,4.99,374,0.711,0.0226
5,0,42,249117.01,2.491,0.0958,0.51,-0.4376,0.765,-0.0652,-0.182,-0.3532,100.0,4.98,365,0.663,0.0196
5,0,43,220547.18,2.205,0.0825,0.484,-0.4066,1.451,0.0981,0.604,-0.1675,100.0,4.98,344,0.692,0.0271
5,0,44,327378.13,3.274,0.1262,0.661,-0.3834,1.088,0.0215,0.206,-0.3136,100.0,4.98,364,0.695,0.0247
5,0,45,201559.8,2.016,0.0728,0.437,-0.3962,1.046,0.0113,0.156,-0.2696,100.0,4.98,359,0.71,0.0235
5,0,46,253715.41,2.537,0.0978,0.557,-0.3807,1.059,0.0146,0.173,-0.341,100.0,4.98,409,0.726,0.0256
5,0,47,245158.13,2.452,0.0941,0.538,-0.3297,0.924,-0.0197,-0.003,-0.3297,100.0,4.98,372,0.726,0.0237
5,0,48,281139.05,2.811,0.1092,0.587,-0.4589,0.857,-0.038,-0.094,-0.3077,100.0,4.98,351,0.718,0.0243
5,0,49,176744.91,1.767,0.0588,0.372,-0.4769,1.16,0.038,0.283,-0.2484,100.0,4.98,399,0.712,0.0201
5,0,50,270611.07,2.706,0.1049,0.573,-0.5508,1.298,0.0677,0.429,-0.2027,100.0,4.98,373,0.697,0.0227
5,0,51,358043.9,3.58,0.1364,0.72,-0.3131,1.116,0.028,0.238,-0.2331,100.0,4.98,368,0.715,0.0225
5,0,52,341470.79,3.415,0.131,0.682,-0.4669,1.097,0.0236,0.216,-0.2313,100.0,4.98,394,0.718,0.0225
5,0,53,145217.08,1.452,0.0381,0.283,-0.4898,0.954,-0.0117,0.038,-0.2635,100.0,4.98,360,0.658,0.0205
5,0,54,283147.42,2.831,0.11,0.589,-0.3889,0.887,-0.0298,-0.032,-0.3889,100.0,4.98,380,0.732,0.0228
5,0,55,230534.93,2.305,0.0873,0.489,-0.451,0.901,-0.0259,-0.021,-0.3048,100.0,4.98,375,0.693,0.0214
5,0,56,244097.22,2.441,0.0936,0.533,-0.3128,1.267,0.0612,0.398,-0.2912,100.0,4.98,358,0.704,0.0228
5,0,57,226273.91,2.263,0.0853,0.482,-0.353,0.742,-0.0724,-0.265,-0.353,100.0,4.98,378,0.69,0.019
5,0,58,262425.9,2.624,0.1015,0.557,-0.4873,1.911,0.1767,0.931,-0.19,100.0,4.98,359,0.696,0.0235
5,0,59,247204.42,2.472,0.095,0.53,-0.3814,1.245,0.0566,0.363,-0.1909,100.0,4.98,408,0.674,0.0221
5,0,60,164921.25,1.649,0.0514,0.345,-0.4111,0.998,-0.0004,0.1,-0.2582,100.0,4.98,327,0.694,0.0201
5,0,61,112799.23,1.128,0.0121,0.168,-0.5967,0.836,-0.0439,-0.138,-0.369,100.0,4.99,346,0.691,0.0197
5,0,62,191700.37,1.917,0.0674,0.411,-0.2974,0.813,-0.0507,-0.144,-0.2757,100.0,4.98,370,0.7,0.0221
5,0,63,394020.51,3.94,0.1473,0.76,-0.3464,1.355,0.0794,0.482,-0.1919,100.0,4.98,362,0.693,0.0234
5,0,64,339339.87,3.393,0.1303,0.685,-0.3866,1.306,0.0694,0.456,-0.2252,100.0,4.98,391,0.724,0.0222
5,0,65,361353.12,3.614,0.1374,0.749,-0.2637,1.194,0.0455,0.321,-0.2371,100.0,4.98,373,0.727,0.0222
5,0,66,337258.16,3.373,0.1296,0.683,-0.4733,1.231,0.0535,0.368,-0.1787,100.0,4.98,352,0.702,0.0226
5,0,67,306940.27,3.069,0.119,0.631,-0.3579,1.147,0.0351,0.268,-0.2559,100.0,4.98,364,0.701,0.0261
5,0,68,206312.82,2.063,0.0753,0.418,-0.3887,0.868,-0.035,-0.056,-0.3782,100.0,4.98,338,0.692,0.0227
5,0,69,344806.67,3.448,0.1321,0.717,-0.3736,1.07,0.0173,0.185,-0.2127,100.0,4.97,376,0.702,0.0236
5,0,70,224219.17,2.242,0.0843,0.482,-0.3427,1.157,0.0372,0.28,-0.2342,100.0,4.98,357,0.706,0.0198
5,0,71,309022.62,3.09,0.1197,0.626,-0.3537,0.815,-0.0501,-0.15,-0.3537,100.0,4.98,357,0.725,0.0254
5,0,72,212174.5,2.122,0.0783,0.46,-0.4117,0.968,-0.0082,0.061,-0.2408,100.0,4.98,370,0.714,0.0222
5,0,73,411948.47,4.119,0.1525,0.794,-0.3578,1.696,0.1419,0.805,-0.177,100.0,4.98,382,0.743,0.0252
5,0,74,324513.39,3.245,0.1252,0.689,-0.3853,0.856,-0.0383,-0.12,-0.2603,100.0,4.98,356,0.719,0.0231
5,0,75,181177.62,1.812,0.0614,0.385,-0.4476,0.949,-0.0131,0.038,-0.3142,100.0,4.98,368,0.69,0.0228
5,0,76,421008.1,4.21,0.155,0.793,-0.3058,1.381,0.0846,0.516,-0.2428,100.0,4.98,371,0.73,0.0225
5,0,77,492153.09,4.922,0.1732,0.826,-0.4791,0.717,-0.0801,-0.286,-0.4791,100.0,4.98,375,0.699,0.0242
5,0,78,158565.55,1.586,0.0473,0.322,-0.4015,1.142,0.0339,0.262,-0.3034,100.0,4.99,355,0.704,0.0255
5,0,79,159461.56,1.595,0.0479,0.322,-0.4649,0.795,-0.0559,-0.152,-0.4649,100.0,4.98,339,0.652,0.0211
5,0,80,219216.18,2.192,0.0819,0.487,-0.3963,1.099,0.024,0.219,-0.2108,100.0,4.98,357,0.658,0.0222
5,0,81,370228.93,3.702,0.1402,0.725,-0.4065,1.153,0.0365,0.278,-0.2345,100.0,4.98,367,0.714,0.0214
5,0,82,173144.15,1.731,0.0566,0.373,-0.377,0.793,-0.0568,-0.199,-0.377,100.0,4.98,360,0.706,0.019
5,0,83,344464.74,3.445,0.132,0.703,-0.3309,1.333,0.0749,0.473,-0.1913,100.0,4.98,341,0.683,0.0221
5,0,84,243054.78,2.431,0.0931,0.496,-0.484,0.86,-0.0371,-0.093,-0.434,100.0,4.98,365,0.685,0.0191
5,0,85,151054.41,1.511,0.0422,0.301,-0.3995,0.716,-0.0804,-0.325,-0.3488,100.0,4.98,348,0.701,0.0221
5,0,86,256099.74,2.561,0.0988,0.544,-0.4662,1.066,0.0162,0.18,-0.2359,100.0,4.98,362,0.696,0.02
5,0,87,346692.05,3.467,0.1327,0.718,-0.2956,0.957,-0.011,0.031,-0.2956,100.0,4.98,349,0.691,0.0241
5,0,88,299046.55,2.99,0.1161,0.624,-0.3205,0.941,-0.0151,0.032,-0.2766,100.0,4.98,376,0.702,0.0243
5,0,89,251310.52,2.513,0.0968,0.535,-0.3898,0.825,-0.0473,-0.135,-0.3064,100.0,4.98,365,0.696,0.0233
5,0,90,146681.67,1.467,0.0391,0.286,-0.4034,0.83,-0.0457,-0.116,-0.3398,100.0,4.98,354,0.655,0.0208
5,0,91,180845.78,1.808,0.0612,0.38,-0.3731,0.842,-0.0422,-0.085,-0.3731,100.0,4.98,370,0.686,0.0227
5,0,92,226326.22,2.263,0.0853,0.487,-0.424,1.159,0.0378,0.289,-0.2187,100.0,4.98,376,0.678,0.0209
5,0,93,175151.97,1.752,0.0578,0.374,-0.4026,0.7,-0.0857,-0.336,-0.4026,100.0,4.98,353,0.691,0.0194
5,0,94,296504.6,2.965,0.1151,0.583,-0.4548,1.279,0.0638,0.393,-0.2338,100.0,4.98,384,0.714,0.0244
5,0,95,163314.05,1.633,0.0504,0.33,-0.44,0.783,-0.0596,-0.173,-0.3502,100.0,4.98,360,0.681,0.02
5,0,96,287240.48,2.872,0.1116,0.627,-0.2779,1.018,0.0045,0.121,-0.245,100.0,4.98,388,0.698,0.0221
5,0,97,462000.47,4.62,0.1658,0.807,-0.3883,1.397,0.0877,0.496,-0.2728,100.0,4.98,408,0.738,0.0252
5,0,98,166344.85,1.663,0.0523,0.343,-0.4369,0.608,-0.1176,-0.462,-0.4369,100.0,4.98,361,0.693,0.0203
5,0,99,237938.93,2.379,0.0908,0.503,-0.4002,0.771,-0.0634,-0.192,-0.3845,100.0,4.98,336,0.673,0.0203
5,0,100,140641.7,1.406,0.0348,0.266,-0.4309,0.871,-0.0342,-0.065,-0.3309,100.0,4.98,371,0.668,0.0217
5,0,101,125343.87,1.253,0.0229,0.213,-0.473,0.65,-0.1025,-0.432,-0.473,100.0,4.99,334,0.68,0.0195
5,0,102,234359.28,2.344,0.0891,0.502,-0.4578,0.925,-0.0195,-0.006,-0.2609,100.0,4.98,359,0.677,0.0196
5,0,103,186287.11,1.863,0.0643,0.403,-0.3682,0.853,-0.039,-0.097,-0.3682,100.0,4.98,361,0.704,0.0189
5,0,104,149648.43,1.496,0.0412,0.297,-0.3428,0.906,-0.0245,-0.019,-0.3428,100.0,4.98,346,0.656,0.0203
5,0,105,265205.01,2.652,0.1027,0.567,-0.449,1.232,0.0538,0.366,-0.2483,100.0,4.98,356,0.697,0.0228
5,0,106,409747.75,4.097,0.1519,0.769,-0.3146,1.312,0.0707,0.448,-0.1843,100.0,4.97,395,0.711,0.0246
5,0,107,126648.45,1.266,0.024,0.219,-0.4763,0.927,-0.0188,0.024,-0.3477,100.0,4.98,351,0.687,0.0213
5,0,108,190748.67,1.907,0.0669,0.396,-0.4602,1.044,0.0109,0.157,-0.2924,100.0,4.98,370,0.692,0.0213
5,0,109,245819.22,2.458,0.0943,0.556,-0.3459,1.203,0.0475,0.347,-0.1671,100.0,4.98,346,0.708,0.0217
5,0,110,95524.45,0.955,-0.0046,0.09,-0.5704,1.01,0.0025,0.115,-0.2944,100.0,4.98,340,0.682,0.0218
5,0,111,231628.48,2.316,0.0878,0.495,-0.3898,1.166,0.0393,0.302,-0.2094,100.0,4.98,349,0.673,0.0211
5,0,112,295695.2,2.957,0.1148,0.592,-0.387,0.987,-0.0032,0.093,-0.3169,100.0,4.97,387,0.726,0.0237
5,0,113,201037.64,2.01,0.0725,0.442,-0.3485,0.92,-0.0207,-0.008,-0.3038,100.0,4.98,353,0.686,0.0223
5,0,114,306790.17,3.068,0.1189,0.634,-0.4908,0.792,-0.057,-0.194,-0.2404,100.0,4.98,376,0.705,0.0247
5,0,115,222191.02,2.222,0.0833,0.482,-0.4168,1.002,0.0004,0.108,-0.3187,100.0,4.98,352,0.693,0.0222
5,0,116,128614.95,1.286,0.0255,0.225,-0.3778,0.816,-0.0497,-0.137,-0.3778,100.0,4.98,349,0.67,0.0195
5,0,117,273576.34,2.736,0.1061,0.565,-0.403,1.222,0.0516,0.347,-0.2005,100.0,4.98,385,0.696,0.0192
5,0,118,142621.33,1.426,0.0362,0.274,-0.4016,0.882,-0.031,-0.052,-0.276,100.0,4.98,333,0.676,0.0203
5,0,119,168398.13,1.684,0.0536,0.341,-0.4947,0.591,-0.1239,-0.5,-0.4947,100.0,4.98,358,0.679,0.0223
5,0,120,350372.58,3.504,0.1339,0.679,-0.4497,1.23,0.0535,0.363,-0.2746,100.0,4.98,383,0.726,0.0258
5,0,121,179800.34,1.798,0.0606,0.381,-0.4188,0.84,-0.0428,-0.1,-0.3658,100.0,4.98,350,0.686,0.0228
5,0,122,161355.82,1.614,0.0491,0.33,-0.4328,0.749,-0.0701,-0.253,-0.3688,100.0,4.98,346,0.679,0.0196
5,0,123,233823.36,2.338,0.0889,0.513,-0.3459,1.116,0.028,0.24,-0.2402,100.0,4.98,372,0.688,0.021
5,0,124,442258.13,4.423,0.1607,0.838,-0.244,1.053,0.013,0.163,-0.2381,100.0,4.98,403,0.732,0.0265
5,0,125,189946.16,1.899,0.0664,0.402,-0.5732,1.319,0.0721,0.452,-0.2279,100.0,4.98,360,0.678,0.0193
5,0,126,192412.34,1.924,0.0678,0.411,-0.4436,0.874,-0.0334,-0.057,-0.2917,100.0,4.98,380,0.695,0.0217
5,0,127,169335.88,1.693,0.0542,0.362,-0.318,0.774,-0.0624,-0.231,-0.268,100.0,4.98,344,0.666,0.0189
5,0,128,268026.21,2.68,0.1039,0.563,-0.3839,1.132,0.0316,0.259,-0.2799,100.0,4.98,339,0.696,0.022
5,0,129,153574.12,1.536,0.0439,0.306,-0.502,0.974,-0.0067,0.063,-0.2578,100.0,4.99,375,0.677,0.0182
5,0,130,201422.77,2.014,0.0727,0.43,-0.4129,1.093,0.0226,0.211,-0.2404,100.0,4.98,378,0.712,0.0235
5,0,131,232645.84,2.326,0.0883,0.495,-0.3698,1.099,0.0241,0.22,-0.182,100.0,4.98,398,0.691,0.0228
5,0,132,267276.43,2.673,0.1036,0.558,-0.5031,1.546,0.1157,0.63,-0.2159,100.0,4.98,363,0.708,0.0233
5,0,133,256842.89,2.568,0.0992,0.588,-0.2912,1.459,0.0995,0.617,-0.1889,100.0,4.98,355,0.699,0.0215
5,0,134,112583.3,1.126,0.012,0.165,-0.4233,0.917,-0.0216,-0.002,-0.2801,100.0,4.98,368,0.682,0.0178
5,0,135,275100.05,2.751,0.1068,0.605,-0.4162,1.215,0.0502,0.373,-0.2088,100.0,4.98,361,0.706,0.0235
5,0,136,173160.79,1.732,0.0566,0.354,-0.4894,0.867,-0.0352,-0.05,-0.3098,100.0,4.98,367,0.714,0.0233
5,0,137,177069.66,1.771,0.0589,0.368,-0.4333,0.889,-0.0292,-0.036,-0.2496,100.0,4.98,365,0.701,0.0219
5,0,138,249167.95,2.492,0.0958,0.532,-0.3935,0.978,-0.0057,0.08,-0.3676,100.0,4.98,400,0.693,0.0217
5,0,139,142006.42,1.42,0.0358,0.273,-0.4313,0.895,-0.0274,-0.044,-0.2987,100.0,4.98,357,0.697,0.0221
5,0,140,167416.52,1.674,0.053,0.349,-0.3739,0.916,-0.0218,0.001,-0.2766,100.0,4.98,352,0.69,0.0203
5,0,141,318856.33,3.189,0.1233,0.672,-0.3321,1.187,0.044,0.312,-0.2789,100.0,4.98,357,0.725,0.0242
5,0,142,211797.5,2.118,0.0781,0.472,-0.3443,1.117,0.0281,0.239,-0.2095,100.0,4.98,367,0.695,0.0236
5,0,143,210634.09,2.106,0.0775,0.467,-0.3718,1.391,0.0864,0.512,-0.1818,100.0,4.98,365,0.721,0.0216
5,0,144,125198.14,1.252,0.0228,0.213,-0.5402,0.899,-0.0264,-0.05,-0.2199,100.0,4.98,355,0.682,0.0204
5,0,145,188846.12,1.888,0.0658,0.402,-0.4843,0.795,-0.056,-0.189,-0.341,100.0,4.99,341,0.683,0.0187
5,0,146,132809.88,1.328,0.0289,0.24,-0.4488,0.78,-0.0604,-0.2,-0.3885,100.0,4.98,360,0.672,0.0184
5,0,147,250683.68,2.507,0.0965,0.55,-0.2865,0.886,-0.0298,-0.043,-0.2865,100.0,4.97,369,0.707,0.0228
5,0,148,342552.56,3.426,0.1314,0.655,-0.454,1.254,0.0586,0.374,-0.2728,100.0,4.98,375,0.728,0.0256
5,0,149,328499.29,3.285,0.1266,0.687,-0.3085,1.088,0.0214,0.205,-0.2384,100.0,4.98,380,0.721,0.0255
5,0,150,350490.7,3.505,0.134,0.702,-0.3326,1.209,0.0488,0.338,-0.1925,100.0,4.98,407,0.727,0.0235
5,0,151,245148.79,2.451,0.094,0.539,-0.2713,1.008,0.0019,0.114,-0.2606,100.0,4.98,360,0.7,0.0219
5,0,152,226335.14,2.263,0.0853,0.485,-0.3874,1.003,0.0008,0.11,-0.2916,100.0,4.99,338,0.683,0.0245
5,0,153,170358.31,1.704,0.0549,0.356,-0.368,0.793,-0.0565,-0.186,-0.2926,100.0,4.98,352,0.679,0.0223
5,0,154,293348.26,2.933,0.1139,0.595,-0.4618,1.388,0.0859,0.489,-0.2551,100.0,4.98,371,0.712,0.0228
5,0,155,188444.58,1.884,0.0656,0.418,-0.3511,0.828,-0.0464,-0.134,-0.3511,100.0,4.98,339,0.687,0.0193
5,0,156,177860.82,1.779,0.0594,0.377,-0.4243,1.175,0.0412,0.304,-0.3154,100.0,4.98,371,0.687,0.0228
5,0,157,200171.92,2.002,0.072,0.433,-0.3164,0.893,-0.0281,-0.035,-0.3164,100.0,4.98,359,0.691,0.0233
5,0,158,224461.14,2.245,0.0844,0.495,-0.3517,0.758,-0.0674,-0.222,-0.3517,100.0,4.98,370,0.7,0.0202
5,0,159,234627.97,2.346,0.0892,0.511,-0.3533,1.069,0.0169,0.183,-0.3501,100.0,4.98,373,0.721,0.0223
5,0,160,245697.54,2.457,0.0943,0.536,-0.2921,0.932,-0.0176,0.016,-0.2661,100.0,4.98,348,0.687,0.0211
5,0,161,101951.54,1.02,0.0019,0.116,-0.4923,0.568,-0.1323,-0.612,-0.4923,100.0,4.98,343,0.665,0.0181
5,0,162,192577.5,1.926,0.0679,0.417,-0.5299,0.972,-0.0071,0.062,-0.2491,100.0,4.98,348,0.704,0.0223
5,0,163,340444.24,3.404,0.1307,0.684,-0.3897,1.04,0.01,0.148,-0.3078,100.0,4.98,393,0.715,0.0232
5,0,164,239439.97,2.394,0.0915,0.518,-0.3334,0.958,-0.0107,0.056,-0.2748,100.0,4.98,353,0.663,0.0177
5,0,165,133244.99,1.332,0.0292,0.242,-0.5178,1.125,0.0299,0.246,-0.287,100.0,4.99,324,0.67,0.019
5,0,166,219375.83,2.194,0.0819,0.472,-0.4069,0.986,-0.0035,0.076,-0.3124,100.0,4.98,365,0.69,0.0215
5,0,167,266734.01,2.667,0.1033,0.567,-0.272,1.209,0.0489,0.34,-0.2695,100.0,4.98,353,0.686,0.0211
5,0,168,227682.67,2.277,0.086,0.506,-0.3542,0.927,-0.0188,0.012,-0.2608,100.0,4.98,348,0.675,0.0213
5,0,169,380089.86,3.801,0.1432,0.735,-0.3363,1.038,0.0093,0.144,-0.2822,100.0,4.98,358,0.709,0.0239
5,0,170,141448.8,1.414,0.0354,0.27,-0.4333,0.747,-0.0708,-0.222,-0.3969,100.0,4.98,344,0.689,0.0191
5,0,171,241207.56,2.412,0.0923,0.527,-0.4682,0.61,-0.1169,-0.493,-0.4641,100.0,4.98,367,0.708,0.0254
5,0,172,193233.16,1.932,0.0683,0.423,-0.4189,0.748,-0.0703,-0.254,-0.3403,100.0,4.98,358,0.696,0.0204
5,0,173,283300.13,2.833,0.11,0.61,-0.3232,1.054,0.0132,0.166,-0.3169,100.0,4.98,368,0.728,0.0222
5,0,174,220010.84,2.2,0.0822,0.478,-0.4405,0.953,-0.012,0.049,-0.4254,100.0,4.98,382,0.665,0.0227
5,0,175,213722.55,2.137,0.0791,0.461,-0.3624,0.718,-0.0799,-0.282,-0.3624,100.0,4.98,356,0.68,0.0211
5,0,176,224675.2,2.247,0.0845,0.491,-0.419,1.207,0.0483,0.336,-0.2544,100.0,4.98,331,0.683,0.0229
5,0,177,224541.82,2.245,0.0845,0.499,-0.3508,0.791,-0.0572,-0.215,-0.3496,100.0,4.98,356,0.669,0.021
5,0,178,494242.88,4.942,0.1737,0.855,-0.3975,1.786,0.1569,0.827,-0.1987,100.0,4.98,387,0.729,0.0254
5,0,179,156078.2,1.561,0.0456,0.313,-0.388,0.692,-0.0884,-0.31,-0.3794,100.0,4.98,339,0.67,0.0223
5,0,180,499702.59,4.997,0.175,0.859,-0.3061,1.174,0.0412,0.306,-0.2294,100.0,4.98,352,0.705,0.0228
5,0,181,361620.76,3.616,0.1375,0.708,-0.3808,1.253,0.0584,0.37,-0.1999,100.0,4.98,358,0.698,0.0232
5,0,182,128748.81,1.287,0.0257,0.228,-0.5933,0.979,-0.0053,0.077,-0.31,100.0,4.98,353,0.683,0.0222
5,0,183,265266.2,2.653,0.1027,0.556,-0.3684,1.329,0.074,0.462,-0.2589,100.0,4.98,355,0.699,0.0253
5,0,184,99041.9,0.99,-0.001,0.105,-0.4388,0.772,-0.0631,-0.188,-0.3703,100.0,4.98,320,0.628,0.0172
5,0,185,207061.22,2.071,0.0757,0.46,-0.3445,1.246,0.0569,0.376,-0.2316,100.0,4.98,361,0.698,0.022
5,0,186,185951.78,1.86,0.0642,0.389,-0.4928,0.844,-0.0416,-0.133,-0.3308,100.0,4.98,331,0.68,0.0216
5,0,187,128052.2,1.281,0.0251,0.223,-0.4631,0.902,-0.0256,-0.019,-0.325,100.0,4.98,367,0.7,0.0203
5,0,188,239282.4,2.393,0.0914,0.514,-0.33,0.94,-0.0154,0.036,-0.305,100.0,4.98,365,0.685,0.0188
5,0,189,187857.19,1.879,0.0652,0.403,-0.4776,1.383,0.0848,0.511,-0.2744,100.0,4.98,367,0.725,0.0223
5,0,190,301257.78,3.013,0.1169,0.63,-0.3578,0.848,-0.0406,-0.129,-0.2743,100.0,4.99,353,0.7,0.0217
5,0,191,123913.1,1.239,0.0217,0.208,-0.3593,0.847,-0.041,-0.099,-0.2776,100.0,4.98,337,0.68,0.0207
5,0,192,340983.07,3.41,0.1308,0.69,-0.3618,1.229,0.0532,0.358,-0.3478,100.0,4.98,364,0.723,0.0306
5,0,193,391294.15,3.913,0.1465,0.726,-0.3396,1.326,0.0736,0.442,-0.2326,100.0,4.98,392,0.712,0.0242
5,0,194,254975.01,2.55,0.0984,0.558,-0.2839,1.262,0.0602,0.384,-0.271,100.0,4.98,371,0.69,0.0218
5,0,195,422253.74,4.223,0.1553,0.77,-0.4781,1.796,0.1584,0.831,-0.1621,100.0,4.98,380,0.692,0.0229
5,0,196,560581.58,5.606,0.1886,0.89,-0.4407,1.095,0.023,0.214,-0.2415,100.0,4.98,373,0.713,0.0228
5,0,197,359589.38,3.596,0.1369,0.72,-0.3218,1.266,0.061,0.398,-0.2492,100.0,4.98,353,0.714,0.0216
5,0,198,223287.54,2.233,0.0839,0.474,-0.4361,1.095,0.0232,0.214,-0.2702,100.0,4.98,338,0.713,0.0228
5,0,199,276898.72,2.769,0.1075,0.58,-0.3422,1.292,0.0665,0.421,-0.2585,100.0,4.98,367,0.698,0.0206
10,0,0,189626.83,1.896,0.0662,0.434,-0.375,0.973,-0.0068,0.05,-0.2425,100.0,9.94,701,0.68,0.0222
10,0,1,286065.57,2.861,0.1111,0.638,-0.3608,1.081,0.0198,0.199,-0.2033,100.0,9.95,709,0.708,0.0233
10,0,2,190054.33,1.901,0.0665,0.428,-0.3889,1.056,0.0139,0.167,-0.194,100.0,9.94,734,0.683,0.022
10,0,3,321384.05,3.214,0.1241,0.693,-0.3397,1.121,0.029,0.248,-0.2444,100.0,9.95,755,0.711,0.0225
10,0,4,318499.41,3.185,0.1231,0.694,-0.358,1.024,0.0059,0.123,-0.2099,100.0,9.94,705,0.699,0.0231
10,0,5,315680.89,3.157,0.1221,0.692,-0.3808,1.015,0.0038,0.109,-0.2338,100.0,9.94,723,0.703,0.0245
10,0,6,189719.13,1.897,0.0663,0.424,-0.319,0.954,-0.0119,0.028,-0.2514,100.0,9.95,707,0.659,0.0208
10,0,7,214186.57,2.142,0.0793,0.494,-0.3265,0.784,-0.0592,-0.249,-0.3265,100.0,9.95,694,0.696,0.0218
10,0,8,350880.21,3.509,0.1341,0.736,-0.4321,1.203,0.0476,0.351,-0.1526,100.0,9.95,748,0.726,0.0253
10,0,9,180803.61,1.808,0.0612,0.401,-0.384,0.855,-0.0386,-0.114,-0.3197,100.0,9.95,727,0.699,0.0218
10,0,10,188086.47,1.881,0.0654,0.421,-0.385,0.903,-0.0253,-0.054,-0.2508,100.0,9.95,712,0.659,0.0198
10,0,11,185657.88,1.857,0.064,0.416,-0.3679,0.93,-0.0182,-0.009,-0.2013,100.0,9.95,718,0.681,0.0202
10,0,12,173075.8,1.731,0.0565,0.379,-0.3978,1.027,0.0068,0.128,-0.215,100.0,9.95,718,0.681,0.0196
10,0,13,319839.65,3.198,0.1236,0.7,-0.3585,1.102,0.0248,0.225,-0.1757,100.0,9.94,772,0.701,0.0235
10,0,14,308996.25,3.09,0.1197,0.684,-0.3611,1.212,0.0495,0.368,-0.1973,100.0,9.95,754,0.719,0.0231
10,0,15,181934.61,1.819,0.0618,0.405,-0.3934,0.936,-0.0165,-0.001,-0.2238,100.0,9.94,718,0.681,0.0227
10,0,16,244091.24,2.441,0.0936,0.568,-0.3037,1.119,0.0286,0.248,-0.2105,100.0,9.95,703,0.711,0.0233
10,0,17,436246.68,4.362,0.1591,0.853,-0.3467,1.409,0.09,0.579,-0.1598,100.0,9.96,779,0.738,0.0249
10,0,18,188550.5,1.886,0.0656,0.424,-0.3793,0.756,-0.0678,-0.311,-0.3488,100.0,9.95,730,0.686,0.0191
10,0,19,168543.64,1.685,0.0537,0.37,-0.3968,0.697,-0.0866,-0.39,-0.3968,100.0,9.95,709,0.673,0.0208
10,0,20,307208.04,3.072,0.1191,0.678,-0.3547,1.129,0.031,0.26,-0.1803,100.0,9.95,736,0.708,0.0224
10,0,21,233287.73,2.333,0.0886,0.54,-0.3988,0.912,-0.0229,-0.043,-0.251,100.0,9.95,729,0.702,0.0228
10,0,22,282245.41,2.822,0.1096,0.633,-0.3467,1.248,0.0573,0.399,-0.1954,100.0,9.94,699,0.701,0.0208
10,0,23,363030.29,3.63,0.138,0.782,-0.3108,1.393,0.0868,0.577,-0.1311,100.0,9.95,740,0.712,0.0246
10,0,24,118600.53,1.186,0.0172,0.186,-0.364,0.914,-0.0224,-0.023,-0.2691,100.0,9.95,704,0.67,0.0201
10,0,25,201361.37,2.014,0.0727,0.459,-0.3762,0.997,-0.0007,0.086,-0.2657,100.0,9.94,721,0.688,0.0211
10,0,26,234410.75,2.344,0.0891,0.54,-0.3574,1.044,0.0109,0.152,-0.2589,100.0,9.94,743,0.709,0.0222
10,0,27,265327.96,2.653,0.1028,0.602,-0.3873,1.021,0.0053,0.118,-0.2482,100.0,9.93,741,0.694,0.023
10,0,28,200616.03,2.006,0.0723,0.464,-0.3955,1.152,0.0363,0.285,-0.2008,100.0,9.96,686,0.676,0.0223
10,0,29,299880.18,2.999,0.1164,0.665,-0.3394,1.268,0.0614,0.415,-0.2068,100.0,9.96,735,0.713,0.0247
10,0,30,229823.58,2.298,0.087,0.519,-0.3613,1.041,0.0102,0.147,-0.1891,100.0,9.94,737,0.689,0.0224
10,0,31,283044.14,2.83,0.1099,0.616,-0.3562,0.926,-0.0192,-0.009,-0.3128,100.0,9.95,710,0.701,0.0236
10,0,32,249427.96,2.494,0.0959,0.579,-0.3373,0.966,-0.0085,0.045,-0.2552,100.0,9.95,717,0.69,0.0239
10,0,33,317115.31,3.171,0.1226,0.69,-0.3556,1.291,0.0662,0.444,-0.1843,100.0,9.94,703,0.69,0.0226
10,0,34,335817.3,3.358,0.1291,0.712,-0.372,1.396,0.0874,0.552,-0.1749,100.0,9.95,768,0.727,0.0257
10,0,35,174465.09,1.745,0.0574,0.385,-0.3495,1.102,0.0248,0.225,-0.3016,100.0,9.95,722,0.676,0.0225
10,0,36,138974.8,1.39,0.0335,0.268,-0.4098,0.855,-0.0387,-0.119,-0.2936,100.0,9.95,692,0.684,0.0204
10,0,37,309373.1,3.094,0.1199,0.697,-0.4,1.558,0.1178,0.73,-0.162,100.0,9.94,753,0.697,0.0209
10,0,38,186354.09,1.864,0.0644,0.437,-0.2869,0.893,-0.028,-0.078,-0.2357,100.0,9.96,682,0.689,0.0228
10,0,39,350796.26,3.508,0.1341,0.754,-0.3732,1.49,0.1054,0.66,-0.1862,100.0,9.96,722,0.704,0.0233
10,0,40,218673.27,2.187,0.0816,0.507,-0.3666,1.168,0.0397,0.306,-0.183,100.0,9.95,710,0.675,0.0211
10,0,41,252989.44,2.53,0.0975,0.583,-0.3383,1.145,0.0345,0.276,-0.2204,100.0,9.95,724,0.68,0.0201
10,0,42,375485.19,3.755,0.1418,0.79,-0.3361,1.329,0.074,0.486,-0.1828,100.0,9.95,714,0.692,0.024
10,0,43,306926.12,3.069,0.119,0.666,-0.3812,1.032,0.008,0.135,-0.2573,100.0,9.95,735,0.705,0.0214
10,0,44,191581.51,1.916,0.0673,0.42,-0.4743,1.152,0.0361,0.282,-0.2382,100.0,9.95,686,0.685,0.0201
10,0,45,341321.06,3.413,0.131,0.753,-0.2745,1.301,0.0684,0.469,-0.1672,100.0,9.94,749,0.697,0.021
10,0,46,238648.95,2.386,0.0911,0.542,-0.4365,1.095,0.0231,0.219,-0.2298,100.0,9.95,707,0.728,0.0245
10,0,47,156523.21,1.565,0.0459,0.335,-0.3221,0.908,-0.0239,-0.048,-0.2519,100.0,9.95,725,0.69,0.0208
10,0,48,200533.16,2.005,0.0722,0.452,-0.43,0.97,-0.0077,0.048,-0.2589,100.0,9.96,707,0.687,0.0205
10,0,49,245099.49,2.451,0.094,0.552,-0.3776,0.894,-0.0279,-0.059,-0.2658,100.0,9.95,706,0.698,0.0249
10,0,50,224552.12,2.246,0.0845,0.51,-0.3861,1.059,0.0144,0.17,-0.1906,100.0,9.95,712,0.702,0.0219
10,0,51,298547.61,2.985,0.1159,0.652,-0.4169,1.215,0.0501,0.372,-0.1386,100.0,9.96,726,0.715,0.023
10,0,52,265422.17,2.654,0.1028,0.609,-0.3257,1.297,0.0675,0.45,-0.1835,100.0,9.95,773,0.706,0.0228
10,0,53,233937.41,2.339,0.0889,0.551,-0.3257,1.044,0.0109,0.149,-0.2078,100.0,9.95,744,0.702,0.0246
10,0,54,271353.58,2.714,0.1052,0.618,-0.391,1.23,0.0534,0.379,-0.2263,100.0,9.96,715,0.71,0.0236
10,0,55,240110.73,2.401,0.0918,0.543,-0.388,1.137,0.0327,0.268,-0.2269,100.0,9.95,680,0.7,0.0224
10,0,56,383858.51,3.839,0.1443,0.804,-0.327,0.921,-0.0205,-0.029,-0.2445,100.0,9.95,752,0.701,0.0234
10,0,57,193908.01,1.939,0.0686,0.443,-0.3736,0.747,-0.0707,-0.3,-0.3736,100.0,9.95,693,0.694,0.0222
10,0,58,291907.87,2.919,0.1134,0.655,-0.385,0.954,-0.0118,0.027,-0.293,100.0,9.94,752,0.705,0.0255
10,0,59,273073.94,2.731,0.1059,0.63,-0.3342,0.937,-0.0163,-0.005,-0.2533,100.0,9.95,713,0.694,0.0193
10,0,60,293562.38,2.936,0.114,0.672,-0.3778,1.08,0.0195,0.198,-0.1735,100.0,9.94,721,0.721,0.0231
10,0,61,206411.61,2.064,0.0753,0.468,-0.3615,1.192,0.045,0.335,-0.1634,100.0,9.94,717,0.679,0.0222
10,0,62,259694.17,2.597,0.1004,0.59,-0.3924,1.383,0.085,0.573,-0.176,100.0,9.95,692,0.692,0.0216
10,0,63,201303.57,2.013,0.0726,0.461,-0.356,0.973,-0.0069,0.05,-0.2132,100.0,9.95,729,0.683,0.0224
10,0,64,198386.21,1.984,0.0711,0.452,-0.3901,1.184,0.0433,0.326,-0.1955,100.0,9.95,732,0.684,0.0212
10,0,65,296934.89,2.969,0.1153,0.644,-0.3352,1.18,0.0424,0.312,-0.2501,100.0,9.94,743,0.69,0.0233
10,0,66,259578.82,2.596,0.1003,0.598,-0.2877,0.931,-0.0179,0.0,-0.233,100.0,9.94,744,0.719,0.0243
10,0,67,248779.55,2.488,0.0957,0.562,-0.392,1.169,0.0401,0.302,-0.2219,100.0,9.95,751,0.686,0.0231
10,0,68,339281.44,3.393,0.1303,0.746,-0.3774,1.382,0.0847,0.563,-0.1576,100.0,9.94,703,0.708,0.0228
10,0,69,198902.87,1.989,0.0714,0.442,-0.4305,1.147,0.0351,0.281,-0.2204,100.0,9.94,720,0.697,0.0212
10,0,70,348980.91,3.49,0.1335,0.762,-0.3528,1.095,0.023,0.218,-0.18,100.0,9.95,706,0.704,0.0236
10,0,71,197982.77,1.98,0.0709,0.46,-0.4103,1.208,0.0485,0.353,-0.203,100.0,9.95,710,0.699,0.0221
10,0,72,311671.55,3.117,0.1207,0.691,-0.3246,1.201,0.047,0.34,-0.284,100.0,9.95,726,0.702,0.0243
10,0,73,244072.98,2.441,0.0936,0.572,-0.3668,1.048,0.0118,0.154,-0.2169,100.0,9.95,738,0.703,0.0237
10,0,74,213011.07,2.13,0.0787,0.493,-0.3816,1.094,0.0227,0.216,-0.1752,100.0,9.94,731,0.703,0.0212
10,0,75,152474.82,1.525,0.0432,0.309,-0.413,0.916,-0.0218,-0.021,-0.2437,100.0,9.95,686,0.679,0.0213
10,0,76,247832.66,2.478,0.0952,0.572,-0.3861,0.965,-0.0088,0.039,-0.2405,100.0,9.95,694,0.692,0.0208
10,0,77,208961.37,2.09,0.0767,0.485,-0.3638,0.922,-0.0203,-0.025,-0.2241,100.0,9.95,724,0.702,0.0198
10,0,78,170587.42,1.706,0.055,0.369,-0.3893,0.905,-0.0249,-0.047,-0.3324,100.0,9.95,697,0.657,0.0174
10,0,79,249598.67,2.496,0.096,0.566,-0.3443,0.923,-0.0199,-0.017,-0.3253,100.0,9.94,753,0.687,0.0211
10,0,80,186491.32,1.865,0.0645,0.428,-0.3527,1.033,0.0082,0.136,-0.2871,100.0,9.95,716,0.69,0.0215
10,0,81,221236.34,2.212,0.0828,0.511,-0.3792,0.957,-0.0109,0.032,-0.273,100.0,9.95,734,0.689,0.0217
10,0,82,200492.12,2.005,0.0722,0.45,-0.3317,0.926,-0.019,-0.006,-0.2535,100.0,9.95,712,0.683,0.0197
10,0,83,214250.08,2.143,0.0794,0.501,-0.3835,0.945,-0.0141,0.01,-0.286,100.0,9.95,713,0.691,0.0222
10,0,84,205805.65,2.058,0.075,0.466,-0.4202,1.048,0.0119,0.156,-0.205,100.0,9.95,745,0.699,0.0211
10,0,85,168840.75,1.688,0.0539,0.371,-0.3587,0.764,-0.0653,-0.289,-0.3215,100.0,9.96,682,0.689,0.0228
10,0,86,248477.64,2.485,0.0955,0.559,-0.4033,0.943,-0.0148,0.004,-0.2746,100.0,9.95,718,0.691,0.0215
10,0,87,360965.87,3.61,0.1373,0.766,-0.3579,1.241,0.0557,0.386,-0.1647,100.0,9.95,728,0.703,0.0229
10,0,88,365376.22,3.654,0.1387,0.756,-0.3297,1.036,0.009,0.142,-0.2831,100.0,9.94,729,0.697,0.0214
10,0,89,248824.54,2.488,0.0957,0.575,-0.3727,1.336,0.0754,0.5,-0.2067,100.0,9.94,746,0.709,0.0231
10,0,90,293581.99,2.936,0.114,0.656,-0.3507,0.992,-0.0019,0.078,-0.2393,100.0,9.95,721,0.706,0.0244
10,0,91,330798.89,3.308,0.1274,0.757,-0.268,1.127,0.0306,0.262,-0.1885,100.0,9.94,735,0.699,0.0223
10,0,92,250828.04,2.508,0.0966,0.58,-0.3291,0.993,-0.0017,0.078,-0.2842,100.0,9.96,722,0.708,0.0241
10,0,93,213046.49,2.13,0.0788,0.481,-0.3484,1.135,0.0323,0.264,-0.2331,100.0,9.95,698,0.683,0.0219
10,0,94,159979.98,1.6,0.0482,0.334,-0.4573,0.832,-0.0452,-0.158,-0.2394,100.0,9.95,735,0.713,0.0213
10,0,95,284695.93,2.847,0.1106,0.647,-0.3604,1.266,0.061,0.419,-0.1553,100.0,9.95,736,0.7,0.0227
10,0,96,209551.69,2.096,0.077,0.479,-0.3595,1.185,0.0435,0.323,-0.229,100.0,9.95,715,0.708,0.0227
10,0,97,256320.56,2.563,0.0989,0.594,-0.3691,1.388,0.0859,0.546,-0.1777,100.0,9.95,740,0.703,0.0239
10,0,98,277472.23,2.775,0.1077,0.626,-0.3226,1.003,0.0007,0.098,-0.2602,100.0,9.95,726,0.705,0.0227
10,0,99,313180.9,3.132,0.1212,0.679,-0.3995,1.499,0.1071,0.643,-0.1725,100.0,9.94,778,0.713,0.0233
10,0,100,179518.58,1.795,0.0604,0.398,-0.4127,0.725,-0.0775,-0.354,-0.3206,100.0,9.95,709,0.691,0.0194
10,0,101,173246.5,1.732,0.0566,0.376,-0.4534,0.947,-0.0136,0.012,-0.2337,100.0,9.95,684,0.677,0.0207
10,0,102,203188.82,2.032,0.0737,0.461,-0.3766,0.978,-0.0056,0.063,-0.2411,100.0,9.95,680,0.707,0.0234
10,0,103,205943.54,2.059,0.0751,0.469,-0.3681,0.844,-0.0418,-0.144,-0.2783,100.0,9.94,726,0.691,0.0225
10,0,104,198651.72,1.987,0.0712,0.449,-0.367,0.898,-0.0266,-0.053,-0.299,100.0,9.95,773,0.692,0.0205
10,0,105,250924.35,2.509,0.0966,0.583,-0.2926,0.975,-0.0063,0.049,-0.2002,100.0,9.96,657,0.689,0.0229
10,0,106,210895.32,2.109,0.0777,0.483,-0.3161,0.892,-0.0282,-0.051,-0.3161,100.0,9.96,706,0.681,0.0224
10,0,107,351811.11,3.518,0.1344,0.743,-0.315,1.428,0.0937,0.576,-0.1846,100.0,9.95,730,0.696,0.0228
10,0,108,161104.22,1.611,0.049,0.346,-0.4179,1.017,0.0043,0.113,-0.1889,100.0,9.95,704,0.682,0.02
10,0,109,242967.47,2.43,0.0931,0.559,-0.3976,1.126,0.0302,0.26,-0.1691,100.0,9.94,724,0.685,0.0206
10,0,110,231671.82,2.317,0.0879,0.529,-0.3798,1.069,0.017,0.183,-0.2255,100.0,9.95,720,0.679,0.0229
10,0,111,249859.07,2.499,0.0961,0.578,-0.3838,1.406,0.0893,0.585,-0.1828,100.0,9.95,729,0.704,0.0222
10,0,112,358904.43,3.589,0.1367,0.725,-0.3716,1.292,0.0664,0.443,-0.2132,100.0,9.95,729,0.715,0.0268
10,0,113,218355.87,2.184,0.0814,0.516,-0.3067,0.834,-0.0445,-0.165,-0.2464,100.0,9.95,724,0.685,0.0229
10,0,114,303133.83,3.031,0.1176,0.676,-0.3401,1.21,0.049,0.358,-0.1772,100.0,9.95,729,0.704,0.024
10,0,115,265200.02,2.652,0.1027,0.609,-0.3457,1.183,0.0431,0.325,-0.219,100.0,9.95,741,0.714,0.0272
10,0,116,260485.21,2.605,0.1007,0.597,-0.3665,1.121,0.0291,0.251,-0.2368,100.0,9.95,736,0.717,0.0222
10,0,117,258885.3,2.589,0.1,0.584,-0.3657,0.924,-0.0198,-0.022,-0.3021,100.0,9.95,718,0.689,0.0222
10,0,118,269475.26,2.695,0.1045,0.625,-0.2961,1.139,0.0333,0.272,-0.1983,100.0,9.95,728,0.701,0.0234
10,0,119,306213.19,3.062,0.1187,0.675,-0.3482,1.264,0.0607,0.424,-0.1915,100.0,9.95,741,0.715,0.0229
10,0,120,200042.78,2.0,0.072,0.46,-0.3512,1.142,0.034,0.272,-0.1756,100.0,9.96,696,0.71,0.022
10,0,121,157166.15,1.572,0.0464,0.326,-0.4356,1.007,0.0017,0.101,-0.2246,100.0,9.95,730,0.699,0.0226
10,0,122,231239.71,2.312,0.0877,0.544,-0.3416,1.223,0.0519,0.376,-0.2506,100.0,9.94,756,0.705,0.02
10,0,123,335079.8,3.351,0.1289,0.724,-0.3307,1.424,0.0929,0.592,-0.166,100.0,9.94,697,0.7,0.0225
10,0,124,263056.04,2.631,0.1018,0.6,-0.382,1.278,0.0635,0.435,-0.1668,100.0,9.94,764,0.687,0.0216
10,0,125,227587.46,2.276,0.0859,0.528,-0.3355,1.241,0.0558,0.391,-0.2375,100.0,9.96,695,0.679,0.0228
10,0,126,192390.42,1.924,0.0678,0.436,-0.3555,0.971,-0.0074,0.044,-0.2562,100.0,9.94,713,0.686,0.0204
10,0,127,252219.01,2.522,0.0972,0.579,-0.416,1.17,0.0402,0.32,-0.1907,100.0,9.95,734,0.7,0.0235
10,0,128,344895.42,3.449,0.1321,0.728,-0.3503,1.303,0.0687,0.46,-0.2043,100.0,9.94,751,0.726,0.0234
10,0,129,223501.44,2.235,0.084,0.5,-0.4331,0.931,-0.0178,-0.008,-0.3149,100.0,9.95,716,0.705,0.0229
10,0,130,303633.65,3.036,0.1178,0.68,-0.3037,1.098,0.0237,0.22,-0.2042,100.0,9.94,735,0.712,0.0254
10,0,131,166942.92,1.669,0.0527,0.352,-0.4421,0.92,-0.0207,-0.026,-0.1972,100.0,9.95,714,0.682,0.0188
10,0,132,186407.59,1.864,0.0644,0.417,-0.3395,0.898,-0.0267,-0.055,-0.2448,100.0,9.95,701,0.692,0.02
10,0,133,218068.52,2.181,0.0813,0.487,-0.3589,0.881,-0.0313,-0.073,-0.3047,100.0,9.95,695,0.679,0.0228
10,0,134,190572.59,1.906,0.0668,0.43,-0.3803,1.105,0.0255,0.229,-0.209,100.0,9.95,703,0.686,0.0213
10,0,135,287201.92,2.872,0.1115,0.628,-0.3691,1.073,0.0179,0.188,-0.2129,100.0,9.94,712,0.702,0.0228
10,0,136,230290.22,2.303,0.0872,0.521,-0.4669,1.157,0.0373,0.296,-0.2518,100.0,9.95,761,0.703,0.022
10,0,137,308224.14,3.082,0.1194,0.673,-0.351,1.072,0.0176,0.187,-0.2375,100.0,9.94,722,0.697,0.0224
10,0,138,260561.53,2.606,0.1008,0.586,-0.3727,0.916,-0.0219,-0.031,-0.2475,100.0,9.95,714,0.704,0.0224
10,0,139,270069.57,2.701,0.1047,0.619,-0.3856,1.171,0.0404,0.317,-0.1609,100.0,9.94,746,0.724,0.0236
10,0,140,245009.26,2.45,0.094,0.538,-0.4135,1.189,0.0445,0.327,-0.1825,100.0,9.95,721,0.703,0.0228
10,0,141,271592.69,2.716,0.1053,0.614,-0.3964,1.34,0.0763,0.514,-0.1447,100.0,9.96,727,0.706,0.0229
10,0,142,243316.8,2.433,0.0932,0.549,-0.3829,1.104,0.0252,0.227,-0.173,100.0,9.95,764,0.716,0.0232
10,0,143,206454.2,2.065,0.0754,0.466,-0.319,0.777,-0.0614,-0.219,-0.311,100.0,9.95,731,0.7,0.0228
10,0,144,310751.48,3.108,0.1204,0.71,-0.3016,1.094,0.0227,0.215,-0.1777,100.0,9.94,720,0.713,0.0253
10,0,145,284186.8,2.842,0.1104,0.65,-0.3353,1.291,0.0662,0.454,-0.172,100.0,9.96,726,0.709,0.0239
10,0,146,169655.23,1.697,0.0544,0.373,-0.3943,1.068,0.0167,0.182,-0.2137,100.0,9.95,703,0.703,0.0223
10,0,147,241497.02,2.415,0.0924,0.564,-0.2972,1.056,0.0137,0.165,-0.1819,100.0,9.94,720,0.704,0.022
10,0,148,222718.4,2.227,0.0836,0.512,-0.3705,1.143,0.0342,0.281,-0.1924,100.0,9.95,717,0.696,0.0227
10,0,149,292488.64,2.925,0.1136,0.65,-0.3441,0.969,-0.0078,0.049,-0.258,100.0,9.95,720,0.693,0.0201
10,0,150,284682.62,2.847,0.1106,0.632,-0.3727,0.807,-0.0523,-0.206,-0.2812,100.0,9.94,725,0.699,0.0204
10,0,151,209160.18,2.092,0.0768,0.485,-0.3538,0.99,-0.0024,0.076,-0.2294,100.0,9.96,708,0.685,0.0208
10,0,152,147056.56,1.471,0.0394,0.296,-0.448,0.791,-0.0573,-0.237,-0.2677,100.0,9.95,685,0.696,0.0228
10,0,153,188930.09,1.889,0.0658,0.439,-0.3588,1.072,0.0176,0.187,-0.2611,100.0,9.95,674,0.677,0.0207
10,0,154,181632.57,1.816,0.0616,0.408,-0.4186,0.84,-0.0428,-0.169,-0.2116,100.0,9.95,664,0.69,0.0224
10,0,155,180354.49,1.804,0.0609,0.397,-0.3677,0.773,-0.0627,-0.24,-0.334,100.0,9.95,732,0.699,0.0212
10,0,156,286365.81,2.864,0.1112,0.655,-0.2707,1.135,0.0324,0.271,-0.1667,100.0,9.95,714,0.682,0.0208
10,0,157,239465.98,2.395,0.0915,0.554,-0.4772,1.073,0.0178,0.189,-0.2024,100.0,9.95,704,0.699,0.0229
10,0,158,249488.55,2.495,0.096,0.565,-0.3938,1.028,0.007,0.13,-0.2067,100.0,9.95,720,0.688,0.0221
10,0,159,220006.25,2.2,0.0822,0.509,-0.3969,1.252,0.058,0.408,-0.1819,100.0,9.94,699,0.691,0.0217
10,0,160,267044.21,2.67,0.1035,0.613,-0.3333,1.249,0.0576,0.409,-0.1769,100.0,9.94,742,0.702,0.0226
10,0,161,427837.54,4.278,0.1569,0.857,-0.2953,1.185,0.0435,0.329,-0.1794,100.0,9.95,711,0.693,0.0228
10,0,162,375592.0,3.756,0.1418,0.779,-0.3311,1.432,0.0944,0.581,-0.1953,100.0,9.95,747,0.703,0.0247
10,0,163,190499.44,1.905,0.0667,0.427,-0.3388,0.878,-0.0323,-0.084,-0.27,100.0,9.95,734,0.687,0.0192
10,0,164,254551.74,2.546,0.0982,0.598,-0.2922,0.969,-0.0078,0.049,-0.2739,100.0,9.93,732,0.698,0.0221
10,0,165,187446.05,1.874,0.065,0.425,-0.3544,1.045,0.0111,0.151,-0.1788,100.0,9.96,681,0.684,0.0205
10,0,166,281559.84,2.816,0.1093,0.64,-0.3942,1.306,0.0695,0.461,-0.1892,100.0,9.96,751,0.696,0.0235
10,0,167,187296.65,1.873,0.0649,0.422,-0.3832,0.943,-0.0146,0.016,-0.217,100.0,9.95,708,0.679,0.022
10,0,168,301509.72,3.015,0.117,0.668,-0.3652,1.065,0.016,0.178,-0.203,100.0,9.94,757,0.7,0.0212
10,0,169,189579.27,1.896,0.0662,0.435,-0.425,1.133,0.032,0.267,-0.2591,100.0,9.94,712,0.683,0.0222
10,0,170,255410.6,2.554,0.0986,0.584,-0.3297,1.119,0.0288,0.245,-0.217,100.0,9.95,708,0.705,0.0224
10,0,171,201154.57,2.012,0.0726,0.457,-0.3484,1.024,0.006,0.123,-0.2504,100.0,9.95,677,0.685,0.0211
10,0,172,234366.12,2.344,0.0891,0.537,-0.4302,0.936,-0.0163,-0.008,-0.2701,100.0,9.95,733,0.701,0.0228
10,0,173,252756.76,2.528,0.0974,0.57,-0.3393,0.957,-0.011,0.035,-0.2439,100.0,9.94,712,0.674,0.0221
10,0,174,218217.66,2.182,0.0814,0.501,-0.4069,1.116,0.0279,0.242,-0.1907,100.0,9.95,715,0.688,0.0221
10,0,175,210810.82,2.108,0.0776,0.486,-0.296,0.943,-0.0148,0.01,-0.2638,100.0,9.95,730,0.699,0.0221
10,0,176,185572.23,1.856,0.0639,0.405,-0.4384,1.113,0.0272,0.24,-0.1869,100.0,9.95,729,0.669,0.0183
10,0,177,221296.03,2.213,0.0829,0.511,-0.3952,1.004,0.001,0.094,-0.19,100.0,9.95,737,0.712,0.0235
10,0,178,278278.83,2.783,0.108,0.631,-0.3044,0.98,-0.0052,0.057,-0.2547,100.0,9.95,693,0.681,0.0223
10,0,179,184051.43,1.841,0.0631,0.42,-0.3619,0.842,-0.0424,-0.166,-0.2867,100.0,9.94,704,0.689,0.0214
10,0,180,220683.23,2.207,0.0826,0.516,-0.3251,0.986,-0.0035,0.07,-0.2053,100.0,9.94,731,0.706,0.0224
10,0,181,230898.66,2.309,0.0875,0.539,-0.344,1.037,0.0091,0.139,-0.1983,100.0,9.94,704,0.706,0.0231
10,0,182,236415.7,2.364,0.0901,0.541,-0.3038,0.902,-0.0256,-0.058,-0.2721,100.0,9.95,721,0.706,0.0234
10,0,183,325299.1,3.253,0.1255,0.698,-0.4068,1.476,0.1027,0.657,-0.1764,100.0,9.95,720,0.699,0.0241
10,0,184,245506.62,2.455,0.0942,0.585,-0.2935,1.094,0.0227,0.214,-0.2469,100.0,9.95,705,0.712,0.0253
10,0,185,163141.08,1.631,0.0503,0.349,-0.3696,0.77,-0.0635,-0.277,-0.3376,100.0,9.95,693,0.691,0.0207
10,0,186,175972.69,1.76,0.0583,0.39,-0.4235,0.904,-0.025,-0.064,-0.1892,100.0,9.94,700,0.691,0.0188
10,0,187,329862.45,3.299,0.1271,0.713,-0.3298,1.056,0.0137,0.166,-0.2217,100.0,9.94,748,0.711,0.0241
10,0,188,196850.08,1.969,0.0702,0.451,-0.3291,0.863,-0.0363,-0.116,-0.218,100.0,9.96,731,0.674,0.0212
10,0,189,245544.58,2.455,0.0942,0.561,-0.3833,1.125,0.03,0.253,-0.1868,100.0,9.94,737,0.7,0.023
10,0,190,151963.51,1.52,0.0428,0.315,-0.4333,0.949,-0.013,0.025,-0.2789,100.0,9.95,709,0.683,0.0203
10,0,191,174874.7,1.749,0.0576,0.383,-0.3821,0.928,-0.0185,-0.006,-0.3219,100.0,9.95,701,0.69,0.0224
10,0,192,289951.71,2.9,0.1126,0.652,-0.3283,1.169,0.0401,0.307,-0.1895,100.0,9.95,706,0.697,0.0217
10,0,193,242703.63,2.427,0.0929,0.563,-0.3404,1.116,0.0279,0.242,-0.2592,100.0,9.95,736,0.689,0.0214
10,0,194,181249.65,1.812,0.0614,0.404,-0.3618,0.792,-0.0569,-0.228,-0.2669,100.0,9.95,690,0.688,0.0216
10,0,195,305138.14,3.051,0.1183,0.671,-0.3462,1.096,0.0233,0.218,-0.192,100.0,9.94,704,0.709,0.0227
10,0,196,248560.15,2.486,0.0956,0.552,-0.3576,1.025,0.0063,0.128,-0.2397,100.0,9.95,710,0.703,0.0241
10,0,197,251525.12,2.515,0.0969,0.572,-0.3526,1.126,0.0302,0.255,-0.1847,100.0,9.94,728,0.685,0.0207
10,0,198,221726.93,2.217,0.0831,0.515,-0.3355,0.923,-0.0199,-0.031,-0.205,100.0,9.95,708,0.679,0.021
10,0,199,146856.49,1.469,0.0393,0.297,-0.375,0.974,-0.0065,0.053,-0.2497,100.0,9.95,669,0.664,0.0192
20,0,0,266929.54,2.669,0.1034,0.63,-0.3476,1.191,0.0448,0.343,-0.1694,100.0,19.85,1423,0.699,0.0232
20,0,1,220478.57,2.205,0.0825,0.528,-0.4018,1.103,0.0248,0.231,-0.1756,100.0,19.86,1432,0.686,0.0227
20,0,2,213991.9,2.14,0.0792,0.503,-0.3462,1.023,0.0058,0.12,-0.2091,100.0,19.85,1440,0.674,0.0216
20,0,3,289719.47,2.897,0.1125,0.679,-0.3085,1.068,0.0166,0.182,-0.2247,100.0,19.88,1398,0.692,0.0233
20,0,4,253432.56,2.534,0.0977,0.599,-0.4109,1.111,0.0269,0.241,-0.1754,100.0,19.85,1440,0.703,0.0232
20,0,5,218520.14,2.185,0.0815,0.518,-0.3868,1.008,0.0021,0.1,-0.1891,100.0,19.84,1460,0.705,0.0228
20,0,6,216751.26,2.168,0.0806,0.516,-0.4225,1.212,0.0495,0.374,-0.2056,100.0,19.84,1359,0.693,0.022
20,0,7,288199.69,2.882,0.1119,0.682,-0.38,1.181,0.0426,0.334,-0.1927,100.0,19.86,1444,0.704,0.0223
20,0,8,280684.11,2.807,0.109,0.651,-0.3507,1.081,0.0198,0.2,-0.1821,100.0,19.86,1461,0.709,0.0243
20,0,9,214403.0,2.144,0.0794,0.522,-0.3206,0.853,-0.0392,-0.158,-0.2866,100.0,19.85,1415,0.688,0.0215
20,0,10,276981.91,2.77,0.1075,0.651,-0.3407,0.952,-0.0122,0.013,-0.2088,100.0,19.83,1435,0.705,0.0235
20,0,11,281640.98,2.816,0.1094,0.659,-0.3673,1.355,0.0793,0.55,-0.1628,100.0,19.86,1411,0.701,0.0243
20,0,12,258154.52,2.582,0.0997,0.614,-0.3247,0.956,-0.0111,0.024,-0.2283,100.0,19.84,1430,0.716,0.0228
20,0,13,247289.52,2.473,0.095,0.594,-0.3404,1.19,0.0446,0.342,-0.2119,100.0,19.84,1445,0.696,0.0223
20,0,14,263243.29,2.632,0.1019,0.632,-0.3301,1.087,0.0211,0.209,-0.1752,100.0,19.85,1441,0.698,0.0221
20,0,15,284364.27,2.844,0.1104,0.661,-0.3434,0.951,-0.0125,0.009,-0.1766,100.0,19.86,1458,0.704,0.0228
20,0,16,203044.84,2.03,0.0736,0.469,-0.3634,0.973,-0.0067,0.048,-0.2132,100.0,19.85,1410,0.688,0.0199
20,0,17,209243.3,2.092,0.0768,0.498,-0.3613,1.097,0.0236,0.222,-0.1938,100.0,19.85,1401,0.694,0.0224
20,0,18,200332.8,2.003,0.0721,0.466,-0.3926,1.005,0.0012,0.091,-0.2027,100.0,19.87,1402,0.681,0.0213
20,0,19,243335.84,2.433,0.0932,0.586,-0.3237,0.996,-0.0011,0.077,-0.2004,100.0,19.84,1417,0.692,0.0215
20,0,20,312210.89,3.122,0.1209,0.723,-0.3092,1.075,0.0184,0.193,-0.1816,100.0,19.84,1471,0.708,0.024
20,0,21,280714.98,2.807,0.109,0.681,-0.3291,1.247,0.057,0.417,-0.1808,100.0,19.85,1462,0.702,0.0218
20,0,22,200832.07,2.008,0.0724,0.472,-0.3454,0.942,-0.0149,-0.01,-0.2202,100.0,19.86,1393,0.685,0.0209
20,0,23,235631.85,2.356,0.0897,0.563,-0.3518,1.166,0.0394,0.315,-0.1682,100.0,19.84,1423,0.697,0.0227
20,0,24,250351.48,2.504,0.0964,0.593,-0.3451,0.971,-0.0074,0.041,-0.1925,100.0,19.85,1434,0.701,0.0232
20,0,25,294157.98,2.942,0.1142,0.685,-0.3759,1.139,0.0332,0.277,-0.2024,100.0,19.86,1460,0.715,0.0231
20,0,26,287539.72,2.875,0.1117,0.682,-0.3543,1.238,0.0551,0.402,-0.1599,100.0,19.86,1455,0.705,0.0227
20,0,27,268959.22,2.69,0.1043,0.634,-0.4144,1.187,0.044,0.343,-0.1869,100.0,19.84,1439,0.714,0.0235
20,0,28,253355.97,2.534,0.0977,0.605,-0.3775,1.1,0.0243,0.228,-0.1785,100.0,19.85,1445,0.702,0.0237
20,0,29,243791.38,2.438,0.0934,0.576,-0.4201,1.072,0.0176,0.188,-0.177,100.0,19.85,1432,0.69,0.0222
20,0,30,224938.44,2.249,0.0847,0.533,-0.353,0.942,-0.015,0.003,-0.1864,100.0,19.85,1477,0.701,0.0228
20,0,31,258436.8,2.584,0.0999,0.622,-0.3371,1.18,0.0425,0.339,-0.1662,100.0,19.85,1440,0.703,0.0232
20,0,32,200718.77,2.007,0.0723,0.478,-0.3998,1.054,0.0133,0.162,-0.1931,100.0,19.85,1386,0.69,0.0226
20,0,33,263870.37,2.639,0.1021,0.628,-0.3101,1.112,0.0271,0.243,-0.2055,100.0,19.85,1451,0.688,0.0235
20,0,34,172491.76,1.725,0.0562,0.392,-0.4114,1.082,0.0199,0.201,-0.203,100.0,19.86,1400,0.686,0.0217
20,0,35,254043.72,2.54,0.098,0.595,-0.4077,1.1,0.0242,0.225,-0.1912,100.0,19.85,1429,0.701,0.0219
20,0,36,305722.33,3.057,0.1185,0.685,-0.4255,1.133,0.0319,0.271,-0.1562,100.0,19.84,1470,0.705,0.0241
20,0,37,217152.13,2.172,0.0808,0.522,-0.3199,1.016,0.004,0.107,-0.2006,100.0,19.85,1407,0.686,0.0221
20,0,38,223876.21,2.239,0.0841,0.533,-0.383,1.063,0.0155,0.175,-0.2511,100.0,19.86,1360,0.698,0.0228
20,0,39,230078.42,2.301,0.0871,0.557,-0.3613,1.137,0.0329,0.279,-0.1865,100.0,19.86,1438,0.695,0.0214
20,0,40,253550.07,2.536,0.0977,0.621,-0.3288,1.125,0.03,0.262,-0.1518,100.0,19.85,1479,0.703,0.0228
20,0,41,323526.56,3.235,0.1249,0.749,-0.3422,1.387,0.0857,0.58,-0.1457,100.0,19.85,1423,0.709,0.0237
20,0,42,193536.82,1.935,0.0684,0.451,-0.4158,0.981,-0.0048,0.053,-0.2056,100.0,19.86,1431,0.699,0.0209
20,0,43,236609.8,2.366,0.0902,0.576,-0.3588,1.014,0.0035,0.104,-0.1888,100.0,19.85,1445,0.695,0.024
20,0,44,297838.29,2.978,0.1156,0.693,-0.3963,1.325,0.0732,0.51,-0.177,100.0,19.86,1438,0.72,0.024
20,0,45,244416.09,2.444,0.0937,0.585,-0.3533,1.094,0.0229,0.221,-0.1809,100.0,19.85,1428,0.683,0.0217
20,0,46,250443.56,2.504,0.0964,0.605,-0.3574,1.108,0.0262,0.238,-0.1716,100.0,19.84,1439,0.705,0.0231
20,0,47,234893.88,2.349,0.0894,0.573,-0.2844,1.052,0.0129,0.16,-0.174,100.0,19.84,1445,0.702,0.0224
20,0,48,202014.96,2.02,0.073,0.48,-0.3673,0.978,-0.0056,0.05,-0.1841,100.0,19.85,1429,0.684,0.0221
20,0,49,255422.58,2.554,0.0986,0.608,-0.3652,1.183,0.0431,0.33,-0.1613,100.0,19.83,1490,0.717,0.0254
20,0,50,240358.11,2.404,0.0919,0.57,-0.3382,1.05,0.0123,0.157,-0.2124,100.0,19.85,1443,0.686,0.0217
20,0,51,231965.76,2.32,0.088,0.551,-0.3783,1.093,0.0225,0.215,-0.1782,100.0,19.86,1453,0.718,0.0237
20,0,52,292347.45,2.923,0.1135,0.693,-0.3448,1.184,0.0433,0.336,-0.1887,100.0,19.86,1443,0.701,0.0233
20,0,53,245559.32,2.456,0.0942,0.586,-0.3414,1.156,0.0371,0.302,-0.1725,100.0,19.84,1403,0.695,0.0228
20,0,54,221173.43,2.212,0.0828,0.527,-0.3106,0.914,-0.0222,-0.039,-0.244,100.0,19.85,1415,0.703,0.0235
20,0,55,260056.1,2.601,0.1005,0.613,-0.386,1.255,0.0588,0.423,-0.1711,100.0,19.85,1427,0.708,0.0245
20,0,56,275322.74,2.753,0.1069,0.65,-0.3435,1.168,0.0397,0.316,-0.1486,100.0,19.81,1458,0.706,0.0228
20,0,57,207524.71,2.075,0.0759,0.496,-0.3364,1.057,0.0141,0.167,-0.1828,100.0,19.86,1467,0.688,0.0224
20,0,58,273429.82,2.734,0.1061,0.652,-0.3853,1.162,0.0385,0.312,-0.1969,100.0,19.85,1446,0.691,0.0221
20,0,59,254932.77,2.549,0.0983,0.602,-0.385,0.993,-0.0019,0.069,-0.1961,100.0,19.82,1443,0.706,0.0216
20,0,60,219126.42,2.191,0.0818,0.514,-0.3791,1.126,0.0304,0.262,-0.2099,100.0,19.85,1390,0.705,0.0236
20,0,61,264617.09,2.646,0.1025,0.62,-0.3172,1.003,0.0007,0.089,-0.1918,100.0,19.85,1379,0.693,0.0221
20,0,62,249357.06,2.494,0.0959,0.595,-0.3895,1.211,0.0494,0.372,-0.1866,100.0,19.86,1448,0.708,0.0233
20,0,63,241619.48,2.416,0.0925,0.581,-0.3597,1.152,0.0361,0.294,-0.2227,100.0,19.84,1462,0.709,0.0225
20,0,64,290882.87,2.909,0.113,0.691,-0.3241,1.17,0.0402,0.318,-0.1844,100.0,19.84,1419,0.701,0.024
20,0,65,273452.09,2.735,0.1061,0.652,-0.2876,1.033,0.0082,0.132,-0.2105,100.0,19.83,1449,0.694,0.0222
20,0,66,189095.42,1.891,0.0659,0.446,-0.3905,0.999,-0.0003,0.081,-0.2237,100.0,19.85,1418,0.692,0.0229
20,0,67,238758.46,2.388,0.0912,0.571,-0.4032,1.083,0.0203,0.204,-0.2121,100.0,19.84,1480,0.711,0.0233
20,0,68,243535.2,2.435,0.0933,0.586,-0.367,1.04,0.01,0.143,-0.1949,100.0,19.85,1433,0.706,0.0235
20,0,69,184279.37,1.843,0.0632,0.42,-0.352,0.979,-0.0054,0.055,-0.2009,100.0,19.85,1379,0.694,0.0239
20,0,70,314803.28,3.148,0.1218,0.729,-0.3786,1.207,0.0484,0.372,-0.1788,100.0,19.85,1448,0.704,0.0249
20,0,71,278786.92,2.788,0.1082,0.646,-0.3825,0.974,-0.0066,0.05,-0.2053,100.0,19.84,1412,0.708,0.0243
20,0,72,219756.77,2.198,0.0821,0.517,-0.3564,1.079,0.0192,0.197,-0.172,100.0,19.85,1451,0.7,0.022
20,0,73,260922.22,2.609,0.1009,0.626,-0.3466,1.008,0.0019,0.096,-0.2354,100.0,19.84,1439,0.704,0.0241
20,0,74,344017.8,3.44,0.1318,0.779,-0.3346,1.312,0.0705,0.487,-0.1809,100.0,19.84,1512,0.72,0.0249
20,0,75,255182.52,2.552,0.0985,0.597,-0.3435,1.117,0.0282,0.247,-0.1932,100.0,19.85,1371,0.692,0.0224
20,0,76,250643.3,2.506,0.0965,0.603,-0.3035,1.073,0.0179,0.189,-0.1784,100.0,19.85,1459,0.707,0.0223
20,0,77,226572.49,2.266,0.0854,0.536,-0.3912,1.27,0.0619,0.439,-0.1549,100.0,19.85,1419,0.694,0.0227
20,0,78,257734.09,2.577,0.0996,0.622,-0.3447,1.161,0.0382,0.309,-0.1937,100.0,19.86,1451,0.708,0.0226
20,0,79,257344.55,2.573,0.0994,0.61,-0.3525,0.993,-0.0018,0.073,-0.1753,100.0,19.86,1442,0.697,0.022
20,0,80,252443.49,2.524,0.0973,0.602,-0.3648,1.065,0.016,0.178,-0.2019,100.0,19.86,1455,0.711,0.0237
20,0,81,215312.41,2.153,0.0799,0.515,-0.3568,1.015,0.0038,0.108,-0.2053,100.0,19.86,1477,0.695,0.0223
20,0,82,258634.36,2.586,0.0999,0.611,-0.3856,1.041,0.0102,0.144,-0.2036,100.0,19.85,1421,0.707,0.0231
20,0,83,207679.35,2.077,0.076,0.503,-0.2906,0.922,-0.0203,-0.035,-0.2146,100.0,19.86,1415,0.693,0.0227
20,0,84,315732.51,3.157,0.1222,0.72,-0.3568,0.979,-0.0052,0.056,-0.2061,100.0,19.85,1460,0.715,0.0247
20,0,85,235275.04,2.353,0.0895,0.563,-0.311,1.056,0.0137,0.165,-0.183,100.0,19.86,1456,0.705,0.0221
20,0,86,374615.22,3.746,0.1416,0.817,-0.3497,1.435,0.0949,0.62,-0.1654,100.0,19.85,1512,0.714,0.0247
20,0,87,283540.45,2.835,0.1101,0.659,-0.3942,1.116,0.028,0.249,-0.1888,100.0,19.85,1426,0.7,0.0217
20,0,88,204305.18,2.043,0.0742,0.495,-0.3311,1.017,0.0042,0.11,-0.2198,100.0,19.84,1441,0.69,0.0227
20,0,89,167229.58,1.672,0.0529,0.372,-0.4433,0.983,-0.0044,0.055,-0.1976,100.0,19.86,1332,0.658,0.0194
20,0,90,224119.63,2.241,0.0843,0.534,-0.3623,0.973,-0.0068,0.043,-0.2425,100.0,19.86,1398,0.703,0.0225
20,0,91,235596.82,2.356,0.0897,0.559,-0.3939,1.038,0.0093,0.14,-0.2493,100.0,19.85,1436,0.694,0.023
20,0,92,253465.15,2.535,0.0977,0.609,-0.3665,1.081,0.0198,0.201,-0.1691,100.0,19.85,1445,0.7,0.0225
20,0,93,278354.1,2.784,0.1081,0.66,-0.3689,1.162,0.0385,0.312,-0.1878,100.0,19.86,1425,0.693,0.0228
20,0,94,231915.18,2.319,0.088,0.549,-0.3834,0.907,-0.0243,-0.06,-0.2662,100.0,19.86,1395,0.698,0.024
20,0,95,191967.98,1.92,0.0676,0.453,-0.3981,0.971,-0.0073,0.038,-0.2026,100.0,19.84,1414,0.696,0.0222
20,0,96,241277.28,2.413,0.0923,0.581,-0.3364,0.943,-0.0146,-0.003,-0.214,100.0,19.84,1430,0.692,0.022
20,0,97,198148.87,1.981,0.071,0.462,-0.3956,0.982,-0.0045,0.06,-0.1827,100.0,19.87,1367,0.686,0.0222
20,0,98,254813.36,2.548,0.0983,0.611,-0.31,1.02,0.0051,0.114,-0.2338,100.0,19.83,1436,0.698,0.023
20,0,99,233376.19,2.334,0.0887,0.559,-0.3314,0.907,-0.0241,-0.062,-0.2388,100.0,19.85,1430,0.682,0.0217
20,0,100,208463.55,2.085,0.0764,0.488,-0.3618,1.007,0.0018,0.098,-0.2196,100.0,19.85,1406,0.693,0.0229
20,0,101,288344.07,2.883,0.112,0.686,-0.3722,1.199,0.0466,0.362,-0.1585,100.0,19.84,1438,0.701,0.0233
20,0,102,194592.91,1.946,0.069,0.453,-0.3977,0.993,-0.0019,0.073,-0.2181,100.0,19.86,1386,0.68,0.0211
20,0,103,261282.57,2.613,0.1011,0.614,-0.3895,1.287,0.0654,0.455,-0.1735,100.0,19.84,1427,0.706,0.0232
20,0,104,262050.69,2.621,0.1014,0.613,-0.4085,1.167,0.0395,0.311,-0.1683,100.0,19.85,1412,0.7,0.0239
20,0,105,285181.92,2.852,0.1108,0.677,-0.3148,1.284,0.0648,0.462,-0.1633,100.0,19.84,1441,0.722,0.024
20,0,106,268699.82,2.687,0.1042,0.638,-0.3539,1.053,0.013,0.161,-0.1884,100.0,19.86,1421,0.702,0.0238
20,0,107,255595.42,2.556,0.0986,0.603,-0.3299,1.015,0.0037,0.107,-0.224,100.0,19.86,1399,0.7,0.0228
20,0,108,283052.73,2.831,0.1099,0.655,-0.3114,1.078,0.019,0.196,-0.1885,100.0,19.86,1405,0.7,0.0234
20,0,109,225374.09,2.254,0.0849,0.544,-0.328,1.014,0.0034,0.104,-0.2229,100.0,19.86,1428,0.706,0.023
20,0,110,277877.23,2.779,0.1079,0.662,-0.3225,1.012,0.0029,0.1,-0.2097,100.0,19.85,1490,0.689,0.0221
20,0,111,273728.13,2.737,0.1062,0.642,-0.3301,1.057,0.0141,0.167,-0.1821,100.0,19.86,1443,0.708,0.0228
20,0,112,211073.0,2.111,0.0778,0.497,-0.365,1.068,0.0167,0.182,-0.2022,100.0,19.84,1453,0.714,0.0228
20,0,113,258205.19,2.582,0.0998,0.614,-0.3627,1.175,0.0414,0.322,-0.1756,100.0,19.84,1464,0.706,0.0236
20,0,114,262294.41,2.623,0.1015,0.628,-0.3141,1.09,0.0218,0.212,-0.1861,100.0,19.85,1451,0.696,0.0226
20,0,115,291717.32,2.917,0.1133,0.676,-0.3371,1.031,0.0077,0.13,-0.2068,100.0,19.83,1521,0.709,0.0239
20,0,116,253949.75,2.539,0.0979,0.611,-0.3391,1.002,0.0005,0.087,-0.2007,100.0,19.85,1440,0.7,0.0224
20,0,117,213224.02,2.132,0.0789,0.51,-0.3305,1.092,0.0223,0.215,-0.2034,100.0,19.85,1410,0.699,0.0236
20,0,118,236264.46,2.363,0.09,0.557,-0.3744,1.148,0.0352,0.287,-0.18,100.0,19.85,1462,0.71,0.0231
20,0,119,415194.52,4.152,0.1534,0.884,-0.331,1.368,0.0819,0.547,-0.1722,100.0,19.85,1414,0.726,0.0253
20,0,120,299084.73,2.991,0.1161,0.689,-0.3975,1.154,0.0366,0.296,-0.1855,100.0,19.86,1447,0.713,0.0238
20,0,121,200166.96,2.002,0.072,0.471,-0.3499,0.941,-0.0152,-0.002,-0.2673,100.0,19.86,1432,0.693,0.0223
20,0,122,210102.81,2.101,0.0773,0.499,-0.3327,0.907,-0.0243,-0.054,-0.2501,100.0,19.84,1417,0.704,0.0235
20,0,123,189257.94,1.893,0.066,0.441,-0.4168,1.07,0.0172,0.185,-0.2273,100.0,19.86,1402,0.674,0.0228
20,0,124,215936.22,2.159,0.0802,0.519,-0.3288,0.962,-0.0097,0.027,-0.2433,100.0,19.85,1422,0.699,0.0227
20,0,125,228049.14,2.28,0.0861,0.538,-0.3488,1.054,0.0132,0.163,-0.2266,100.0,19.83,1429,0.697,0.0233
20,0,126,219926.13,2.199,0.0822,0.514,-0.3947,1.065,0.0158,0.177,-0.2155,100.0,19.85,1448,0.693,0.0228
20,0,127,264896.53,2.649,0.1026,0.625,-0.4069,1.283,0.0646,0.464,-0.202,100.0,19.85,1399,0.693,0.0228
20,0,128,230034.65,2.3,0.0871,0.544,-0.3606,1.038,0.0095,0.141,-0.1922,100.0,19.85,1470,0.71,0.024
20,0,129,301064.44,3.011,0.1168,0.703,-0.3254,1.193,0.0453,0.345,-0.1627,100.0,19.84,1497,0.705,0.0238
20,0,130,190812.46,1.908,0.0669,0.451,-0.3527,0.867,-0.0351,-0.132,-0.241,100.0,19.85,1397,0.695,0.0222
20,0,131,225255.51,2.253,0.0848,0.539,-0.3957,1.03,0.0075,0.129,-0.1824,100.0,19.85,1469,0.709,0.0226
20,0,132,192744.59,1.927,0.068,0.446,-0.4118,0.98,-0.0051,0.056,-0.222,100.0,19.86,1424,0.704,0.023
20,0,133,210971.43,2.11,0.0777,0.5,-0.3433,0.947,-0.0137,0.002,-0.2183,100.0,19.85,1424,0.69,0.022
20,0,134,242152.74,2.422,0.0927,0.596,-0.3101,1.017,0.0042,0.109,-0.2027,100.0,19.86,1436,0.707,0.0235
20,0,135,199743.2,1.997,0.0718,0.481,-0.3549,0.983,-0.0042,0.057,-0.269,100.0,19.87,1398,0.695,0.0222
20,0,136,219198.25,2.192,0.0818,0.534,-0.3063,1.089,0.0217,0.211,-0.1992,100.0,19.88,1409,0.693,0.0208
20,0,137,220110.1,2.201,0.0823,0.525,-0.3682,1.03,0.0075,0.128,-0.1928,100.0,19.84,1447,0.706,0.0211
20,0,138,260021.9,2.6,0.1005,0.623,-0.3335,1.083,0.0202,0.202,-0.1929,100.0,19.87,1428,0.695,0.0208
20,0,139,227800.15,2.278,0.086,0.529,-0.4385,1.067,0.0165,0.182,-0.1776,100.0,19.84,1399,0.708,0.0228
20,0,140,243168.27,2.432,0.0932,0.566,-0.4231,1.101,0.0244,0.227,-0.1864,100.0,19.86,1415,0.695,0.0211
20,0,141,192139.47,1.921,0.0677,0.449,-0.3818,1.036,0.009,0.136,-0.166,100.0,19.86,1438,0.702,0.022
20,0,142,183938.96,1.839,0.063,0.422,-0.4108,1.047,0.0116,0.153,-0.1755,100.0,19.85,1442,0.685,0.0221
20,0,143,268000.75,2.68,0.1039,0.647,-0.3377,1.245,0.0566,0.416,-0.1729,100.0,19.84,1464,0.702,0.0215
20,0,144,263950.04,2.64,0.1022,0.621,-0.3307,1.11,0.0265,0.24,-0.1797,100.0,19.83,1404,0.694,0.0225
20,0,145,288994.03,2.89,0.1122,0.676,-0.3453,1.322,0.0726,0.495,-0.2064,100.0,19.84,1490,0.709,0.023
20,0,146,230416.69,2.304,0.0873,0.556,-0.3592,1.15,0.0357,0.292,-0.1849,100.0,19.86,1387,0.689,0.0228
20,0,147,217892.18,2.179,0.0812,0.495,-0.4584,1.128,0.0307,0.261,-0.1851,100.0,19.84,1438,0.707,0.0222
20,0,148,259048.36,2.59,0.1001,0.601,-0.3919,1.085,0.0208,0.205,-0.186,100.0,19.85,1465,0.7,0.0228
20,0,149,259350.81,2.594,0.1002,0.613,-0.3815,1.238,0.0552,0.413,-0.18,100.0,19.86,1403,0.7,0.0227
20,0,150,266893.43,2.669,0.1034,0.632,-0.385,1.156,0.0371,0.302,-0.1818,100.0,19.85,1421,0.703,0.0229
20,0,151,228123.77,2.281,0.0862,0.541,-0.389,0.974,-0.0066,0.044,-0.244,100.0,19.83,1399,0.706,0.0207
20,0,152,237049.97,2.37,0.0904,0.562,-0.3592,1.109,0.0264,0.239,-0.1879,100.0,19.85,1397,0.702,0.0223
20,0,153,167772.58,1.678,0.0532,0.382,-0.3163,0.96,-0.0101,0.021,-0.216,100.0,19.84,1368,0.675,0.0214
20,0,154,191412.22,1.914,0.0672,0.446,-0.4142,1.175,0.0414,0.326,-0.197,100.0,19.86,1404,0.681,0.0212
20,0,155,175970.07,1.76,0.0583,0.395,-0.4074,0.92,-0.0208,-0.039,-0.1778,100.0,19.87,1389,0.686,0.0228
20,0,156,250574.59,2.506,0.0965,0.61,-0.3159,1.015,0.0037,0.106,-0.2363,100.0,19.85,1441,0.7,0.0233
20,0,157,228117.58,2.281,0.0862,0.561,-0.3242,1.031,0.0076,0.128,-0.1526,100.0,19.85,1429,0.693,0.0221
20,0,158,183469.62,1.835,0.0627,0.423,-0.4141,0.923,-0.02,-0.034,-0.2399,100.0,19.85,1401,0.683,0.0216
20,0,159,249351.42,2.494,0.0959,0.589,-0.3599,1.098,0.0237,0.223,-0.1799,100.0,19.85,1450,0.694,0.0228
20,0,160,280696.56,2.807,0.109,0.648,-0.3893,1.344,0.0772,0.526,-0.165,100.0,19.84,1470,0.72,0.0241
20,0,161,321222.32,3.212,0.1241,0.706,-0.4271,1.245,0.0567,0.402,-0.1816,100.0,19.84,1457,0.71,0.0243
20,0,162,293922.49,2.939,0.1141,0.705,-0.3239,1.092,0.0224,0.216,-0.1795,100.0,19.85,1460,0.706,0.0241
20,0,163,240446.11,2.404,0.0919,0.579,-0.3666,1.16,0.038,0.309,-0.1848,100.0,19.84,1452,0.704,0.023
20,0,164,195668.8,1.957,0.0696,0.452,-0.3497,1.021,0.0052,0.117,-0.1795,100.0,19.85,1360,0.69,0.0228
20,0,165,200900.15,2.009,0.0724,0.473,-0.3891,1.015,0.0038,0.105,-0.2051,100.0,19.85,1391,0.682,0.0208
20,0,166,241721.51,2.417,0.0925,0.592,-0.3392,1.071,0.0173,0.187,-0.1856,100.0,19.84,1433,0.702,0.0239
20,0,167,203811.27,2.038,0.074,0.478,-0.3372,0.964,-0.0091,0.035,-0.2307,100.0,19.85,1384,0.678,0.0213
20,0,168,270657.54,2.707,0.105,0.646,-0.3474,1.267,0.0613,0.442,-0.1709,100.0,19.86,1453,0.699,0.0231
20,0,169,241081.2,2.411,0.0922,0.559,-0.39,1.067,0.0165,0.181,-0.1892,100.0,19.85,1458,0.706,0.0217
20,0,170,302579.27,3.026,0.1174,0.701,-0.3254,1.081,0.0199,0.201,-0.2173,100.0,19.83,1424,0.704,0.0236
20,0,171,227577.84,2.276,0.0859,0.54,-0.3818,1.074,0.018,0.19,-0.1982,100.0,19.86,1435,0.707,0.0238
20,0,172,196159.76,1.962,0.0699,0.458,-0.4002,1.16,0.038,0.305,-0.159,100.0,19.85,1443,0.688,0.0221
20,0,173,287301.24,2.873,0.1116,0.678,-0.3151,1.152,0.0363,0.298,-0.2237,100.0,19.84,1443,0.697,0.0229
20,0,174,234276.25,2.343,0.0891,0.565,-0.3489,1.116,0.0279,0.247,-0.1874,100.0,19.85,1497,0.699,0.0222
20,0,175,218604.39,2.186,0.0816,0.525,-0.3587,1.054,0.0132,0.162,-0.2247,100.0,19.86,1419,0.689,0.0228
20,0,176,249878.16,2.499,0.0961,0.599,-0.3555,1.042,0.0104,0.145,-0.1893,100.0,19.84,1481,0.694,0.0231
20,0,177,258370.31,2.584,0.0998,0.629,-0.3312,1.138,0.033,0.281,-0.173,100.0,19.86,1432,0.695,0.0222
20,0,178,205305.89,2.053,0.0748,0.488,-0.3668,1.025,0.0062,0.12,-0.2093,100.0,19.83,1384,0.7,0.0231
20,0,179,187954.18,1.88,0.0653,0.431,-0.399,0.994,-0.0016,0.076,-0.2053,100.0,19.85,1398,0.675,0.0206
20,0,180,254698.91,2.547,0.0982,0.592,-0.3626,1.111,0.0269,0.238,-0.1869,100.0,19.86,1422,0.707,0.0227
20,0,181,276389.98,2.764,0.1073,0.643,-0.3397,1.119,0.0286,0.253,-0.1948,100.0,19.85,1465,0.69,0.0227
20,0,182,270326.9,2.703,0.1048,0.648,-0.3303,1.289,0.0659,0.462,-0.1662,100.0,19.85,1436,0.712,0.024
20,0,183,203556.44,2.036,0.0738,0.47,-0.3764,0.903,-0.0252,-0.069,-0.2226,100.0,19.87,1396,0.696,0.0222
20,0,184,262308.23,2.623,0.1015,0.623,-0.3505,1.111,0.0268,0.239,-0.1835,100.0,19.84,1478,0.7,0.0221
20,0,185,216633.59,2.166,0.0806,0.516,-0.3407,1.051,0.0127,0.159,-0.1962,100.0,19.86,1416,0.7,0.0222
20,0,186,276474.73,2.765,0.1073,0.666,-0.3224,1.187,0.044,0.345,-0.1774,100.0,19.85,1446,0.694,0.0215
20,0,187,254426.81,2.544,0.0981,0.599,-0.3733,1.088,0.0214,0.207,-0.2022,100.0,19.86,1450,0.699,0.0237
20,0,188,231708.32,2.317,0.0879,0.568,-0.3807,1.193,0.0453,0.358,-0.1635,100.0,19.84,1432,0.695,0.0228
20,0,189,249710.17,2.497,0.0961,0.607,-0.3644,1.14,0.0335,0.283,-0.17,100.0,19.86,1397,0.699,0.0231
20,0,190,290319.74,2.903,0.1128,0.672,-0.3582,1.031,0.0077,0.13,-0.1621,100.0,19.83,1473,0.691,0.0231
20,0,191,271084.53,2.711,0.1051,0.617,-0.3811,1.035,0.0086,0.137,-0.2396,100.0,19.84,1446,0.697,0.0225
20,0,192,232827.58,2.328,0.0884,0.552,-0.3846,0.93,-0.018,-0.021,-0.228,100.0,19.86,1432,0.704,0.0229
20,0,193,272134.43,2.721,0.1056,0.636,-0.3287,1.072,0.0175,0.187,-0.2048,100.0,19.84,1467,0.695,0.0235
20,0,194,211937.16,2.119,0.0782,0.5,-0.3691,1.064,0.0156,0.176,-0.1688,100.0,19.85,1416,0.691,0.0219
20,0,195,234583.63,2.346,0.0892,0.562,-0.3375,1.203,0.0475,0.362,-0.1673,100.0,19.84,1417,0.688,0.0217
20,0,196,234675.07,2.347,0.0893,0.56,-0.3789,1.07,0.017,0.184,-0.1807,100.0,19.85,1423,0.707,0.0223
20,0,197,197115.57,1.971,0.0704,0.457,-0.3866,0.944,-0.0144,0.002,-0.1965,100.0,19.86,1380,0.692,0.0222
20,0,198,220590.05,2.206,0.0825,0.523,-0.3954,1.005,0.0013,0.092,-0.1962,100.0,19.84,1427,0.704,0.0232
20,0,199,210744.56,2.107,0.0776,0.503,-0.344,0.98,-0.005,0.056,-0.2353,100.0,19.87,1391,0.692,0.022
10,1,0,396633.32,3.966,0.1481,0.772,-0.3773,1.738,0.149,0.802,-0.1802,99.2,9.68,696,0.707,0.0264
10,1,1,313935.85,3.139,0.1215,0.67,-0.3237,1.224,0.0521,0.349,-0.3194,99.2,9.69,708,0.682,0.0265
10,1,2,480564.79,4.806,0.1704,0.869,-0.341,1.519,0.1108,0.614,-0.209,99.2,9.66,734,0.729,0.0276
10,1,3,402903.93,4.029,0.1499,0.77,-0.3763,1.4,0.0882,0.518,-0.2327,99.2,9.68,694,0.71,0.0274
10,1,4,518749.66,5.187,0.1794,0.903,-0.3099,1.617,0.1283,0.703,-0.1929,99.2,9.67,731,0.715,0.0266
10,1,5,425308.68,4.253,0.1562,0.802,-0.3405,1.334,0.0752,0.457,-0.2144,99.2,9.68,681,0.718,0.0283
10,1,6,604617.28,6.046,0.1977,1.001,-0.2334,1.602,0.1256,0.676,-0.1745,99.2,9.67,723,0.725,0.0302
10,1,7,303971.09,3.04,0.1179,0.663,-0.2842,0.998,-0.0004,0.097,-0.2089,99.2,9.68,696,0.678,0.0254
10,1,8,409907.26,4.099,0.1519,0.815,-0.286,1.519,0.1107,0.66,-0.1656,99.2,9.67,711,0.72,0.026
10,1,9,376317.22,3.763,0.1421,0.755,-0.3081,1.299,0.0679,0.429,-0.2271,99.2,9.67,698,0.691,0.0262
10,1,10,523692.39,5.237,0.1805,0.951,-0.2663,1.479,0.1034,0.61,-0.2032,99.2,9.68,733,0.716,0.0287
10,1,11,449026.54,4.49,0.1625,0.851,-0.2982,1.475,0.1027,0.597,-0.1913,99.2,9.67,719,0.704,0.0244
10,1,12,335859.89,3.359,0.1291,0.701,-0.3061,1.333,0.0749,0.459,-0.211,99.2,9.66,731,0.7,0.0266
10,1,13,408603.89,4.086,0.1515,0.781,-0.3103,1.478,0.1031,0.585,-0.237,99.2,9.7,689,0.714,0.0285
10,1,14,284479.61,2.845,0.1105,0.622,-0.314,1.225,0.0523,0.356,-0.2185,99.2,9.66,700,0.694,0.0263
10,1,15,360888.82,3.609,0.1373,0.709,-0.3323,1.253,0.0584,0.378,-0.2512,99.2,9.68,679,0.71,0.0284
10,1,16,438593.19,4.386,0.1597,0.802,-0.3816,1.693,0.1414,0.767,-0.1721,99.2,9.65,731,0.706,0.0266
10,1,17,404798.82,4.048,0.1505,0.772,-0.3605,1.237,0.055,0.361,-0.2325,99.2,9.7,714,0.706,0.0263
10,1,18,449794.4,4.498,0.1627,0.842,-0.349,1.46,0.0997,0.569,-0.1768,99.2,9.68,706,0.722,0.0285
10,1,19,346007.36,3.46,0.1325,0.729,-0.2661,1.386,0.0856,0.512,-0.1981,99.2,9.66,721,0.695,0.0252
10,1,20,413727.58,4.137,0.153,0.766,-0.4236,1.521,0.1111,0.639,-0.1856,99.2,9.69,697,0.704,0.0267
10,1,21,583798.74,5.838,0.1935,0.986,-0.2766,1.513,0.1096,0.638,-0.191,99.2,9.68,733,0.734,0.0314
10,1,22,445898.53,4.459,0.1617,0.83,-0.3803,1.616,0.1281,0.703,-0.1917,99.2,9.67,712,0.713,0.0284
10,1,23,567922.65,5.679,0.1902,0.964,-0.3835,1.518,0.1105,0.621,-0.2151,99.2,9.68,740,0.735,0.0296
10,1,24,485521.74,4.855,0.1716,0.888,-0.3308,1.584,0.1225,0.69,-0.1825,99.2,9.68,728,0.729,0.0315
10,1,25,381043.54,3.81,0.1435,0.743,-0.4204,1.38,0.0843,0.509,-0.2323,99.2,9.68,696,0.711,0.03
10,1,26,421724.03,4.217,0.1552,0.815,-0.3427,1.314,0.071,0.442,-0.2315,99.2,9.68,699,0.715,0.0285
10,1,27,466190.14,4.662,0.1669,0.864,-0.3626,1.577,0.1213,0.692,-0.1679,99.2,9.67,742,0.721,0.0278
10,1,28,382681.56,3.827,0.144,0.762,-0.2785,1.287,0.0655,0.42,-0.1987,99.2,9.67,710,0.689,0.0269
10,1,29,362920.37,3.629,0.1379,0.704,-0.4815,1.651,0.1342,0.733,-0.1662,99.2,9.71,677,0.697,0.0269
10,1,30,437545.5,4.375,0.1595,0.849,-0.2859,1.547,0.1159,0.642,-0.2011,99.2,9.68,727,0.721,0.0282
10,1,31,374264.33,3.743,0.1414,0.731,-0.3777,1.373,0.0829,0.493,-0.206,99.2,9.67,717,0.702,0.0275
10,1,32,596003.13,5.96,0.1959,0.98,-0.3191,1.706,0.1436,0.756,-0.2238,99.2,9.67,735,0.713,0.0296
10,1,33,419029.19,4.19,0.1544,0.782,-0.3975,1.464,0.1005,0.583,-0.2078,99.2,9.67,719,0.704,0.0271
10,1,34,372930.08,3.729,0.141,0.759,-0.3257,1.438,0.0956,0.556,-0.2051,99.2,9.68,710,0.714,0.0271
10,1,35,406727.83,4.067,0.151,0.792,-0.3101,1.473,0.1022,0.585,-0.1836,99.2,9.66,731,0.714,0.0271
10,1,36,431079.88,4.311,0.1577,0.816,-0.334,1.781,0.1561,0.828,-0.2159,99.2,9.67,705,0.701,0.0281
10,1,37,378894.5,3.789,0.1429,0.749,-0.3083,1.384,0.0851,0.514,-0.1993,99.2,9.69,690,0.703,0.0285
10,1,38,368832.66,3.688,0.1398,0.748,-0.4003,1.455,0.0989,0.588,-0.187,99.2,9.68,682,0.708,0.0292
10,1,39,311795.5,3.118,0.1207,0.674,-0.33,1.178,0.0419,0.305,-0.2755,99.2,9.69,705,0.711,0.0284
10,1,40,510476.68,5.105,0.1775,0.893,-0.3919,1.534,0.1134,0.632,-0.2368,99.2,9.68,714,0.73,0.0286
10,1,41,451989.21,4.52,0.1632,0.828,-0.3711,1.615,0.1279,0.709,-0.1658,99.2,9.67,704,0.72,0.0279
10,1,42,418339.7,4.183,0.1543,0.795,-0.3474,1.642,0.1326,0.728,-0.1836,99.2,9.69,695,0.698,0.0266
10,1,43,377409.83,3.774,0.1424,0.766,-0.3433,1.451,0.0981,0.58,-0.2129,99.2,9.67,701,0.705,0.0266
10,1,44,441938.21,4.419,0.1606,0.833,-0.3186,1.471,0.1018,0.591,-0.2517,99.2,9.68,730,0.703,0.0274
10,1,45,465479.83,4.655,0.1667,0.873,-0.2721,1.509,0.1089,0.632,-0.1883,99.2,9.67,704,0.71,0.0284
10,1,46,551629.15,5.516,0.1867,0.934,-0.302,1.768,0.154,0.81,-0.1753,99.2,9.66,710,0.718,0.0305
10,1,47,442086.63,4.421,0.1607,0.802,-0.3302,1.493,0.106,0.588,-0.2403,99.2,9.69,697,0.71,0.0289
10,1,48,444156.01,4.442,0.1612,0.832,-0.3739,1.718,0.1457,0.768,-0.1774,99.2,9.67,703,0.71,0.0291
10,1,49,565774.03,5.658,0.1897,0.947,-0.3073,1.79,0.1575,0.84,-0.1676,99.2,9.65,735,0.713,0.0293
10,1,50,380790.15,3.808,0.1434,0.744,-0.3929,1.402,0.0887,0.518,-0.1998,99.2,9.67,709,0.715,0.0293
10,1,51,595875.48,5.959,0.1959,0.973,-0.3593,1.86,0.1687,0.874,-0.1811,99.2,9.66,730,0.726,0.0291
10,1,52,472323.16,4.723,0.1684,0.882,-0.2623,1.487,0.1048,0.592,-0.2161,99.2,9.66,726,0.723,0.0289
10,1,53,397945.56,3.979,0.1485,0.801,-0.3174,1.278,0.0635,0.409,-0.2007,99.2,9.68,700,0.701,0.0277
10,1,54,340736.36,3.407,0.1308,0.699,-0.3349,1.228,0.0529,0.358,-0.244,99.2,9.69,706,0.697,0.0261
10,1,55,387326.2,3.873,0.1454,0.751,-0.4059,1.599,0.1252,0.713,-0.1953,99.2,9.68,688,0.711,0.0284
10,1,56,654485.52,6.545,0.2072,1.013,-0.3781,1.887,0.1729,0.931,-0.1736,99.2,9.69,720,0.729,0.0282
10,1,57,301633.59,3.016,0.117,0.624,-0.3765,1.232,0.0537,0.355,-0.2699,99.2,9.66,721,0.696,0.0267
10,1,58,415141.43,4.151,0.1534,0.799,-0.3927,1.62,0.1288,0.7,-0.2013,99.2,9.68,689,0.701,0.0281
10,1,59,379389.07,3.794,0.143,0.769,-0.4038,1.633,0.1312,0.755,-0.1775,99.2,9.68,711,0.716,0.027
10,1,60,443757.07,4.438,0.1611,0.824,-0.3633,1.696,0.1419,0.791,-0.1601,99.2,9.68,694,0.72,0.0285
10,1,61,343921.15,3.439,0.1318,0.698,-0.4312,1.597,0.1247,0.68,-0.2226,99.2,9.67,713,0.71,0.028
10,1,62,367119.93,3.671,0.1392,0.731,-0.36,1.285,0.065,0.416,-0.2492,99.2,9.66,723,0.716,0.0285
10,1,63,453253.09,4.533,0.1636,0.83,-0.4173,1.432,0.0945,0.554,-0.215,99.2,9.65,732,0.723,0.0269
10,1,64,653802.34,6.538,0.2071,1.036,-0.2772,1.404,0.0891,0.527,-0.2244,99.2,9.64,754,0.74,0.0295
10,1,65,367284.22,3.673,0.1393,0.731,-0.3537,1.576,0.1211,0.666,-0.1816,99.2,9.7,689,0.698,0.0276
10,1,66,450549.44,4.505,0.1629,0.86,-0.2636,1.377,0.0836,0.494,-0.2462,99.2,9.68,713,0.734,0.0287
10,1,67,473523.88,4.735,0.1687,0.896,-0.2696,1.688,0.1405,0.778,-0.1856,99.2,9.68,699,0.717,0.0269
10,1,68,327529.16,3.275,0.1263,0.68,-0.3803,1.458,0.0994,0.583,-0.2533,99.2,9.69,667,0.694,0.026
10,1,69,316339.03,3.163,0.1224,0.658,-0.3902,1.237,0.055,0.368,-0.2711,99.2,9.71,659,0.7,0.0289
10,1,70,745613.3,7.456,0.2231,1.1,-0.2937,1.965,0.1849,0.967,-0.1825,99.2,9.66,744,0.72,0.0307
10,1,71,451598.8,4.516,0.1631,0.849,-0.3013,1.528,0.1123,0.658,-0.1998,99.2,9.68,726,0.711,0.0302
10,1,72,317683.25,3.177,0.1228,0.666,-0.306,1.304,0.069,0.438,-0.1946,99.2,9.68,665,0.695,0.0242
10,1,73,518849.17,5.188,0.1794,0.898,-0.2585,1.372,0.0828,0.489,-0.2121,99.2,9.66,725,0.702,0.0315
10,1,74,380839.95,3.808,0.1434,0.744,-0.3823,1.469,0.1015,0.593,-0.2155,99.2,9.68,697,0.714,0.028
10,1,75,449886.72,4.499,0.1627,0.884,-0.2604,1.512,0.1095,0.634,-0.1844,99.2,9.68,698,0.699,0.0283
10,1,76,573188.85,5.732,0.1913,0.969,-0.3398,1.649,0.1339,0.746,-0.1835,99.2,9.68,708,0.713,0.0269
10,1,77,378660.74,3.787,0.1428,0.752,-0.3293,1.332,0.0747,0.466,-0.1934,99.2,9.68,712,0.715,0.0278
10,1,78,492403.86,4.924,0.1733,0.861,-0.3816,1.7,0.1427,0.75,-0.1895,99.2,9.65,744,0.715,0.0283
10,1,79,479855.07,4.799,0.1702,0.884,-0.2694,1.681,0.1395,0.759,-0.1938,99.2,9.69,707,0.694,0.0262
10,1,80,527664.36,5.277,0.1814,0.946,-0.3017,1.418,0.0918,0.555,-0.211,99.2,9.65,719,0.72,0.0266
10,1,81,359749.54,3.597,0.1369,0.736,-0.35,1.502,0.1077,0.622,-0.184,99.2,9.68,704,0.705,0.0278
10,1,82,433003.67,4.33,0.1582,0.848,-0.289,1.318,0.0719,0.455,-0.2246,99.2,9.68,722,0.715,0.0263
10,1,83,688470.24,6.885,0.2134,1.087,-0.2803,1.849,0.167,0.884,-0.2032,99.2,9.67,732,0.73,0.0316
10,1,84,519338.07,5.193,0.1795,0.935,-0.3117,1.644,0.133,0.738,-0.2157,99.2,9.67,726,0.719,0.0283
10,1,85,385855.11,3.859,0.1449,0.771,-0.2618,1.449,0.0977,0.568,-0.1853,99.2,9.67,696,0.701,0.0274
10,1,86,460658.59,4.607,0.1655,0.853,-0.3635,1.6,0.1253,0.689,-0.1989,99.2,9.69,724,0.715,0.0275
10,1,87,382335.94,3.823,0.1439,0.765,-0.3473,1.374,0.083,0.5,-0.2602,99.2,9.69,692,0.718,0.0272
10,1,88,459499.85,4.595,0.1652,0.843,-0.4106,1.539,0.1145,0.652,-0.1844,99.2,9.69,706,0.72,0.0298
10,1,89,348156.44,3.482,0.1332,0.713,-0.3826,1.522,0.1113,0.645,-0.2013,99.2,9.67,689,0.708,0.0271
10,1,90,336633.82,3.366,0.1294,0.701,-0.3129,1.364,0.0812,0.476,-0.2073,99.2,9.68,708,0.701,0.0247
10,1,91,456291.93,4.563,0.1643,0.861,-0.339,1.413,0.0908,0.547,-0.2437,99.2,9.66,727,0.711,0.0269
10,1,92,395174.14,3.952,0.1477,0.78,-0.2733,1.21,0.049,0.336,-0.2378,99.2,9.67,719,0.707,0.0267
10,1,93,441485.45,4.415,0.1605,0.825,-0.3155,1.398,0.0878,0.517,-0.2262,99.2,9.69,709,0.7,0.0276
10,1,94,316222.36,3.162,0.1223,0.66,-0.3721,1.491,0.1056,0.621,-0.1734,99.2,9.66,711,0.705,0.0271
10,1,95,473521.84,4.735,0.1687,0.87,-0.3262,1.826,0.1634,0.854,-0.1762,99.2,9.66,718,0.721,0.0285
10,1,96,328987.26,3.29,0.1268,0.683,-0.3378,1.214,0.05,0.344,-0.1952,99.2,9.67,717,0.693,0.0276
10,1,97,390879.57,3.909,0.1464,0.772,-0.3717,1.462,0.1002,0.581,-0.1832,99.2,9.68,725,0.709,0.0276
10,1,98,491862.99,4.919,0.1731,0.893,-0.3389,1.78,0.1559,0.867,-0.1798,99.2,9.69,718,0.724,0.03
10,1,99,276111.79,2.761,0.1072,0.595,-0.4411,1.324,0.0731,0.449,-0.2282,99.2,9.69,656,0.707,0.0286
10,1,100,537102.0,5.371,0.1835,0.948,-0.3387,2.019,0.1931,1.034,-0.1604,99.2,9.66,705,0.725,0.0284
10,1,101,541376.11,5.414,0.1845,0.916,-0.2843,1.802,0.1595,0.841,-0.1751,99.2,9.66,725,0.712,0.0276
10,1,102,375729.48,3.757,0.1419,0.767,-0.3454,1.629,0.1304,0.736,-0.1746,99.2,9.65,715,0.713,0.0295
10,1,103,665429.94,6.654,0.2092,1.041,-0.3001,1.441,0.0962,0.567,-0.1941,99.2,9.65,727,0.726,0.0281
10,1,104,485513.23,4.855,0.1716,0.876,-0.3263,1.321,0.0725,0.445,-0.2254,99.2,9.67,745,0.719,0.0287
10,1,105,533873.64,5.339,0.1828,0.916,-0.3169,1.784,0.1565,0.81,-0.2079,99.2,9.67,693,0.706,0.0274
10,1,106,539512.01,5.395,0.1841,0.95,-0.3246,1.643,0.1328,0.747,-0.2227,99.2,9.66,725,0.713,0.0287
10,1,107,544191.38,5.442,0.1851,0.918,-0.3004,1.419,0.0919,0.529,-0.2373,99.2,9.66,705,0.713,0.0282
10,1,108,476727.25,4.767,0.1695,0.86,-0.3536,1.586,0.1229,0.687,-0.1946,99.2,9.67,722,0.729,0.0284
10,1,109,454896.64,4.549,0.164,0.861,-0.3297,1.346,0.0774,0.485,-0.2226,99.2,9.66,730,0.714,0.0283
10,1,110,504848.33,5.048,0.1762,0.896,-0.2743,1.68,0.1392,0.797,-0.1875,99.2,9.67,704,0.702,0.0255
10,1,111,401221.64,4.012,0.1494,0.784,-0.3456,1.413,0.0907,0.539,-0.207,99.2,9.65,704,0.727,0.0286
10,1,112,460613.33,4.606,0.1654,0.825,-0.274,1.315,0.0712,0.445,-0.1888,99.2,9.67,705,0.702,0.0282
10,1,113,379373.76,3.794,0.143,0.747,-0.3794,1.369,0.0821,0.504,-0.1906,99.2,9.67,708,0.712,0.0273
10,1,114,554801.25,5.548,0.1874,0.939,-0.2764,1.615,0.128,0.715,-0.1721,99.2,9.69,696,0.714,0.0282
10,1,115,637668.34,6.377,0.2041,1.019,-0.2978,1.681,0.1394,0.778,-0.1614,99.2,9.68,730,0.726,0.0285
10,1,116,378187.49,3.782,0.1426,0.76,-0.3209,1.434,0.0949,0.554,-0.2478,99.2,9.65,729,0.716,0.0263
10,1,117,379559.64,3.796,0.1431,0.744,-0.3677,1.233,0.054,0.354,-0.2341,99.2,9.68,712,0.701,0.0263
10,1,118,511831.94,5.118,0.1778,0.89,-0.3474,1.441,0.0961,0.569,-0.1792,99.2,9.68,730,0.711,0.0285
10,1,119,383359.95,3.834,0.1442,0.758,-0.3937,1.611,0.1272,0.718,-0.1769,99.2,9.68,701,0.712,0.0262
10,1,120,467878.61,4.679,0.1673,0.874,-0.341,1.423,0.0926,0.554,-0.2041,99.2,9.68,721,0.713,0.0288
10,1,121,557559.12,5.576,0.188,0.965,-0.2992,1.594,0.1243,0.692,-0.2207,99.2,9.65,716,0.722,0.029
10,1,122,532204.59,5.322,0.1824,0.912,-0.3375,1.651,0.1342,0.721,-0.1892,99.2,9.67,693,0.716,0.0291
10,1,123,367289.73,3.673,0.1393,0.757,-0.3616,1.565,0.119,0.686,-0.1662,99.2,9.69,683,0.717,0.0284
10,1,124,337732.2,3.377,0.1298,0.682,-0.4192,1.209,0.0489,0.333,-0.2631,99.2,9.69,721,0.71,0.0271
10,1,125,295102.85,2.951,0.1146,0.627,-0.3619,1.369,0.0822,0.483,-0.1935,99.2,9.65,721,0.7,0.0269
10,1,126,411060.81,4.111,0.1522,0.782,-0.4365,1.585,0.1228,0.692,-0.1735,99.2,9.67,719,0.708,0.0293
10,1,127,392678.42,3.927,0.147,0.776,-0.3578,1.33,0.0743,0.475,-0.1909,99.2,9.67,703,0.718,0.0285
10,1,128,470110.8,4.701,0.1678,0.857,-0.3073,1.49,0.1054,0.597,-0.1938,99.2,9.67,726,0.734,0.0289
10,1,129,427141.07,4.271,0.1567,0.816,-0.3622,1.53,0.1128,0.623,-0.1975,99.2,9.69,689,0.707,0.0271
10,1,130,498220.84,4.982,0.1747,0.911,-0.3233,1.636,0.1317,0.735,-0.1882,99.2,9.69,702,0.726,0.0312
10,1,131,348119.6,3.481,0.1332,0.711,-0.3551,1.31,0.0702,0.429,-0.2376,99.2,9.68,682,0.708,0.0281
10,1,132,398820.37,3.988,0.1487,0.785,-0.368,1.502,0.1077,0.615,-0.2138,99.2,9.67,712,0.702,0.0281
10,1,133,553868.67,5.539,0.1872,0.926,-0.3128,1.511,0.1094,0.619,-0.1906,99.2,9.67,730,0.719,0.0278
10,1,134,525523.86,5.255,0.1809,0.915,-0.3143,1.672,0.1378,0.763,-0.1589,99.2,9.66,705,0.721,0.0296
10,1,135,498961.34,4.99,0.1748,0.91,-0.339,1.563,0.1188,0.682,-0.178,99.2,9.67,720,0.721,0.0275
10,1,136,456475.21,4.565,0.1644,0.823,-0.4189,1.654,0.1348,0.719,-0.1793,99.2,9.67,700,0.724,0.0301
10,1,137,355880.92,3.559,0.1357,0.728,-0.3361,1.714,0.1449,0.756,-0.1822,99.2,9.66,695,0.702,0.0285
10,1,138,314816.77,3.148,0.1218,0.663,-0.327,1.377,0.0837,0.518,-0.2611,99.2,9.68,717,0.696,0.0249
10,1,139,320412.78,3.204,0.1238,0.677,-0.3087,1.229,0.0531,0.358,-0.21,99.2,9.68,693,0.688,0.026
10,1,140,367549.21,3.675,0.1394,0.743,-0.3717,1.368,0.0819,0.5,-0.2252,99.2,9.69,686,0.704,0.0269
10,1,141,393201.33,3.932,0.1471,0.776,-0.3627,1.437,0.0953,0.562,-0.1823,99.2,9.69,682,0.708,0.0267
10,1,142,367363.89,3.674,0.1393,0.741,-0.3388,1.48,0.1035,0.595,-0.1817,99.2,9.68,690,0.701,0.0261
10,1,143,411363.42,4.114,0.1523,0.806,-0.3151,1.451,0.098,0.59,-0.176,99.2,9.68,699,0.702,0.029
10,1,144,449701.08,4.497,0.1626,0.846,-0.3141,1.406,0.0894,0.524,-0.2617,99.2,9.66,694,0.7,0.0282
10,1,145,534874.23,5.349,0.183,0.9,-0.3537,1.433,0.0946,0.547,-0.2599,99.2,9.67,734,0.718,0.0298
10,1,146,401259.37,4.013,0.1494,0.784,-0.2865,1.447,0.0973,0.574,-0.1704,99.2,9.67,712,0.694,0.0261
10,1,147,440078.51,4.401,0.1601,0.829,-0.3678,1.484,0.1043,0.599,-0.1973,99.2,9.69,722,0.708,0.0285
10,1,148,541297.73,5.413,0.1845,0.934,-0.3972,1.817,0.1618,0.874,-0.1658,99.2,9.68,726,0.698,0.0283
10,1,149,438963.37,4.39,0.1598,0.852,-0.2461,1.413,0.0908,0.548,-0.2065,99.2,9.68,713,0.714,0.028
10,1,150,514314.51,5.143,0.1784,0.947,-0.2841,1.766,0.1536,0.831,-0.1739,99.2,9.68,724,0.72,0.0282
10,1,151,476811.9,4.768,0.1695,0.858,-0.2719,1.69,0.1409,0.76,-0.1954,99.2,9.69,716,0.711,0.0312
10,1,152,489456.12,4.895,0.1726,0.863,-0.3757,1.57,0.1201,0.659,-0.1893,99.2,9.67,711,0.727,0.0297
10,1,153,481474.09,4.815,0.1706,0.895,-0.2495,1.426,0.0933,0.539,-0.2196,99.2,9.63,746,0.712,0.0271
10,1,154,424466.9,4.245,0.1559,0.813,-0.2688,1.237,0.0548,0.363,-0.1947,99.2,9.67,725,0.701,0.0275
10,1,155,489729.8,4.897,0.1726,0.896,-0.3319,1.537,0.114,0.673,-0.1816,99.2,9.68,704,0.72,0.0305
10,1,156,396986.8,3.97,0.1482,0.781,-0.3929,1.618,0.1285,0.716,-0.1978,99.2,9.69,695,0.729,0.0284
10,1,157,429565.98,4.296,0.1573,0.812,-0.4173,1.434,0.0947,0.55,-0.2147,99.2,9.66,724,0.72,0.0316
10,1,158,402666.48,4.027,0.1498,0.792,-0.3436,1.562,0.1186,0.67,-0.1819,99.2,9.67,718,0.712,0.0282
10,1,159,342514.06,3.425,0.1313,0.697,-0.3409,1.453,0.0983,0.567,-0.2107,99.2,9.66,712,0.715,0.0264
10,1,160,404715.33,4.047,0.1504,0.804,-0.3453,1.503,0.1077,0.624,-0.1589,99.2,9.7,700,0.723,0.0286
10,1,161,563977.23,5.64,0.1893,0.971,-0.335,1.547,0.1158,0.69,-0.1966,99.2,9.68,700,0.716,0.03
10,1,162,351778.1,3.518,0.1344,0.707,-0.3887,1.376,0.0835,0.498,-0.2489,99.2,9.69,701,0.7,0.0285
10,1,163,336074.9,3.361,0.1292,0.696,-0.3619,1.221,0.0514,0.35,-0.2149,99.2,9.69,716,0.716,0.0277
10,1,164,336121.73,3.361,0.1292,0.698,-0.3712,1.354,0.079,0.472,-0.2004,99.2,9.68,729,0.7,0.026
10,1,165,388535.14,3.885,0.1457,0.739,-0.4175,1.411,0.0904,0.522,-0.2331,99.2,9.7,712,0.708,0.0296
10,1,166,544259.8,5.443,0.1851,0.932,-0.3627,1.701,0.1427,0.792,-0.1718,99.2,9.66,733,0.714,0.0266
10,1,167,473497.85,4.735,0.1687,0.864,-0.3228,1.611,0.1273,0.701,-0.2236,99.2,9.68,708,0.713,0.0291
10,1,168,334553.95,3.346,0.1287,0.685,-0.3549,1.26,0.0599,0.382,-0.2118,99.2,9.68,690,0.69,0.0278
10,1,169,338359.03,3.384,0.13,0.706,-0.3482,1.35,0.0783,0.476,-0.2417,99.2,9.67,694,0.684,0.0268
10,1,170,304683.98,3.047,0.1182,0.662,-0.312,1.384,0.085,0.518,-0.1909,99.2,9.66,682,0.698,0.0256
10,1,171,458147.33,4.581,0.1648,0.842,-0.3052,1.467,0.101,0.588,-0.2055,99.2,9.66,721,0.714,0.0263
10,1,172,815871.94,8.159,0.2342,1.103,-0.303,1.779,0.1557,0.822,-0.1967,99.2,9.66,737,0.72,0.0293
10,1,173,499623.01,4.996,0.175,0.903,-0.3213,1.55,0.1164,0.671,-0.2086,99.2,9.67,712,0.699,0.0286
10,1,174,540824.2,5.408,0.1844,0.934,-0.3294,1.686,0.1403,0.762,-0.1954,99.2,9.67,718,0.703,0.0264
10,1,175,730775.25,7.308,0.2206,1.071,-0.3412,1.829,0.1638,0.882,-0.177,99.2,9.67,737,0.738,0.0294
10,1,176,565502.43,5.655,0.1897,0.958,-0.3546,1.791,0.1576,0.845,-0.2055,99.2,9.69,738,0.722,0.0294
10,1,177,422034.06,4.22,0.1553,0.819,-0.3528,1.387,0.0856,0.518,-0.2271,99.2,9.68,726,0.725,0.027
10,1,178,521880.91,5.219,0.1801,0.907,-0.338,1.696,0.142,0.799,-0.1589,99.2,9.67,724,0.728,0.0301
10,1,179,435313.5,4.353,0.1589,0.82,-0.4066,1.642,0.1328,0.745,-0.1839,99.2,9.66,739,0.736,0.0295
10,1,180,415650.49,4.157,0.1535,0.811,-0.3401,1.324,0.0731,0.463,-0.2488,99.2,9.68,707,0.719,0.0284
10,1,181,559390.17,5.594,0.1884,0.954,-0.2889,1.746,0.1504,0.775,-0.1876,99.2,9.65,755,0.719,0.0297
10,1,182,498412.66,4.984,0.1747,0.9,-0.3409,1.487,0.1047,0.608,-0.1582,99.2,9.66,721,0.724,0.0295
10,1,183,467856.8,4.679,0.1673,0.851,-0.3528,1.51,0.109,0.633,-0.1819,99.2,9.67,710,0.713,0.0273
10,1,184,310200.57,3.102,0.1202,0.638,-0.4059,1.494,0.1061,0.576,-0.2427,99.2,9.67,706,0.697,0.0286
10,1,185,416094.86,4.161,0.1536,0.788,-0.3903,1.632,0.1309,0.712,-0.2144,99.2,9.65,723,0.7,0.0271
10,1,186,389847.51,3.898,0.1461,0.767,-0.275,1.428,0.0936,0.551,-0.2294,99.2,9.68,713,0.708,0.0283
10,1,187,513811.79,5.138,0.1783,0.924,-0.2767,1.442,0.0964,0.556,-0.2406,99.2,9.67,715,0.71,0.0285
10,1,188,340334.09,3.403,0.1306,0.705,-0.346,1.184,0.0434,0.316,-0.1904,99.2,9.67,701,0.693,0.0264
10,1,189,753922.78,7.539,0.2245,1.11,-0.2933,1.736,0.1486,0.812,-0.1875,99.2,9.66,738,0.73,0.0285
10,1,190,361060.47,3.611,0.1373,0.72,-0.2798,1.371,0.0825,0.483,-0.2014,99.2,9.67,732,0.706,0.0284
10,1,191,330920.24,3.309,0.1274,0.676,-0.3715,1.356,0.0794,0.48,-0.202,99.2,9.69,713,0.701,0.0271
10,1,192,492109.1,4.921,0.1732,0.906,-0.2431,1.569,0.1198,0.68,-0.2223,99.2,9.66,706,0.711,0.0271
10,1,193,537959.93,5.38,0.1837,0.955,-0.306,1.653,0.1345,0.749,-0.1744,99.2,9.67,728,0.712,0.0268
10,1,194,424350.96,4.244,0.1559,0.814,-0.2634,1.477,0.103,0.595,-0.1839,99.2,9.66,691,0.703,0.0275
10,1,195,497232.61,4.972,0.1744,0.899,-0.3186,1.47,0.1016,0.599,-0.1699,99.2,9.66,708,0.713,0.0288
10,1,196,399962.8,4.0,0.1491,0.785,-0.4065,1.398,0.0878,0.524,-0.2236,99.2,9.68,716,0.719,0.0283
10,1,197,436512.48,4.365,0.1592,0.83,-0.3174,1.604,0.1261,0.695,-0.205,99.2,9.66,757,0.712,0.0274
10,1,198,558339.48,5.583,0.1881,0.937,-0.3108,1.563,0.1188,0.666,-0.1854,99.2,9.67,712,0.733,0.03
10,1,199,529680.83,5.297,0.1819,0.955,-0.2643,1.6,0.1253,0.698,-0.2123,99.2,9.67,713,0.712,0.0285
