month_start,n_completed,lean_0,lean_1,lean_2,lean_3,lean_4,lean_5,lean_6,lean_7,lean_8,lean_9,lean_10,lean_11,lean_12,lean_13,lean_14,lean_15
2016-01-04,0,,,,,,,,,,,,,,,,
2016-02-01,6847,-0.10601552571569046,-0.10601552571569046,-0.08874038897655138,-0.10601552571569046,-0.0526370195788624,-0.10601552571569046,-0.07093652871596463,-0.10601552571569046,-0.10601552571569046,-0.10601552571569046,-0.10601552571569046,-0.10601552571569046,-0.10601552571569046,-0.10601552571569046,-0.10601552571569046,-0.10601552571569046
2016-03-01,16655,-0.12592945642644737,-0.12592945642644737,-0.03465407281751729,-0.12592945642644737,-0.0024058362920857867,-0.09401764020283997,-0.07078390211665982,-0.19587988831601713,-0.07738222514109241,-0.15560415796098587,-0.12592945642644737,-0.1276469424551108,-0.12592945642644737,-0.12592945642644737,-0.12592945642644737,-0.12592945642644737
2016-04-01,27468,-0.12122048849263527,-0.12122048849263527,-0.03754264900520701,-0.12122048849263527,-0.016525248657980402,-0.1065858652760227,-0.1832937950302254,-0.19356029696814797,0.02288925094660332,-0.05889133293092016,0.024681801668160697,-0.06146229867533357,-0.12122048849263527,-0.12122048849263527,-0.12122048849263527,-0.12122048849263527
2016-05-02,37824,-0.09188748687997766,-0.09188748687997766,-0.06107936867957882,-0.09188748687997766,-0.09729571433390528,-0.11101507678410286,-0.12694987201145314,-0.15184582361222027,-0.011654574598651553,-0.035426331386336316,0.022960309890978255,-0.05498149670875465,-0.09188748687997766,-0.09188748687997766,-0.09188748687997766,-0.09188748687997766
2016-06-01,48176,-0.03355318172806733,-0.08209107551052529,-0.06372929476415808,-0.08209107551052529,-0.15484379864059739,-0.07789114854993183,-0.09950057804175383,-0.13338250865701545,-0.045918979325196896,-0.06338169293888304,-0.05701623872818245,-0.08632560427177571,-0.08209107551052529,-0.08209107551052529,-0.08209107551052529,-0.08209107551052529
2016-07-01,59033,-0.03005676087318066,-0.09122153177157634,-0.06605244448358079,-0.09122153177157634,-0.16539359943743484,-0.09483790136006422,-0.11688555568147392,-0.1549200661863014,-0.05160915831239463,-0.08758834821696834,-0.04009934544812169,-0.0742162633889689,-0.09122153177157634,-0.09122153177157634,-0.09122153177157634,-0.09122153177157634
2016-08-01,68908,-0.04993016725432725,-0.07892606569388604,-0.1082345725709021,-0.07892606569388604,-0.1980649908242991,-0.11752005210593792,-0.11190228566452089,-0.16466040100485094,-0.03667369981584102,-0.08898660166440729,-0.01843446568934263,-0.05883657322162553,-0.07892606569388604,-0.07195109726435243,-0.07892606569388604,-0.07892606569388604
2016-09-01,80362,-0.03767902082035505,-0.060886436587735265,-0.10199916287586933,-0.060886436587735265,-0.1683241819848755,-0.06287588713427852,-0.08197139465913693,-0.09577416026230125,-0.031784469092773916,-0.07159666506370223,0.012560523534846465,-0.053161913220026155,-0.060886436587735265,-0.06344255061830244,-0.060886436587735265,-0.060886436587735265
2016-10-03,90865,-0.028045693408397895,-0.059840547121703135,-0.09563127709015208,-0.059840547121703135,-0.15204569330362544,-0.026101564703108114,-0.06800498397966753,-0.07552251510404775,-0.03921279968903591,-0.08558378552159672,0.018553159856992747,-0.07357288352684857,-0.059840547121703135,-0.06142455117448479,-0.059840547121703135,-0.059840547121703135
2016-11-01,101386,-0.032705488095290426,-0.06088103448557505,-0.0937143333984048,-0.06088103448557505,-0.13236665256856547,-0.012924856877193113,-0.07202314050810306,-0.06094612463010761,-0.04660956881660329,-0.08913561884529625,0.01664982500375692,-0.08464848865663982,-0.06088103448557505,-0.06391576363377308,-0.06088103448557505,-0.06088103448557505
2016-12-01,111907,-0.03389501800837353,-0.04842322013952508,-0.07876894542865322,-0.04842322013952508,-0.11960509701871382,0.012969561300246105,-0.06641373773863926,-0.052592253999201734,-0.04071089338853175,-0.06936889918818874,0.012604603794905717,-0.06297468907574034,-0.04842322013952508,-0.07210060834929741,-0.04842322013952508,-0.04842322013952508
2017-01-03,122442,-0.03566501576108998,-0.03759186431711343,-0.07468448224294254,-0.03759186431711343,-0.10731984223047794,0.016985597083407945,-0.04779511298382217,-0.0469448283485707,-0.024417422964611697,-0.06556514385848088,0.04111159685171487,-0.06573680592226434,-0.03759186431711343,-0.0728193747600026,-0.03759186431711343,-0.03759186431711343
2017-02-01,132492,-0.029883555749649758,-0.03159380376686818,-0.06973913434870424,-0.03159380376686818,-0.10215414332410397,0.017539581074017967,-0.04052846157792897,-0.036003482609868354,-0.019155510750127083,-0.05498713316969885,0.04022857437143468,-0.06457185693393616,-0.03159380376686818,-0.06987221398401026,-0.03159380376686818,-0.03159380376686818
2017-03-01,142047,-0.03985215902723445,-0.029125994526430537,-0.07822960486234125,-0.029125994526430537,-0.10210508713602996,0.02094931921152215,-0.03638525761666652,-0.03413102994210418,-0.015728375205791546,-0.047075701556864566,0.031107650022459847,-0.05439447011914177,-0.029125994526430537,-0.06205229250529357,-0.029125994526430537,-0.029125994526430537
2017-04-03,153599,-0.036840771219642694,-0.02964980698924424,-0.08628430550651128,-0.02964980698924424,-0.10238181906981397,0.03119862264855912,-0.04409856937483117,-0.030804794284558706,-0.016219451336731784,-0.04549755963160368,0.032475528228978326,-0.05690168473733489,-0.02964980698924424,-0.06155074613592926,-0.02964980698924424,-0.02964980698924424
2017-05-01,163143,-0.03315245815652095,-0.02601036456607844,-0.08586196892106165,-0.02601036456607844,-0.09229661541948593,0.03940254331570194,-0.04120247625893336,-0.01916730876552625,-0.012744483424724515,-0.04292996998874896,0.03380432210863041,-0.054404641188452674,-0.02601036456607844,-0.05542988927426898,-0.02601036456607844,-0.02601036456607844
2017-06-01,174187,-0.03215551848477378,-0.02725947960477916,-0.07579280692395059,-0.02725947960477916,-0.0897150090390936,0.03531639075797355,-0.03843588541334043,-0.02488938320862496,-0.01543581309104904,-0.04156725774156596,0.03811175355072547,-0.05074538578691312,-0.02725947960477916,-0.04721653000218943,-0.02725947960477916,-0.02725947960477916
2017-07-03,185225,-0.03106731454917397,-0.029229729419054565,-0.07208604301808212,-0.029229729419054565,-0.09007511629660049,0.01846135309769313,-0.036620294821245736,-0.027151609121020565,-0.01807853277921596,-0.03936574589940995,0.03313428443683695,-0.057203683995206485,-0.029229729419054565,-0.07474814715245548,-0.029229729419054565,-0.029229729419054565
2017-08-01,195260,-0.027610177654269867,-0.0318010280213208,-0.07284273867436454,-0.0318010280213208,-0.08933837148800172,0.015168440884325481,-0.040906953187327795,-0.02650156767642015,-0.02280992097040364,-0.044461310670685726,0.032487424682616395,-0.05489413367268194,-0.0318010280213208,-0.07489845578175629,-0.0318010280213208,-0.0318010280213208
2017-09-01,206810,-0.011024162192743669,-0.03560488745735119,-0.0466804655586045,-0.0015955867375065892,-0.07899930815701062,0.028218972225548818,-0.046592127858445916,-0.028134847794320062,-0.028724663014759868,-0.04659974275483812,0.025245838078174664,-0.057522129371971153,-0.03560488745735119,-0.06172930271553305,-0.03560488745735119,-0.03560488745735119
2017-10-02,216817,-0.009853373353957143,-0.03582699576030234,-0.05346027449485291,-0.013985911096987278,-0.076200935888428,0.0178175666644259,-0.04510750052992436,-0.030027865709378487,-0.027394317843929417,-0.0449444591075534,0.023800990553101985,-0.05551361318206391,-0.03582699576030234,-0.05757840483290662,-0.03582699576030234,-0.03582699576030234
2017-11-01,227839,-0.016162720642788442,-0.037229255230741144,-0.054187934237027544,-0.014566310732965078,-0.07703549690473227,0.016536968104644615,-0.044352204052151165,-0.031438789826076424,-0.030480622894172874,-0.04787596360525489,0.022102521184758965,-0.05322036739677068,-0.037229255230741144,-0.05477511124926071,-0.037229255230741144,-0.037229255230741144
2017-12-01,238360,-0.01640612443918788,-0.03475103651622162,-0.0537073129500017,-0.02757251265675531,-0.07377418969263494,0.01423382629950537,-0.042602798274584554,-0.02970643905305441,-0.027797443455914825,-0.04418702250807823,0.018696113307241875,-0.05050659366877941,-0.03475103651622162,-0.05514382540924231,-0.03475103651622162,-0.03475103651622162
2018-01-02,248392,-0.019655944144691316,-0.03262725295376184,-0.05438522246339581,-0.034596202904140366,-0.07735952193813138,0.01504184595637712,-0.04159257767364646,-0.027615657451034996,-0.025357966077032328,-0.04079443661083455,0.014610761335013043,-0.04903330769987936,-0.03262725295376184,-0.04292222153913954,-0.03262725295376184,-0.03262725295376184
2018-02-01,258928,-0.021523232633281274,-0.02855285377393938,-0.053785387237561065,-0.06594576850181888,-0.08073171708939482,0.007846162528431544,-0.03994614897841856,-0.025709297516303773,-0.017078639854551863,-0.03519559355217171,0.027659988590920326,-0.038259803408504656,-0.02855285377393938,-0.022353536787839873,-0.02855285377393938,-0.02855285377393938
2018-03-01,268464,0.049325151090772124,-0.043822508314545115,-0.05285327467035048,-0.0456670550919532,-0.09515172310647642,0.0003824777228731199,-0.05911690797225169,-0.034543779051303895,-0.043664461788571224,-0.039155861216113974,-0.029236116715549397,-0.051758359302769064,-0.043822508314545115,-0.0673639329459189,-0.043822508314545115,-0.043822508314545115
2018-04-02,278980,0.05095259352668805,-0.0506487976861457,-0.049097165284898325,-0.04017865423114003,-0.09251141056972344,0.0023964675128629303,-0.06910799057374292,-0.04025198078270098,-0.05650587634252344,-0.04488254448544108,-0.036614194607928766,-0.05791892873951227,-0.11543441002392671,-0.07171840060716297,-0.0506487976861457,-0.0506487976861457
2018-05-01,289496,0.05202858624042445,-0.05079239816559438,-0.04980510830742709,-0.03277130514396368,-0.08898861857246634,-0.005665166656782179,-0.06674846331760184,-0.03799083214705674,-0.055436220799634235,-0.04709465797911145,-0.03638146586391159,-0.06513264941233014,-0.1210942390396994,-0.06621492590910887,-0.05079239816559438,-0.05079239816559438
2018-06-01,300531,0.047512895868166205,-0.05153375653900511,-0.05067318193438826,-0.019663140693273944,-0.08835291422392835,-0.002169064040928774,-0.06425193118970134,-0.037837322448293534,-0.05913783832424146,-0.048532285703272476,-0.040056067669229124,-0.07161302857545021,-0.09613845591150871,-0.06676028847484237,-0.05153375653900511,-0.05153375653900511
2018-07-02,311046,0.04618249099105322,-0.05148358890820008,-0.049105889486200094,-0.015029843834971702,-0.08601241584760119,-0.002045158597666278,-0.06634308400517296,-0.03555699424649345,-0.058387816213075636,-0.0485593878395843,-0.04344517329685988,-0.0711217823837276,-0.09722192799333787,-0.06565666577622241,-0.05148358890820008,-0.05148358890820008
2018-08-01,321567,0.043113347671129516,-0.05006139463111039,-0.056255987623536785,-0.012028033625993735,-0.08615670837994406,-0.0034495557478229715,-0.06506156363811515,-0.03564504502118512,-0.05713138834610396,-0.04574211983242969,-0.04137190971286974,-0.06996491365738135,-0.10347729201199596,-0.05946635773679242,-0.05006139463111039,-0.05006139463111039
2018-09-04,333086,0.04036363872896496,-0.049546421206826265,-0.05815790768805874,-0.009206305374889838,-0.08817751100527794,-0.00167885675965731,-0.06267707229725053,-0.03643992192286015,-0.05819169434826862,-0.04666675953378973,-0.04669238473505649,-0.06616997482152735,-0.10186993491149016,-0.05225056656948372,-0.049546421206826265,-0.157868241304264
2018-10-01,342603,0.038598456434897004,-0.050179712436713514,-0.05996916474932017,-0.009266067582503661,-0.08657337283148245,-0.003627968076222725,-0.06202064371357654,-0.03660986573435704,-0.059994736127216466,-0.048372528820827126,-0.04540436123452929,-0.0660774337679375,-0.10009716992186052,-0.05119224957328336,-0.050179712436713514,-0.158228731669523
2018-11-01,354129,0.024028543506162358,-0.06569188021227602,-0.08416568621930569,-0.11162047141412655,-0.11283972312985932,-0.046770135793936865,-0.07739921790126296,-0.060854523696010764,-0.06877568452249978,-0.05710972426063779,-0.05269553168102116,-0.0721127823767258,-0.10238246702587091,-0.05639655196391697,-0.06569188021227602,-0.16351155948255647
2018-12-03,364638,0.011698469589047626,-0.06251213941682093,-0.066978811552697,-0.07488481277953664,-0.10890409965499478,-0.040083113307632263,-0.07539712898605005,-0.0578703866883515,-0.06797008177265107,-0.05706907172543695,-0.056668443872656356,-0.07559306884860793,-0.10407955200638384,-0.05081815148342962,-0.06251213941682093,-0.15794222181654038
2019-01-02,374143,-0.030196218904881403,-0.07924604173288315,-0.10855845371889537,-0.09651641593827766,-0.1318077156006336,-0.057308719184690014,-0.09151588337827876,-0.07463429084773937,-0.0756748058155606,-0.07069146814190731,-0.0676458392505546,-0.0891157356213336,-0.10407955200638384,-0.05291261542165181,-0.07924604173288315,-0.15794222181654038
2019-02-01,384680,-0.03781065656963535,-0.0749934551041734,-0.10302167478488615,-0.05541251833868209,-0.1254113986846752,-0.04600541813644614,-0.09092339932127379,-0.071107717940724,-0.07518370534332362,-0.07004075388076814,-0.062279694087587725,-0.09075318034523344,-0.10225124566826106,-0.058170558786481294,-0.0749934551041734,-0.15568043413898644
2019-03-01,394212,-0.03840172123885877,-0.07614410387194452,-0.10175163919692227,-0.055803452231269646,-0.124417977198188,-0.04688838631860252,-0.09070224993420209,-0.07146564147295581,-0.0757640896019725,-0.07016268446763149,-0.061208375826908475,-0.09026700902722463,-0.10113077274081822,-0.06737794597110862,-0.07614410387194452,-0.1696431049081322
2019-04-01,404754,-0.04198312397205894,-0.07515896335118016,-0.10230849797747256,-0.051608164657370954,-0.12487210315273084,-0.046263119529936114,-0.09037510387694578,-0.06917120099694592,-0.0718775445060255,-0.06939361817526236,-0.05990281715942702,-0.08938544912902122,-0.10074966161694893,-0.06513705942810451,-0.07515896335118016,-0.17325711706874394
2019-05-01,415296,-0.041987070605248804,-0.07628918097077432,-0.10014503385870009,-0.048000222827933266,-0.12634539136312858,-0.044820628875514225,-0.09181491637077269,-0.0694846776154789,-0.07551015728392409,-0.07308614043660987,-0.06147765128896606,-0.09100160660233758,-0.10120559415797396,-0.0664954531656443,-0.07628918097077432,-0.16635714999203918
2019-06-03,426340,-0.035354441227606996,-0.07612113210718943,-0.09496300782353202,-0.049707962327900514,-0.11758598526768817,-0.04189578030661151,-0.0904174537165285,-0.06831385011282042,-0.07601591683379709,-0.07343351146822696,-0.06030476805571875,-0.09005056244943925,-0.09836573250099111,-0.06416859159494398,-0.07612113210718943,-0.16347517649746915
2019-07-01,436319,-0.032713932156990956,-0.07499162087855749,-0.09881288219157297,-0.048481503990840384,-0.1159020716972325,-0.04256352009574178,-0.08804677522979615,-0.06889869231887996,-0.07500116106821422,-0.07389868175576643,-0.06105076010820732,-0.08862463192286357,-0.09520382529485841,-0.06878051287251219,-0.07499162087855749,-0.14907904080440407
2019-08-01,447272,-0.03183606338241868,-0.07388083055480095,-0.09992021494257283,-0.048064287310878986,-0.11573227418298028,-0.04219330815842468,-0.08740292184856806,-0.06870724908416731,-0.07550649016803877,-0.07436653892007884,-0.05953541304902581,-0.08729609541783814,-0.08833652388889408,-0.06921926854736744,-0.07388083055480095,-0.15118755075675808
2019-09-03,458233,-0.02489360186296765,-0.07699827169825234,-0.0991631484070999,-0.03349415296202847,-0.11348245970702808,-0.031062577706152377,-0.08957891141981769,-0.07047374520363921,-0.0789395010424799,-0.07803463800060453,-0.060805885186531954,-0.09023819389473126,-0.08625874516267261,-0.07278869995057018,-0.07699827169825234,-0.15352879622946325
2019-10-01,468185,-0.023852862362379434,-0.07384280084317082,-0.1010441706389039,-0.031035149740986295,-0.11333017345920945,-0.03295198661532813,-0.0902863128251327,-0.06483044869323636,-0.07762569302614697,-0.07326199506249369,-0.057626990159324994,-0.08315270113300723,-0.08704201387844435,-0.0752972776194863,-0.07384280084317082,-0.14715752540679689
2019-11-01,479634,-0.02354162217893719,-0.07386862100229151,-0.1005263276391019,-0.030939985078704046,-0.11168533226203042,-0.035917889797947807,-0.08900987374608456,-0.06694864526362992,-0.07783639480964316,-0.07453285840416579,-0.058403546144803725,-0.0829068318902337,-0.08704201387844435,-0.07550888004679468,-0.07386862100229151,-0.14715752540679689
2019-12-02,489538,-0.020514220563979634,-0.07443473727903159,-0.1017699264731202,-0.030165336241730456,-0.11212770534874253,-0.03674894170683022,-0.08944381375750116,-0.06842803567457134,-0.07718276712010813,-0.07449184649279747,-0.05670863449355002,-0.08294393826655949,-0.07881865631626485,-0.07508833407268933,-0.07443473727903159,-0.14899480123086398
2020-01-02,499887,-0.021257931895749465,-0.07362451345752591,-0.10170694107594433,-0.0310194074268607,-0.11251382406248774,-0.036500066281981554,-0.08984129983313495,-0.06713782675162767,-0.07493150885113307,-0.0751080572953303,-0.055408404629478034,-0.08207954563580236,-0.0778218936807745,-0.07369743365953921,-0.07362451345752591,-0.14846505950262873
2020-02-03,510234,-0.020406539315534974,-0.07279692188831627,-0.10181368821074498,-0.03048445892806103,-0.11425719654018685,-0.035681814269380004,-0.09027653047969887,-0.06675626808077854,-0.074198152262643,-0.07331008807132777,-0.05346111116895331,-0.07745665661278964,-0.09246278330426866,-0.07047519513917574,-0.07279692188831627,-0.11834227758018945
2020-03-02,519600,-0.0207008357211916,-0.07995639033567824,-0.10599810094757264,-0.03544770278471917,-0.11697610032666562,-0.04122142917289121,-0.09630696960057075,-0.07444747048733782,-0.08085626430642666,-0.07978420526672383,-0.05943656997496457,-0.08818702715898474,-0.13110829520490305,-0.07117944538510071,-0.07995639033567824,-0.09798551468480235
2020-04-01,530430,-0.3727834807010001,-0.2655831654603287,-0.18835346665652428,-0.23252589375444532,-0.1399075061017305,-0.09091471809978555,-0.10006517039372727,-0.08392703717868634,-0.08214634869839359,-0.08306902094965522,-0.06167569999534228,-0.08899291637271767,-0.12897990828414038,-0.08243513627801415,-0.09650542700192433,-0.11081542629625452
2020-05-01,540703,-0.3685884703938497,-0.23015093835368,-0.17807126535899995,-0.23328138426307926,-0.12967539158276428,-0.08833878687776069,-0.09579087051540112,-0.08349102239745484,-0.08055544803276071,-0.07919428191564999,-0.06042383352713817,-0.0826421267024776,-0.11795754719986258,-0.07223540338877106,-0.09165517324078856,-0.13633023678950318
2020-06-01,550470,-0.3679904145948445,-0.23058511862802858,-0.17722127924660888,-0.2292916784515451,-0.12877563091893773,-0.08856697769853501,-0.09486576571842065,-0.08231949943662323,-0.07929127746973907,-0.07937355210867389,-0.06214430338920624,-0.08347705981354556,-0.12239654559639139,-0.07303941857362964,-0.09050776641833881,-0.13496945025460175
2020-07-01,561228,-0.3679904145948445,-0.23058511862802858,-0.17702347087276565,-0.2292916784515451,-0.12732841038106532,-0.08825130203455551,-0.08852091525080348,-0.08009414387561418,-0.07383964852670527,-0.07509130362565639,-0.061337270029624746,-0.0860376927448032,-0.12562798226846014,-0.08767520609100857,-0.08777251497350513,-0.1358140514815348
2020-08-03,572025,-0.36810353629025927,-0.23058511862802858,-0.1770061686740393,-0.2292916784515451,-0.12948119320202858,-0.08860737297189197,-0.09010313385417237,-0.07655071854286877,-0.07327483893228887,-0.07381844143386754,-0.061025381184352544,-0.08729375802574166,-0.12610048135187518,-0.08659530909927231,-0.08701107578497529,-0.13720763642011594
2020-09-01,582373,-0.3682764847454988,-0.2308940390614115,-0.17637947155366793,-0.22937581545700123,-0.13011393773479926,-0.08792939228809983,-0.08986679263731609,-0.075374648116566,-0.07386582265715569,-0.07009398296308995,-0.05997128648095897,-0.08669869009634895,-0.12328262720110615,-0.08561409868222566,-0.08610145098513812,-0.13360907005967304
2020-10-01,592731,-0.3688080593853718,-0.2308940390614115,-0.1764493235310122,-0.22953844881976287,-0.12996974451377236,-0.08839026354770387,-0.08861329179508365,-0.07068256706436075,-0.07129722000722853,-0.06869685297724336,-0.0604244517958479,-0.08744948899928315,-0.12320798429460372,-0.08743546837707034,-0.08421212320647566,-0.13997916836362337
2020-11-02,603549,-0.36846897527530753,-0.23004028129445175,-0.1763551652737395,-0.22960692004323494,-0.13018486450658845,-0.08762153573502181,-0.0871095074694855,-0.07312944819933165,-0.07031538195091841,-0.06755773380002285,-0.06000898326251056,-0.08686447022819808,-0.12320798429460372,-0.0847700941181853,-0.08324271870514491,-0.13997916836362337
2020-12-01,613381,-0.36898079650072063,-0.23004028129445175,-0.1788457942987492,-0.22977999091731907,-0.13177899254684866,-0.08868300801106692,-0.08633788152834126,-0.07274711793464252,-0.07088349036904366,-0.06885957321370366,-0.060151599630716,-0.08912405704902694,-0.11949146445082617,-0.08664230260038636,-0.08285779735003213,-0.1416058183830178
2021-01-04,624220,-0.36898079650072063,-0.23004028129445175,-0.17904413098780073,-0.22977999091731907,-0.13107535015052663,-0.08732654996272725,-0.08235699461091482,-0.06922031010143204,-0.0664228944377499,-0.06517742112140276,-0.05906294080413245,-0.0877409940869608,-0.11971042282786702,-0.08656040560452516,-0.08014341035389869,-0.13881456049664276
2021-02-01,633619,-0.36898079650072063,-0.23004028129445175,-0.17923283228424483,-0.22977999091731907,-0.13135586885216702,-0.08704302554054912,-0.07940579830037452,-0.06820154509451584,-0.062155182788032726,-0.06266040639293913,-0.0572956967438157,-0.0866619996284077,-0.11971042282786702,-0.08395913594046406,-0.07736443898690261,-0.13881456049664276
2021-03-01,643062,-0.36898079650072063,-0.23004028129445175,-0.17984377452905065,-0.22977999091731907,-0.13202025864914033,-0.08661238914781508,-0.0805720117188103,-0.06725072876397202,-0.06263241680249325,-0.0632151684189169,-0.057425536462067585,-0.08711834606096527,-0.11949045111840005,-0.08410902200930073,-0.07777102376602683,-0.14142550925688951
2021-04-01,654496,-0.3693579890806868,-0.23004028129445175,-0.17872037589288298,-0.2295162741869029,-0.13349241563946168,-0.08615075878249248,-0.08230303709395495,-0.06762793076767347,-0.06158251494695115,-0.06380781391695774,-0.05709959801949542,-0.08699798188894246,-0.11960143702397034,-0.08546947150112136,-0.07756064441373796,-0.14142550925688951
2021-05-03,664961,-0.36905665421010025,-0.21142235236076484,-0.1790299173636506,-0.2286838283084703,-0.133965141550687,-0.08657996964241674,-0.08250585916768369,-0.06730004108142995,-0.06204116489763533,-0.06402686039469811,-0.05840641532653624,-0.08687580455781682,-0.11948177934544756,-0.08631841200053735,-0.07752182833608194,-0.14005547789110012
2021-06-01,674982,-0.36987576479148565,-0.21142235236076484,-0.1782504656590885,-0.22431158879979976,-0.13346507604638788,-0.08742042719118072,-0.08186231824419454,-0.06649214938288375,-0.06170581703886992,-0.06418358001838975,-0.054540128539833296,-0.0865863275544329,-0.1205772949557374,-0.08155120167952272,-0.07694802304650769,-0.14521202169350295
2021-07-01,686034,-0.3715923521543895,-0.21142235236076484,-0.17897069486639264,-0.22250193319967942,-0.13288893364613155,-0.08585873450561293,-0.0816133209001878,-0.06435433040309299,-0.06142345765929218,-0.06378597035391012,-0.054298060828204334,-0.08622776562823038,-0.1246085430973075,-0.082626700638963,-0.07617113615608058,-0.1398336323381927
2021-08-02,696571,-0.37190654837246,-0.21142235236076484,-0.18001305398705417,-0.22130612893081344,-0.13410641860987801,-0.08232611072931835,-0.08073665050863583,-0.06198519105746676,-0.06144821076813274,-0.06440574994362146,-0.05471680833592312,-0.08613551892319395,-0.12678803161521396,-0.08387181322072254,-0.07604779610888246,-0.1401708261153804
2021-09-01,707590,-0.37134063820547597,-0.2099272683651703,-0.17903162806900083,-0.22214689389180858,-0.13309292214822044,-0.08026232149664643,-0.07930843743421116,-0.05972802456768331,-0.06118941307670061,-0.06574070425835078,-0.05478074780040591,-0.08705784261886325,-0.12774835293866388,-0.08406994576452005,-0.0753415607062716,-0.1304113773571002
2021-10-01,718108,-0.3708924509590161,-0.2099272683651703,-0.1750696192542713,-0.2223435105350321,-0.12633748532881112,-0.0747629845147234,-0.07951478102131576,-0.05977794323873564,-0.061442765638280404,-0.06664894744036282,-0.054263044734503156,-0.08774729789261167,-0.12836511509059528,-0.08528036687707584,-0.07492447999664258,-0.12994331328145622
2021-11-01,728616,-0.3702092446141105,-0.2099272683651703,-0.17090743000770187,-0.22166400185006546,-0.12269455599027305,-0.07106398116439318,-0.07866525135492791,-0.05791278603889995,-0.06044513936898334,-0.06575646876908255,-0.05500490081368977,-0.08717465899578702,-0.13346823349064016,-0.08414377033337478,-0.07384032525762531,-0.12795078712865338
2021-12-01,739137,-0.3698067821204289,-0.2099272683651703,-0.1676858025042126,-0.21914950782563938,-0.12261135154417376,-0.07212246962482688,-0.07973707416228826,-0.05846818498667146,-0.06079618909489979,-0.06665420637590692,-0.052838947391243736,-0.08663854354771792,-0.11930075873219573,-0.08065489230000607,-0.07412148460735249,-0.1275561711609601
2022-01-03,750157,-0.36661738479104966,-0.20831828601861538,-0.15788800000483036,-0.21069168338355385,-0.11646401359371708,-0.06933436117393751,-0.07666114477325807,-0.05839107512589154,-0.06076247136312434,-0.06677713716010825,-0.05260343891256876,-0.08656034340738267,-0.11293626655999711,-0.08193753126639058,-0.07213870372451198,-0.1313825280601202
2022-02-01,760187,-0.3621482691230288,-0.20831828601861538,-0.1528384151886784,-0.21071553518901492,-0.1220317443261184,-0.07752470559816949,-0.08221361345024063,-0.06120918933506512,-0.06431022488280481,-0.0678813273089106,-0.06399800395786194,-0.09206791622525094,-0.14162872466871124,-0.08623121943017598,-0.07780315829444187,-0.13014562100605603
2022-03-01,769679,-0.359582926369886,-0.1776162994072334,-0.1490276103116218,-0.19643262325032215,-0.11922328912433955,-0.07853065865818239,-0.0838572058864623,-0.06250230233161405,-0.0661929666892742,-0.0692780989650722,-0.06412431742788538,-0.09257272778331088,-0.14057670083729965,-0.08766428151537281,-0.07794810703783996,-0.13029757465902964
2022-04-01,781150,-0.3604357811711763,-0.17935719277028364,-0.14462577234444463,-0.186458115902596,-0.11684851212185808,-0.07448950181609379,-0.08296429150365792,-0.06160704512580494,-0.06426790700526566,-0.06803240973253817,-0.0610324587775032,-0.09190611805431222,-0.13352341969992262,-0.08676892767460638,-0.07613718899055939,-0.12696932913343564
2022-05-02,791097,-0.3580633156239526,-0.1785722974212054,-0.14216426696345918,-0.18455966467665855,-0.11456306846180972,-0.07567892375682353,-0.08533158230843281,-0.06572344517872575,-0.06850409107934147,-0.07187446110396849,-0.06696077402093865,-0.09476370209703155,-0.13594855460950236,-0.08212513411354633,-0.07932108290058489,-0.127902317095235
2022-06-01,801519,-0.3507347416614949,-0.1343166910790351,-0.14419908313938384,-0.1777494295628079,-0.11753341950304207,-0.08299262885938491,-0.08697893965435022,-0.07002071976484714,-0.0695400054587657,-0.07386011013125325,-0.0674782118215906,-0.09683519789394837,-0.13554836579649876,-0.08277614851863035,-0.08158922429759333,-0.129101987386191
2022-07-01,811917,-0.3452028089747151,-0.12343375381015656,-0.13895512665264273,-0.16934756833454434,-0.11761153366112656,-0.08297294574928518,-0.09477080285540516,-0.07207100077189646,-0.0794550403606216,-0.0797844234387107,-0.07801583585424246,-0.10426484020057111,-0.13744108329642102,-0.08528390311577635,-0.08656001140986684,-0.129101987386191
2022-08-01,821791,-0.3444631625566506,-0.11150635102394388,-0.13905215623694864,-0.1632766100429029,-0.11822340072076194,-0.08212629492858838,-0.09202958740024347,-0.0677833382918027,-0.07812812537245971,-0.07730511485125467,-0.07706821027261097,-0.10244267077994051,-0.13695184165243607,-0.08449729948289361,-0.08439132300173253,-0.13090870045368072
2022-09-01,833153,-0.3446311201558048,-0.11132241591246211,-0.137817429521389,-0.16299929403004,-0.11642365547682451,-0.08076200105851203,-0.09198715268458797,-0.06768294607498111,-0.07720101308467064,-0.07749396912538137,-0.07498678390749623,-0.10242122022163787,-0.13745165790320307,-0.09097943724096862,-0.08412007578703931,-0.13199894247212313
2022-10-03,843540,-0.341645827056158,-0.10527070295274737,-0.13204890216468898,-0.1620901168234574,-0.11214757596429123,-0.07870043166123714,-0.09783019095621077,-0.07419899463293869,-0.0796811234465831,-0.0802408080467153,-0.0748781037435774,-0.10263759947477673,-0.13745165790320307,-0.0909282489763643,-0.08803402359901782,-0.13199894247212313
2022-11-01,853918,-0.33617737180963075,-0.10062411637176248,-0.13486059720503968,-0.16468562011633248,-0.11480159404719016,-0.08309807219169281,-0.09696051319279451,-0.07521407250956484,-0.0790453570529084,-0.07963226605628153,-0.07503473028214536,-0.10089835597584583,-0.13699714534808616,-0.0906874546225698,-0.08728194423573472,-0.13037384387207412
2022-12-01,864305,-0.33582640750074083,-0.10759239182065877,-0.13408830679058847,-0.16470171728810343,-0.11467794532625313,-0.084032280509293,-0.09513701361128558,-0.07494510190127766,-0.07651185423205804,-0.07909044712130274,-0.07324864346769788,-0.09735787924640399,-0.14341681667158315,-0.0855753081366127,-0.0858362807454723,-0.12917399575235247
2023-01-03,874695,-0.3356116470812459,-0.10811327354104447,-0.1345774620452998,-0.1638464562367922,-0.11080033284411858,-0.08320856137130438,-0.09393560754707288,-0.07503684403500481,-0.0762010002772544,-0.08045730906168658,-0.07330129462479026,-0.09689677777316658,-0.14302023322944052,-0.08540804580584747,-0.08567341400304102,-0.12917399575235247
2023-02-01,884581,-0.3351260423244382,-0.10811327354104447,-0.1355656028537381,-0.16262516640139632,-0.11017944755319967,-0.08168744919073147,-0.09431051748023031,-0.0748980838956011,-0.07659667876012878,-0.08077627737526283,-0.07290752908207884,-0.09662573247322429,-0.14302023322944052,-0.08377376383629238,-0.08548452000279212,-0.12917399575235247
2023-03-01,893972,-0.3349616492942496,-0.10838803082086908,-0.1351689284908522,-0.1629656225081718,-0.10909391017426658,-0.07939823506110204,-0.09226845241380571,-0.07221875123808014,-0.07545194886070519,-0.07936330225250132,-0.07114956538586374,-0.09625530287397836,-0.14194958208192957,-0.08412010886053208,-0.08398862722628898,-0.13146631606695428
2023-04-03,905355,-0.33397447541722197,-0.10442415746171815,-0.13289940653157342,-0.16343282486100147,-0.10894645618867642,-0.08143410219715798,-0.09301974804313919,-0.07591210235109223,-0.07596009909683651,-0.08119552408845723,-0.0709621547787108,-0.0963816233593181,-0.14194958208192957,-0.083307328237778,-0.0855561583154859,-0.13211378141319957
2023-05-01,914798,-0.33357097867224816,-0.10374464098360424,-0.13303669927038558,-0.16251056669656527,-0.10931265799325939,-0.0809204075792999,-0.09315221037862695,-0.07703749094145916,-0.07709167192979861,-0.08139856199104174,-0.07078460230531938,-0.09520301193088884,-0.13965926660448647,-0.08306185823479562,-0.08539792829486077,-0.1331094444785944
2023-06-01,925724,-0.333438570537733,-0.10417546379908699,-0.13069609952176164,-0.16204127470434612,-0.10471557602982433,-0.07560823243548537,-0.09139117866757289,-0.07598638487972889,-0.07693301858364002,-0.08080988240146765,-0.06952460590650703,-0.0947641184629876,-0.1414356640730013,-0.08321495300150236,-0.0839130734430397,-0.132618130910033
2023-07-03,936155,-0.3338753173466456,-0.10673497047657293,-0.131241325738568,-0.1606293544552458,-0.10553571348596645,-0.07662522112474299,-0.09119481679646332,-0.0759121134481742,-0.07604202344136865,-0.08051286623934638,-0.06720289803205742,-0.0944320458413519,-0.1402276882139979,-0.08487268438647842,-0.08346202144517063,-0.12785388059886352
2023-08-01,946090,-0.3338608387545135,-0.10673497047657293,-0.13102354061564492,-0.159910679793917,-0.10584377327840613,-0.07686467997531421,-0.09102514543959715,-0.07630112219747982,-0.07626137620027755,-0.08012834979376661,-0.06687610978304809,-0.09298481429803074,-0.14076920835361492,-0.08533760817341189,-0.08368152608135045,-0.1269491643059138
2023-09-01,957538,-0.33239632616150583,-0.10369025691912204,-0.12778882075779088,-0.1580563749525027,-0.09902694074503819,-0.07434433014143918,-0.08879041580170041,-0.07550163510673247,-0.0750278216499232,-0.07973448096029917,-0.06475772543002034,-0.09125658675935175,-0.1401239935543651,-0.08365717922982323,-0.08207994595811993,-0.12836168235786924
2023-10-02,967461,-0.33059841793178957,-0.10290716220440406,-0.1277698840094424,-0.1572961298227186,-0.09607578843641743,-0.07345359496582704,-0.08878058400594073,-0.07483755848282224,-0.0758116924394755,-0.08043913612660121,-0.06439618242505696,-0.09142299592754921,-0.1401239935543651,-0.08352700551534246,-0.08175783861173813,-0.12836168235786924
2023-11-01,978348,-0.3278839087888459,-0.10185299834056608,-0.12549030793452656,-0.1550819874583399,-0.09158101660160223,-0.07196822330200801,-0.08974116523793178,-0.07479810667221144,-0.07687747649325512,-0.08210863981028683,-0.06436935002153847,-0.09226431306211592,-0.14353179540955896,-0.08415289486400729,-0.0821053811654476,-0.12836168235786924
2023-12-01,988743,-0.32820222495487794,-0.10192589756640237,-0.12640400569668267,-0.15357869627817264,-0.09063537656544639,-0.07089999316707707,-0.08812333542490766,-0.07215036369714543,-0.07646680501512465,-0.07998655051800657,-0.06400393108878864,-0.0909139461053756,-0.14268417450648477,-0.09136840423825551,-0.08071669958856686,-0.1318487081558068
2024-01-02,998650,-0.32801951623979025,-0.10192589756640237,-0.12661863577749988,-0.15174619933765932,-0.09122090068674166,-0.0701601069929833,-0.0873611577112255,-0.0720215845367344,-0.07317490292430193,-0.07944791814678673,-0.06033542453529835,-0.09012011351039068,-0.14271793463979765,-0.08658031463558288,-0.0800984291462754,-0.11835564719897283
2024-02-01,1009066,-0.3280769319922229,-0.10192589756640237,-0.1270075027120154,-0.15140918668831058,-0.09189411075473218,-0.07004032692570197,-0.0866192679746594,-0.07173589201524809,-0.0725993010512819,-0.07938047177149411,-0.06519493581866535,-0.09019707381884363,-0.14475560175864466,-0.08917245714121082,-0.07966197143622539,-0.11701859220965417
2024-03-01,1018976,-0.32887086859308656,-0.10345998578107336,-0.12719191542913835,-0.14883654485395756,-0.09164120469539362,-0.06932763763692915,-0.08524391946397306,-0.07005885201670015,-0.07214381507554228,-0.07871004168252928,-0.06507388906385107,-0.08918831488488896,-0.14353642322628948,-0.08750413764988117,-0.07889424614811771,-0.11134209069544548
2024-04-01,1028891,-0.3296264928934074,-0.10345998578107336,-0.12670928301544598,-0.1485865693660453,-0.0911721488099195,-0.06964389380012864,-0.08450204096949467,-0.06964019717326465,-0.07169701925302562,-0.07783387818846554,-0.06589614165796764,-0.08918374382764693,-0.1421942089861458,-0.08557836357839191,-0.07839774265275229,-0.10060108884802614
2024-05-01,1039752,-0.3281447090579419,-0.09840705581410811,-0.12314582828344575,-0.14782464502844495,-0.08961293332456698,-0.06972096737252703,-0.0846508894563297,-0.07014341799878003,-0.07383846547511715,-0.07938798297506006,-0.06538141463762648,-0.08910939276843968,-0.14112860610952013,-0.08448388152355482,-0.07865272432213871,-0.09700334683248225
2024-06-03,1050590,-0.3276407413805753,-0.09393541891959631,-0.1235602394991524,-0.14201591749697487,-0.09022358406062346,-0.07083089278015603,-0.08422700839994386,-0.06994137259870284,-0.07447388023611677,-0.0792356393177133,-0.06773280508193508,-0.08901045407943088,-0.13553291326478992,-0.08187328302139285,-0.07852320037061458,-0.09245084846593349
2024-07-01,1059969,-0.32744242746394575,-0.09264938789676919,-0.1245657080609491,-0.140701103643364,-0.08872757863896817,-0.06732622186594514,-0.082877173312469,-0.06818084180786363,-0.07411069447831835,-0.0783432907384766,-0.06738876262904121,-0.08838313046432154,-0.123334208359309,-0.08205375343644161,-0.07737186261065229,-0.09675032498435372
2024-08-01,1070850,-0.32667209309043294,-0.08658868400577044,-0.12474689204257984,-0.1387719431201201,-0.08782393803970036,-0.06667187048208467,-0.08113014751535463,-0.06589031590585345,-0.07280352944800092,-0.07692973281166589,-0.0671510612188015,-0.0868803452896559,-0.1209962510985565,-0.08266883421243686,-0.07615882778579726,-0.09079256103667391
2024-09-03,1081750,-0.3286921394608591,-0.08609955628223917,-0.1269231774985393,-0.13899648397894637,-0.08933558256741168,-0.07082762345468106,-0.08247559842015473,-0.06771093716456988,-0.07345799874714314,-0.07841602670601755,-0.07153931729081942,-0.08878976160860068,-0.11265636288087548,-0.08059008895630133,-0.07745295640057215,-0.09218210640058533
2024-10-01,1091670,-0.3285754199965638,-0.08703524769500029,-0.12753690932114978,-0.13965824447814074,-0.08892755006338433,-0.07079970677215826,-0.08152643584512524,-0.06747345572428155,-0.07263345061431518,-0.07823432813222157,-0.07232457105906871,-0.08832192777539045,-0.11340690719502308,-0.08213878128342156,-0.07689353470517334,-0.09126034856504173
2024-11-01,1103076,-0.3283894284426754,-0.08666313196752316,-0.1261714614723678,-0.1402555032735558,-0.08820310826360846,-0.06988012630576983,-0.07956108018584325,-0.06664790729286413,-0.07231268983931288,-0.07788058429226123,-0.07289767392351325,-0.08688970827384825,-0.10902861868083423,-0.08000686293065307,-0.07583054814451401,-0.08833682240286
2024-12-02,1113005,-0.32606345302727663,-0.07610494824120952,-0.12386344024170388,-0.14098666552770922,-0.08768254316382751,-0.06973112719613808,-0.07686337522291398,-0.06663115971321622,-0.06961716973966366,-0.07715367022392203,-0.07061602170795382,-0.08536103071723596,-0.10317331635247756,-0.07616882045884303,-0.07448556016855622,-0.08908547057311288
2025-01-02,1123433,-0.3255887474567043,-0.07553809121652055,-0.12280147812389973,-0.13886723704346207,-0.08840873897897876,-0.06979416814617789,-0.07982875029759125,-0.06675441038433719,-0.07175124194497177,-0.07774120486722887,-0.0727318289271553,-0.08587639304624962,-0.09985610663222283,-0.073785492077053,-0.07557098877751814,-0.08669680076750463
2025-02-03,1133393,-0.32527103708788996,-0.07722675363855544,-0.12191667376156404,-0.13555541645236424,-0.08685645031494174,-0.06437766717170341,-0.07847716141296679,-0.0638397057963864,-0.0716811217898383,-0.07645484698768733,-0.07245170549788375,-0.08587791942620819,-0.10535288788248147,-0.07679475964268227,-0.07439519091250386,-0.1076414188628566
2025-03-03,1142855,-0.32382178566237063,-0.07412670152298124,-0.12239827033828604,-0.13476516640971745,-0.08531689867951224,-0.06405759678968859,-0.0785372195169882,-0.0637866699003623,-0.07163302353089812,-0.07695054398677366,-0.07311518173221675,-0.08645239273377092,-0.1044903221839637,-0.07469179921999876,-0.07447406847481756,-0.10292901610970225
2025-04-01,1153323,-0.3231195336542047,-0.07646758849077531,-0.12552380117480422,-0.13549354529980503,-0.08692785964174843,-0.06640553164925707,-0.08060224203752163,-0.06464955614293404,-0.07261949107437869,-0.07735826880527573,-0.07302794388163988,-0.08706242191997836,-0.10793437978461325,-0.0759529928447342,-0.07567385588111271,-0.10848391533636043
2025-05-01,1163781,-0.32486702998645556,-0.0735905637748402,-0.12041695789860955,-0.12988168306882417,-0.08718321611578966,-0.06883092049867937,-0.08329295221881862,-0.06778008136565891,-0.07432880780437037,-0.0805280704417123,-0.07522139918888007,-0.08997452947833748,-0.10793437978461325,-0.07661856104131429,-0.07699100881717895,-0.11272118765023206
2025-06-02,1174276,-0.32474399618373795,-0.07298556715231944,-0.12093940020004161,-0.1310722236358192,-0.08690448955177718,-0.0681430567050751,-0.08241086504618962,-0.06703493623797366,-0.07352443898339046,-0.07984522718694094,-0.07067152409742694,-0.08789508280038197,-0.10125890489296675,-0.07566108780332174,-0.07592718266632015,-0.11190266502031061
2025-07-01,1184296,-0.32411996070460986,-0.07137659064558852,-0.12145855132999335,-0.13151093538483483,-0.08724121260539397,-0.06670144081374828,-0.0826348290128449,-0.06655685962460237,-0.07382629153659141,-0.07976396203156107,-0.07211006718979486,-0.08790619890013653,-0.1015623929763065,-0.07497164112223517,-0.07593168883032579,-0.10828732326810125
2025-08-01,1195293,-0.3224815912108755,-0.07176791269268219,-0.12090065442362188,-0.13099966095801968,-0.08723703466958484,-0.0665457529669423,-0.08231569450841465,-0.06623541329379702,-0.07366285544311864,-0.07942658716753291,-0.07034634294396507,-0.08785620194327963,-0.10184287972705758,-0.07442067026042147,-0.07574679296923341,-0.11138622410590451
2025-09-02,1205783,-0.32107703593175163,-0.07033144183382972,-0.12254443923490659,-0.13475172053512371,-0.08794921112170251,-0.06857279567354603,-0.08245877202599422,-0.06732508785656742,-0.07359551170945162,-0.07950194667867529,-0.06923770315161276,-0.08716865682883085,-0.10069162539520589,-0.0749717215420441,-0.0758823531518704,-0.10710377439349078
2025-10-01,1216280,-0.320040612847778,-0.0700435696892235,-0.12195571690052143,-0.13405053957430832,-0.08726028752250549,-0.06807158474887944,-0.08101044820025119,-0.06581508854162402,-0.07305006698736297,-0.07824306289151259,-0.06854680555144592,-0.08651839776842739,-0.09858882155922616,-0.07470015146455941,-0.07481187820904622,-0.10653894307408943
2025-11-03,1227780,-0.3187186729264392,-0.06640559409396896,-0.12191792282037649,-0.13338713587920192,-0.08786584095606272,-0.06926993681212301,-0.08071902129730986,-0.06632889767605775,-0.07330262742535547,-0.07822161827626153,-0.06815719575720275,-0.08728996257115125,-0.09372261958313445,-0.07652362641257267,-0.07508045057807886,-0.10657019122605269
2025-12-01,1237257,-0.31640524563318484,-0.06526579987044075,-0.12111218002914889,-0.13081342481973873,-0.08718905432030352,-0.06675091232891096,-0.07958823193420896,-0.06657237072014652,-0.07309487490027106,-0.07795092981130551,-0.06758598412474527,-0.08655694352886567,-0.09503056571812955,-0.07541254849207701,-0.074445579192113,-0.10365980283689903
