arm,ticker,add_date,add_px,add_dollars,orig_entry,exit_date,exit_px,pos_ret,pos_pnl
ADDS,HAL,2016-02-03,30.75,9802.58,2016-02-01,2016-02-08,30.74,-0.01,-178.82
ADDS,CVX,2016-02-10,82.77,9375.36,2016-02-09,2016-02-19,86.33,0.0279,539.27
ADDS,KLAC,2016-02-19,6.559,9848.81,2016-02-01,2016-03-03,6.836,0.0348,710.72
ADDS,LRCX,2016-02-19,6.952,9848.32,2016-02-01,2016-03-09,7.355,0.0443,900.49
ADDS,TAP,2016-02-24,85.14,9804.67,2016-02-01,2016-03-09,88.6,0.0085,188.45
ADDS,KR,2016-03-15,38.01,10482.25,2016-03-14,2016-06-03,36.2,-0.0538,-1107.96
ADDS,PFE,2016-03-16,29.52,10539.14,2016-03-14,2016-04-27,32.98,0.1023,2174.43
ADDS,GME,2016-04-05,7.7,10836.45,2016-03-30,2016-04-25,8.17,0.0471,1039.75
ADDS,HST,2016-06-02,15.37,11394.61,2016-04-28,2016-07-14,16.58,0.0641,1471.54
ADDS,AABA,2016-06-13,36.7,11173.16,2016-06-03,2016-08-24,42.5,0.1504,3425.57
ADDS,C,2016-07-05,41.38,11411.72,2016-05-24,2016-11-29,55.5,0.2811,6312.52
ADDS,FAST,2016-08-01,10.695,11961.85,2016-04-28,2016-10-10,10.6175,-0.0521,-1184.97
ADDS,WMT,2016-10-25,23.0033,12298.2,2016-08-10,2016-11-15,23.5967,-0.0069,-144.42
ADDS,NRG,2016-12-05,11.32,13137.28,2016-11-29,2016-12-15,12.42,0.0865,2308.17
ADDS,KO,2016-12-09,41.5,13668.78,2016-11-29,2016-12-14,41.89,0.0081,246.14
ADDS,KMI,2016-12-14,21.2,13830.56,2016-11-15,2017-08-02,20.2,-0.0546,-1442.29
ADDS,QCOM,2017-01-10,65.95,13988.8,2016-11-23,2017-05-26,57.66,-0.1414,-3842.61
ADDS,EXC,2017-02-02,35.44,13622.28,2017-02-01,2017-02-28,36.47,0.0249,705.0
ADDS,BMY,2017-02-07,51.49,13738.09,2016-12-12,2017-03-03,56.74,0.049,1378.18
ADDS,TSCO,2017-03-06,14.478,14105.54,2017-03-03,2017-08-04,11.14,-0.2314,-6517.75
ADDS,GILD,2017-06-05,65.59,12449.7,2017-02-28,2017-07-07,69.69,0.0232,642.07
ADDS,INTC,2017-07-06,34.12,12639.95,2017-05-26,2017-08-11,36.26,0.0305,792.38
ADDS,BAC,2017-08-25,23.89,13184.87,2017-07-26,2017-09-26,24.83,0.022,602.81
ADDS,GE,2017-09-06,124.0552,13175.7,2017-09-05,2017-09-27,124.6032,-0.0,26.37
ADDS,AES,2017-10-04,11.17,13537.3,2017-08-09,2018-01-25,11.15,-0.0149,-372.37
ADDS,CMG,2017-10-10,6.0842,13576.27,2017-09-05,2017-12-15,6.256,0.0032,112.86
ADDS,CSX,2017-10-16,17.6,13882.78,2017-08-15,2018-01-11,19.54,0.1294,3539.56
ADDS,M,2018-02-13,24.14,14818.8,2018-01-11,2018-03-09,29.31,0.1812,5416.86
ADDS,CELG,2018-02-21,93.9,15586.91,2018-01-29,2018-07-12,83.88,-0.151,-4405.19
ADDS,PFE,2018-02-22,35.87,15533.95,2018-01-17,2018-03-01,36.12,-0.0068,-178.32
ADDS,EXC,2018-02-23,37.36,15588.65,2018-02-01,2018-03-20,38.29,0.0083,290.75
ADDS,NWL,2018-03-08,27.3,16029.71,2018-02-08,2018-12-06,23.28,-0.1774,-5498.32
ADDS,KIM,2018-04-10,14.33,15575.75,2018-03-01,2018-05-01,14.52,-0.0066,-175.54
ADDS,F,2018-05-01,11.25,15971.97,2018-04-27,2018-06-12,12.07,0.0648,2104.52
ADDS,CMCSA,2018-05-16,32.13,15945.87,2018-04-26,2018-06-19,32.17,-0.0314,-968.83
ADDS,GE,2018-08-27,62.2024,17188.72,2018-08-01,2018-10-12,62.4512,-0.0363,-1205.47
ADDS,F,2018-08-31,9.64,17224.06,2018-08-28,2018-11-12,9.38,-0.0493,-1672.1
ADDS,FITB,2018-10-05,28.5,16584.99,2018-08-17,2018-11-13,27.59,-0.0538,-1768.25
ADDS,SO,2018-10-12,43.49,16091.87,2018-09-07,2018-10-24,44.92,0.0103,372.9
ADDS,PFE,2018-10-24,43.81,15676.7,2018-10-22,2018-12-06,44.58,0.0093,324.94
ADDS,COTY,2018-11-19,9.38,16517.61,2018-09-18,2019-01-10,7.29,-0.3176,-10595.2
ADDS,LRCX,2018-11-20,14.024,16269.83,2018-11-02,2018-12-06,14.5,-0.0101,-297.2
ADDS,BMY,2019-01-17,49.16,15813.42,2018-12-07,2019-03-07,52.7,0.0295,977.03
ADDS,CVS,2019-01-25,65.57,16037.51,2019-01-24,2019-05-06,55.97,-0.1468,-4659.27
ADDS,AMZN,2019-02-19,80.05,16971.24,2019-02-06,2019-03-25,87.8895,0.0743,2520.18
ADDS,HRB,2019-03-20,24.31,16810.28,2019-02-22,2019-04-24,26.35,0.0752,2545.47
ADDS,AMD,2019-05-09,26.7,17507.87,2019-05-03,2019-06-13,32.39,0.1772,6331.26
ADDS,ATVI,2019-05-20,45.65,17673.68,2019-04-24,2019-09-17,55.5,0.2041,7221.58
ADDS,NFLX,2019-05-23,35.55,17210.0,2019-03-12,2019-10-21,27.289,-0.2372,-7924.02
ADDS,JNJ,2019-09-11,129.86,19079.7,2019-07-09,2019-11-19,135.0,-0.0043,-127.65
ADDS,F,2019-11-08,8.9,19350.01,2019-11-04,2019-12-18,9.39,0.0522,2059.64
ADDS,KO,2019-11-19,53.15,19719.85,2019-10-21,2019-12-06,54.31,0.0089,381.96
ADDS,ATVI,2019-11-21,53.95,19590.42,2019-10-31,2019-12-26,58.81,0.0699,2751.32
ADDS,TSCO,2020-01-02,18.738,20885.19,2019-12-06,2020-02-10,19.234,0.0057,271.35
ADDS,CVS,2020-02-10,71.55,20541.56,2019-12-26,2020-04-14,59.88,-0.1818,-7519.24
ADDS,USB,2020-02-10,54.44,20540.53,2019-12-27,2020-04-15,35.13,-0.3873,-16047.84
ADDS,BEN,2020-04-09,17.26,16111.19,2020-02-19,2020-05-06,18.12,-0.152,-5568.35
ADDS,AAL,2020-05-04,9.41,16241.7,2020-04-15,2020-05-29,10.48,-0.0237,-727.28
ADDS,GILD,2020-06-02,74.37,18186.79,2020-06-01,2021-01-14,61.64,-0.178,-6434.35
ADDS,CRM,2020-06-12,175.9,18572.19,2020-06-11,2020-06-24,187.51,0.0627,2371.79
ADDS,NFLX,2020-06-12,42.9,18571.26,2020-06-10,2020-06-25,45.886,0.0601,2240.79
ADDS,AMD,2020-06-15,52.58,18268.02,2020-06-10,2020-08-18,82.8,0.5067,19451.99
ADDS,MU,2020-07-15,50.21,19522.25,2020-07-01,2020-09-22,49.27,-0.0321,-1202.5
ADDS,TWTR,2020-09-22,40.37,21396.19,2020-09-21,2020-09-25,43.21,0.082,3557.16
ADDS,ORLY,2020-10-05,30.6513,22045.6,2020-09-01,2021-01-14,32.224,0.0418,1873.56
ADDS,GPS,2020-12-10,21.6,23785.62,2020-06-29,2021-03-17,31.12,0.8681,36996.64
ADDS,CPRT,2021-01-14,29.775,25009.8,2020-12-14,2021-04-07,28.1525,-0.0492,-2350.06
ADDS,MSFT,2021-01-14,215.91,25008.55,2020-12-02,2021-02-01,235.06,0.0901,4451.44
ADDS,CMCSA,2021-02-01,49.86,24287.94,2021-01-29,2021-02-16,53.0,0.0571,2841.28
ADDS,WMT,2021-02-11,48.0467,25720.0,2021-01-05,2021-03-31,45.1833,-0.0681,-3316.55
ADDS,NFLX,2021-03-17,52.2,27792.15,2021-03-02,2021-04-13,55.7,0.0366,2036.75
ADDS,ABBV,2021-04-15,105.99,29393.67,2021-03-30,2021-05-12,114.85,0.0782,4527.46
ADDS,T,2021-04-21,29.96,29163.77,2021-03-05,2021-04-27,30.84,0.0442,2500.14
ADDS,NKE,2021-05-03,133.37,30400.87,2021-04-13,2021-05-11,138.38,0.0282,1741.08
ADDS,APH,2021-05-11,32.84,30371.13,2021-05-10,2021-06-08,34.27,0.0236,1513.3
ADDS,EBAY,2021-05-12,59.69,30366.53,2021-05-11,2021-06-15,66.0,0.1013,6219.34
ADDS,BMY,2021-05-17,64.84,30827.49,2021-05-14,2021-05-26,66.72,0.0251,1604.92
ADDS,GILD,2021-06-08,67.44,33352.4,2021-06-07,2021-08-20,71.67,0.0604,4096.11
ADDS,VZ,2021-08-13,55.7,34114.55,2021-07-08,2021-12-30,52.38,-0.061,-4015.92
ADDS,ORLY,2021-09-14,39.1813,34403.46,2021-08-23,2021-09-29,40.9773,0.03,2129.63
ADDS,INTC,2021-11-10,50.975,34965.83,2021-11-09,2021-12-09,51.3,-0.0002,57.81
ADDS,MDT,2021-12-09,111.96,33994.76,2021-11-11,2022-01-19,107.39,-0.0833,-5695.03
ADDS,T,2021-12-09,23.03,33993.06,2021-09-30,2022-01-24,26.19,0.0435,3047.22
ADDS,GPS,2022-01-27,17.86,35094.95,2022-01-26,2022-02-02,18.46,0.032,2326.56
ADDS,VIAC,2022-02-02,33.53,36029.9,2021-12-31,2022-02-16,29.58,-0.0856,-5979.99
ADDS,XEL,2022-02-02,68.15,36028.1,2022-01-28,2022-03-15,70.11,0.0409,2960.19
ADDS,NKE,2022-02-22,141.59,34760.97,2021-12-30,2022-04-01,134.45,-0.1264,-8682.15
ADDS,HST,2022-03-14,18.21,34654.45,2022-03-11,2022-03-22,18.47,0.0061,494.54
ADDS,PG,2022-03-16,150.625,35240.02,2022-02-18,2022-04-01,153.52,-0.0099,-626.07
ADDS,CVS,2022-04-12,104.4,36445.61,2022-04-11,2022-07-21,92.52,-0.1229,-8903.99
ADDS,BKR,2022-04-13,36.87,36610.43,2022-04-11,2022-06-01,36.53,-0.0082,-526.69
ADDS,HPE,2022-05-19,15.37,34150.49,2022-05-10,2022-07-25,13.89,-0.1149,-7776.73
ADDS,ATVI,2022-06-02,77.5,35245.01,2022-03-30,2023-02-22,77.28,-0.0229,-1582.28
ADDS,FCX,2022-07-25,28.54,35171.85,2022-07-21,2022-08-02,29.63,0.0381,2732.68
ADDS,MSFT,2022-07-25,260.995,35170.1,2022-07-21,2022-08-19,288.9,0.1084,7650.86
ADDS,AAL,2022-08-03,14.2,35447.92,2022-08-02,2022-10-21,13.36,-0.055,-3883.84
ADDS,GILD,2022-09-07,63.67,35755.22,2022-09-02,2022-09-14,64.41,-0.0001,65.52
ADDS,PYPL,2022-10-31,85.51,36986.46,2022-09-15,2023-06-22,67.52,-0.2507,-18347.6
ADDS,MU,2022-11-04,55.26,35235.65,2022-08-19,2022-11-17,57.3,-0.0209,-1443.42
ADDS,AMZN,2022-11-11,97.88,37336.94,2022-10-21,2023-01-19,94.74,-0.1027,-7432.5
ADDS,EQT,2022-12-16,37.24,34040.29,2022-11-07,2023-05-22,35.46,-0.1096,-7559.77
ADDS,APA,2023-03-08,38.8799,35471.63,2023-01-20,2023-04-05,37.89,-0.0918,-6486.19
ADDS,KEY,2023-05-22,9.92,34139.17,2023-04-14,2023-06-09,10.98,-0.0118,-746.14
ADDS,INTC,2023-05-24,29.31,33988.45,2023-05-22,2023-06-22,32.69,0.1041,7163.85
ADDS,MO,2023-06-28,44.16,37698.21,2023-04-14,2023-09-14,43.82,-0.0191,-1316.7
ADDS,KO,2023-07-07,60.31,38075.6,2023-06-16,2023-07-26,61.86,0.0138,1142.77
ADDS,T,2023-07-26,14.91,39280.67,2023-06-28,2023-09-19,15.06,-0.0191,-1392.38
ADDS,ORCL,2023-07-28,116.68,39230.12,2023-07-17,2023-11-28,116.0,-0.0158,-1150.73
ADDS,KMI,2023-09-19,17.13,37124.55,2023-09-14,2023-10-20,17.04,-0.0123,-843.93
ADDS,CMG,2023-10-23,36.406,34770.96,2023-06-22,2023-11-28,44.2,0.137,10011.07
ADDS,CMCSA,2023-11-07,42.45,37078.12,2023-09-19,2023-12-21,44.22,0.005,446.04
ADDS,WBA,2023-12-06,20.58,39179.1,2023-12-05,2024-01-04,24.19,0.17,13435.85
ADDS,PFE,2023-12-21,27.86,42236.94,2023-12-01,2024-01-05,29.02,0.0215,1825.02
ADDS,HPQ,2024-01-10,30.16,42450.21,2024-01-09,2024-03-18,30.39,-0.0022,-105.65
ADDS,AAL,2024-01-23,14.135,41719.88,2024-01-09,2024-01-31,14.49,0.0107,988.67
ADDS,DAL,2024-01-25,39.05,42270.21,2024-01-09,2024-03-25,45.48,0.1304,11145.92
ADDS,EXC,2024-01-31,35.225,42353.96,2024-01-09,2024-02-27,35.88,0.0002,99.56
ADDS,CCL,2024-02-29,15.52,43004.54,2024-02-28,2024-06-07,16.44,0.0515,4513.79
ADDS,AMZN,2024-03-19,174.215,44725.79,2024-03-13,2024-04-11,186.74,0.0657,5983.61
ADDS,CSCO,2024-04-11,49.32,45317.4,2024-04-10,2024-05-17,48.26,-0.0265,-2310.89
ADDS,HST,2024-06-06,18.03,47051.44,2024-05-17,2024-07-19,17.79,-0.0359,-3248.05
ADDS,INTC,2024-06-07,30.25,46569.15,2024-05-17,2024-07-12,33.77,0.084,7859.92
ADDS,MDT,2024-06-11,83.04,46648.81,2024-06-10,2024-07-19,81.58,-0.0225,-2006.61
ADDS,NEE,2024-07-24,72.73,49089.08,2024-07-23,2024-08-06,76.85,0.0578,5795.09
ADDS,MCHP,2024-08-19,80.545,52429.86,2024-07-23,2025-02-28,57.16,-0.3331,-33850.05
ADDS,XOM,2024-08-29,117.2,52857.39,2024-08-27,2024-10-16,120.89,0.0228,2519.82
ADDS,TSLA,2024-09-09,216.2,51512.91,2024-08-26,2024-09-23,242.61,0.1144,12083.19
ADDS,VTRS,2024-10-03,11.39,55834.97,2024-08-29,2024-11-27,13.08,0.1229,13470.1
ADDS,NKE,2024-10-16,82.14,56381.98,2024-09-23,2025-02-03,74.9,-0.1061,-11608.32
ADDS,PFE,2024-11-26,26.16,58083.11,2024-10-16,2024-12-27,26.43,-0.047,-5265.14
ADDS,KO,2024-12-19,62.7,56021.26,2024-12-18,2025-01-29,62.56,-0.0041,-352.06
ADDS,CCL,2024-12-27,25.41,56476.81,2024-12-23,2025-02-04,27.18,0.0463,5332.77
ADDS,PFE,2025-02-03,26.3,56069.54,2025-01-28,2025-05-07,22.99,-0.1346,-15133.02
ADDS,SMCI,2025-02-05,31.03,56784.25,2025-01-22,2025-02-12,42.3,0.3023,34713.3
ADDS,NEE,2025-02-12,69.31,60028.58,2025-01-30,2025-03-13,73.2,0.0358,4341.96
ADDS,SLB,2025-03-13,40.08,62606.08,2025-02-12,2025-06-17,36.22,-0.1126,-13697.03
ADDS,MU,2025-03-14,98.75,63161.32,2025-03-13,2025-05-06,79.04,-0.1814,-22698.15
ADDS,VZ,2025-06-27,42.15,61821.35,2025-03-27,2025-08-25,44.44,0.0253,3300.01
ADDS,BMY,2025-08-12,46.09,64345.37,2025-07-15,2025-11-04,45.49,-0.0249,-3026.57
ADDS,CMCSA,2025-08-15,33.035,66084.24,2025-07-15,2025-08-27,33.59,-0.0206,-2554.99
ADDS,CTRA,2025-10-01,23.36,72683.68,2025-08-27,2025-11-18,25.74,0.0878,12394.03
ADDS,CAG,2025-10-07,18.77,74960.49,2025-09-04,,17.31,-0.0888,-12336.62
ADDS,CRM,2025-10-13,242.89,73038.27,2025-06-25,2025-10-24,257.42,0.0072,1095.04
ADDS,PCG,2025-12-02,15.91,74457.06,2025-11-06,,16.07,-0.0076,-978.57
ADDS,VICI,2025-12-17,27.9,74352.14,2025-12-16,,28.12,-0.0057,-698.32
ADDS_HALF,HAL,2016-02-03,30.75,4901.29,2016-02-01,2016-02-08,30.74,-0.0129,-177.23
ADDS_HALF,CVX,2016-02-10,82.77,4688.0,2016-02-09,2016-02-19,86.33,0.0232,337.77
ADDS_HALF,AMAT,2016-02-17,16.89,4846.1,2016-02-01,2016-03-09,19.01,0.1001,1501.28
ADDS_HALF,KLAC,2016-02-19,6.559,4937.86,2016-02-01,2016-03-03,6.836,0.0327,503.42
ADDS_HALF,LRCX,2016-02-19,6.952,4937.74,2016-02-01,2016-03-09,7.355,0.0402,615.97
ADDS_HALF,TAP,2016-02-19,84.73,4937.61,2016-02-01,2016-03-09,88.6,0.0,15.61
ADDS_HALF,KR,2016-03-15,38.01,5202.13,2016-03-14,2016-06-03,36.2,-0.0555,-851.06
ADDS_HALF,PFE,2016-03-16,29.52,5200.66,2016-03-14,2016-04-27,32.98,0.0977,1540.4
ADDS_HALF,GME,2016-04-05,7.7,5333.77,2016-03-30,2016-04-25,8.17,0.0429,690.37
ADDS_HALF,DAL,2016-04-14,48.95,5513.23,2016-03-17,2016-07-22,39.07,-0.1988,-3009.23
ADDS_HALF,AABA,2016-06-13,36.7,5412.48,2016-06-10,2016-08-24,42.5,0.1512,2487.88
ADDS_HALF,FAST,2016-07-29,10.6175,5684.41,2016-04-28,2016-10-10,10.6175,-0.0655,-1075.07
ADDS_HALF,FOXA,2016-08-12,26.05,5880.51,2016-07-14,2016-10-25,25.59,-0.0673,-1132.52
ADDS_HALF,NEE,2016-08-15,31.78,5930.0,2016-07-22,2016-09-27,31.7725,-0.0058,-82.58
ADDS_HALF,WMT,2016-09-06,24.2533,5867.8,2016-08-10,2016-11-15,23.5967,-0.0352,-597.44
ADDS_HALF,SBUX,2016-09-27,54.0,5739.96,2016-08-24,2016-11-10,54.64,-0.0249,-416.88
ADDS_HALF,EBAY,2016-10-17,32.39,5798.51,2016-08-25,2016-12-14,29.85,-0.0534,-917.23
ADDS_HALF,CMG,2016-10-25,8.2102,5773.91,2016-09-27,2016-11-16,7.98,-0.0429,-722.51
ADDS_HALF,AMZN,2016-11-21,38.3,5899.82,2016-10-25,2017-01-18,40.475,-0.0053,-74.92
ADDS_HALF,KO,2016-12-09,41.5,5972.24,2016-11-29,2016-12-14,41.89,0.0081,160.67
ADDS_HALF,KMI,2016-12-14,21.2,6023.48,2016-11-15,2017-08-02,20.2,-0.0569,-991.08
ADDS_HALF,QCOM,2017-01-10,65.95,6140.96,2016-11-23,2017-05-26,57.66,-0.1466,-2628.78
ADDS_HALF,GILD,2017-02-01,72.72,6145.58,2016-12-14,2017-07-07,69.69,-0.0607,-1087.41
ADDS_HALF,EXC,2017-02-02,35.44,6134.29,2017-02-01,2017-02-28,36.47,0.0238,457.23
ADDS_HALF,TSCO,2017-03-06,14.478,6166.76,2017-03-03,2017-08-04,11.14,-0.2314,-4270.72
ADDS_HALF,AMD,2017-05-12,11.2,5914.17,2017-05-02,2017-06-12,11.75,0.0163,310.76
ADDS_HALF,WMB,2017-05-12,30.3,5914.03,2017-02-07,2017-07-06,30.5,0.0377,704.97
ADDS_HALF,INTC,2017-07-06,34.12,5879.35,2017-05-26,2017-08-11,36.26,0.0201,368.57
ADDS_HALF,TJX,2017-07-06,35.325,5879.2,2017-07-03,2017-08-10,35.345,-0.0188,-315.11
ADDS_HALF,MSFT,2017-07-10,69.46,5810.14,2017-06-20,2017-07-31,73.3,0.0407,728.28
ADDS_HALF,FAST,2017-07-25,10.85,5954.78,2017-06-05,2017-09-20,11.1075,0.0094,182.97
ADDS_HALF,SBUX,2017-08-07,55.6,6119.41,2017-07-28,2017-11-14,56.47,0.0191,367.02
ADDS_HALF,NRG,2017-09-21,23.94,6110.02,2017-09-20,2017-11-10,27.75,0.1351,2497.74
ADDS_HALF,AES,2017-10-04,11.17,6192.37,2017-08-09,2018-01-25,11.15,-0.0189,-328.15
ADDS_HALF,CSX,2017-10-11,17.38,6218.7,2017-08-15,2018-01-11,19.54,0.1413,2596.02
ADDS_HALF,PG,2017-11-10,87.99,6142.36,2017-10-16,2017-11-20,88.43,-0.0321,-582.16
ADDS_HALF,T,2017-11-15,34.02,6153.72,2017-11-14,2017-12-07,36.13,0.0574,1082.31
ADDS_HALF,VZ,2017-11-21,46.34,6200.02,2017-10-20,2017-12-21,52.81,0.0906,1716.71
ADDS_HALF,NFLX,2017-12-20,18.794,6786.0,2017-12-18,2018-02-21,28.207,0.4824,9753.67
ADDS_HALF,MU,2018-01-30,41.99,4564.18,2018-01-18,2018-02-22,44.78,0.0245,492.85
ADDS_HALF,M,2018-02-13,24.14,7234.43,2018-01-11,2018-03-09,29.31,0.1709,3697.09
ADDS_HALF,NWL,2018-02-13,27.04,7234.25,2018-02-08,2018-12-06,23.28,-0.1859,-4068.41
ADDS_HALF,PFE,2018-02-21,35.97,7633.21,2018-01-17,2018-03-01,36.12,-0.012,-242.82
ADDS_HALF,SCHW,2018-02-21,52.28,7633.02,2018-02-02,2018-03-15,56.32,0.0445,1002.71
ADDS_HALF,EXC,2018-02-23,37.36,7601.29,2018-02-01,2018-03-20,38.29,0.0032,94.81
ADDS_HALF,SO,2018-03-08,43.7,7833.57,2018-03-02,2018-04-19,45.35,0.0323,774.59
ADDS_HALF,KIM,2018-03-19,14.46,7900.68,2018-03-01,2018-05-01,14.52,-0.0156,-343.43
ADDS_HALF,VZ,2018-03-29,48.2,7654.28,2018-03-09,2018-04-27,50.25,0.0273,659.43
ADDS_HALF,F,2018-05-01,11.25,7769.29,2018-04-27,2018-06-12,12.07,0.0624,1486.28
ADDS_HALF,CMCSA,2018-05-16,32.13,8031.29,2018-04-24,2018-06-19,32.17,-0.0375,-852.04
ADDS_HALF,NEE,2018-05-24,40.0325,8116.98,2018-04-27,2018-06-04,40.6275,0.0033,101.34
ADDS_HALF,MRO,2018-06-27,21.15,8359.71,2018-06-12,2018-08-31,21.51,0.0056,165.39
ADDS_HALF,GE,2018-08-06,65.392,8618.25,2018-08-01,2018-10-12,62.4512,-0.066,-1670.54
ADDS_HALF,BKNG,2018-08-22,75.9776,8470.08,2018-06-01,2019-04-17,73.9452,-0.0943,-2297.2
ADDS_HALF,F,2018-08-31,9.64,8559.56,2018-08-28,2018-11-12,9.38,-0.0563,-1429.03
ADDS_HALF,FITB,2018-10-05,28.5,8351.36,2018-08-17,2018-11-13,27.59,-0.0606,-1493.42
ADDS_HALF,BAC,2018-10-08,30.05,8319.49,2018-10-05,2018-11-12,28.38,-0.0678,-1673.25
ADDS_HALF,PFE,2018-10-24,43.81,7760.42,2018-10-22,2018-12-06,44.58,0.0069,185.63
ADDS_HALF,COTY,2018-11-19,9.38,8125.68,2018-09-18,2019-01-10,7.29,-0.3488,-8669.21
ADDS_HALF,BMY,2019-01-11,47.5,7628.57,2018-12-07,2019-03-07,52.7,0.0277,675.95
ADDS_HALF,CVS,2019-01-25,65.57,7875.16,2019-01-24,2019-05-06,55.97,-0.1467,-3416.7
ADDS_HALF,WMT,2019-02-11,31.8833,7999.44,2019-02-08,2019-02-21,33.22,0.0359,882.83
ADDS_HALF,AMZN,2019-02-19,80.05,8312.35,2019-02-06,2019-03-25,87.8895,0.0666,1652.32
ADDS_HALF,WY,2019-02-22,25.81,8120.74,2019-02-21,2019-04-09,26.96,0.0432,1084.31
ADDS_HALF,FB,2019-04-01,167.83,8168.01,2019-03-27,2019-05-03,194.38,0.1569,3848.8
ADDS_HALF,CNC,2019-04-12,55.32,8189.36,2019-04-09,2019-05-10,54.99,-0.0193,-445.76
ADDS_HALF,NEE,2019-04-18,47.355,7979.01,2019-04-16,2019-05-02,48.21,0.0112,296.1
ADDS_HALF,AMD,2019-05-09,26.7,8143.0,2019-05-03,2019-06-13,32.39,0.166,4118.35
ADDS_HALF,AMAT,2019-05-21,41.18,8204.67,2019-05-20,2019-06-13,41.61,-0.0005,11.37
ADDS_HALF,HPQ,2019-05-23,18.92,7996.87,2019-05-03,2019-06-24,20.7,0.0467,1168.57
ADDS_HALF,CTL,2019-05-31,10.42,7963.01,2019-03-27,2019-06-24,11.38,-0.0182,-415.75
ADDS_HALF,STX,2019-06-05,44.47,8194.81,2019-05-09,2019-06-26,47.24,0.0065,182.69
ADDS_HALF,CMG,2019-06-06,13.663,8187.46,2019-05-03,2019-06-14,14.6776,0.0484,1220.99
ADDS_HALF,AMD,2019-07-01,31.79,9101.39,2019-06-28,2019-10-30,32.93,0.0505,1390.13
ADDS_HALF,VZ,2019-07-17,57.56,9114.61,2019-06-20,2019-09-17,59.32,0.0256,710.65
ADDS_HALF,F,2019-08-09,9.54,8936.32,2019-06-14,2019-09-11,9.29,-0.0572,-1465.81
ADDS_HALF,CSX,2019-08-23,21.9,8670.2,2019-07-02,2019-09-20,23.5733,-0.0429,-1113.97
ADDS_HALF,JNJ,2019-09-11,129.86,9058.74,2019-07-09,2019-11-19,135.0,-0.0181,-462.13
ADDS_HALF,ALXN,2019-09-16,106.66,9090.74,2019-09-11,2019-10-28,105.0,-0.0357,-944.05
ADDS_HALF,MRK,2019-09-24,84.55,9070.77,2019-09-23,2019-11-04,85.59,0.0084,256.02
ADDS_HALF,KMI,2019-11-07,20.34,9323.2,2019-11-04,2020-01-03,21.07,0.0282,810.85
ADDS_HALF,F,2019-11-08,8.9,9175.29,2019-11-04,2019-12-18,9.39,0.0516,1456.12
ADDS_HALF,NEM,2019-11-15,37.28,9274.47,2019-09-20,2019-12-09,40.12,0.0351,990.45
ADDS_HALF,ATVI,2019-11-20,53.24,9309.39,2019-10-31,2019-12-26,58.81,0.0683,1918.22
ADDS_HALF,WMT,2019-12-10,39.7833,9542.63,2019-11-07,2020-02-20,39.07,-0.0224,-604.31
ADDS_HALF,GIS,2020-01-10,52.49,10069.64,2020-01-02,2020-01-23,53.83,0.0099,332.63
ADDS_HALF,T,2020-01-24,38.6,10231.83,2020-01-23,2020-04-22,30.9,-0.2052,-6262.43
ADDS_HALF,BEN,2020-02-24,24.26,9728.76,2020-02-19,2020-05-06,18.12,-0.2904,-8670.13
ADDS_HALF,HBAN,2020-04-24,8.1,7578.5,2020-04-23,2020-05-04,8.34,0.0486,1123.23
ADDS_HALF,AAL,2020-05-04,9.41,7855.8,2020-04-15,2020-05-29,10.48,-0.0706,-1623.98
ADDS_HALF,LRCX,2020-05-13,25.596,8171.31,2020-05-11,2020-06-12,29.2803,0.1237,3114.91
ADDS_HALF,OXY,2020-05-22,14.16,8612.67,2020-04-24,2020-06-11,17.84,0.2575,6147.32
ADDS_HALF,BAC,2020-05-26,23.75,8845.88,2020-05-11,2020-05-29,24.42,0.0458,1200.7
ADDS_HALF,GILD,2020-06-02,74.37,8587.23,2020-06-01,2021-01-14,61.64,-0.18,-4574.05
ADDS_HALF,PFE,2020-06-09,36.5,10013.41,2020-05-29,2020-07-15,35.99,-0.0437,-1159.73
ADDS_HALF,CRM,2020-06-12,175.9,9023.19,2020-06-11,2020-06-24,187.51,0.062,1719.54
ADDS_HALF,NFLX,2020-06-12,42.9,9022.97,2020-06-10,2020-06-25,45.886,0.0571,1582.07
ADDS_HALF,AMD,2020-06-15,52.58,8897.2,2020-06-10,2020-08-18,82.8,0.4854,14001.48
ADDS_HALF,MRO,2020-07-02,6.13,9210.25,2020-06-19,2020-11-27,6.46,-0.0069,-163.35
ADDS_HALF,MS,2020-08-07,49.21,10095.46,2020-06-26,2020-11-11,55.94,0.1493,4224.07
ADDS_HALF,TWTR,2020-09-22,40.37,9892.48,2020-09-21,2020-09-25,43.21,0.0863,2593.05
ADDS_HALF,CSX,2020-10-02,25.5933,9703.99,2020-07-15,2020-11-09,30.1167,0.2442,6917.53
ADDS_HALF,ATVI,2020-11-09,75.0,10993.23,2020-10-19,2021-01-05,90.32,0.1337,4251.11
ADDS_HALF,KR,2020-11-17,32.14,11322.42,2020-11-09,2021-02-01,34.51,0.0762,2572.98
ADDS_HALF,GPS,2020-12-08,21.0,11506.7,2020-06-29,2021-03-17,31.12,1.0464,30732.83
ADDS_HALF,AMZN,2021-01-14,158.376,12001.93,2020-11-27,2021-04-20,168.68,0.0545,1949.81
ADDS_HALF,MSFT,2021-01-14,215.91,12001.63,2020-12-02,2021-02-01,235.06,0.091,3245.52
ADDS_HALF,NOW,2021-01-14,105.44,12001.33,2020-11-18,2021-02-10,117.152,0.1327,4675.34
ADDS_HALF,CMCSA,2021-02-01,49.86,12169.36,2021-01-29,2021-02-16,53.0,0.0556,2079.6
ADDS_HALF,WMT,2021-02-11,48.0467,12862.65,2021-01-05,2021-03-31,45.1833,-0.0707,-2510.11
ADDS_HALF,PPL,2021-03-10,27.22,13323.43,2021-03-05,2021-08-10,29.07,0.048,1924.23
ADDS_HALF,NFLX,2021-03-17,52.2,13716.68,2021-03-02,2021-04-13,55.7,0.0265,1090.41
ADDS_HALF,F,2021-04-09,12.49,14225.5,2021-04-06,2021-06-15,14.91,0.1794,7674.14
ADDS_HALF,T,2021-04-21,29.96,14133.25,2021-02-17,2021-04-27,30.84,0.0546,2227.2
ADDS_HALF,NKE,2021-05-06,132.6,14181.62,2021-04-13,2021-05-11,138.38,0.0271,1202.38
ADDS_HALF,EBAY,2021-05-12,59.69,14177.7,2021-05-11,2021-06-15,66.0,0.1003,4299.45
ADDS_HALF,BMY,2021-05-17,64.84,14392.86,2021-05-14,2021-05-26,66.72,0.0242,1080.79
ADDS_HALF,MDT,2021-06-17,124.38,15580.35,2021-06-16,2021-08-05,128.51,0.0273,1335.5
ADDS_HALF,NFLX,2021-08-10,52.0,16092.34,2021-08-06,2021-09-14,58.489,0.118,5736.07
ADDS_HALF,VZ,2021-08-12,55.62,16163.52,2021-07-08,2021-12-30,52.38,-0.0606,-2826.51
ADDS_HALF,KHC,2021-09-15,36.1124,15963.66,2021-09-09,2021-12-20,35.26,-0.0389,-1840.5
ADDS_HALF,INTC,2021-11-10,50.975,16659.94,2021-11-09,2021-12-09,51.3,-0.002,-51.01
ADDS_HALF,BMY,2021-12-07,57.05,16348.81,2021-08-20,2022-01-04,61.5,-0.0438,-2058.73
ADDS_HALF,MDT,2021-12-09,111.96,16130.99,2021-11-11,2022-01-19,107.39,-0.0969,-4761.55
ADDS_HALF,T,2021-12-09,23.03,16130.59,2021-09-30,2022-01-24,26.19,0.0128,676.63
ADDS_HALF,TWTR,2021-12-09,47.21,16130.18,2021-09-02,2022-04-01,39.16,-0.3296,-16140.8
ADDS_HALF,LUMN,2021-12-21,12.74,16263.42,2021-12-20,2022-01-12,13.31,0.0581,2865.89
ADDS_HALF,GPS,2022-01-27,17.86,16320.98,2022-01-26,2022-02-02,18.46,0.0318,1613.22
ADDS_HALF,XEL,2022-02-02,68.15,16749.27,2022-01-28,2022-03-15,70.11,0.0453,2265.92
ADDS_HALF,NKE,2022-02-22,141.59,16552.43,2021-12-30,2022-04-01,134.45,-0.1514,-7414.97
ADDS_HALF,KMI,2022-02-28,16.92,16484.45,2022-02-14,2022-03-14,17.9,0.033,1696.98
ADDS_HALF,JNJ,2022-03-02,164.41,16786.32,2022-01-28,2022-03-09,170.01,0.0074,411.69
ADDS_HALF,HST,2022-03-14,18.21,16751.55,2022-03-11,2022-03-22,18.47,0.0037,239.06
ADDS_HALF,BKR,2022-04-13,36.87,17579.31,2022-04-11,2022-06-01,36.53,-0.0075,-344.22
ADDS_HALF,F,2022-04-18,15.37,17639.81,2022-03-23,2022-07-27,12.75,-0.2188,-11457.68
ADDS_HALF,ATVI,2022-05-09,77.42,16620.55,2022-03-30,2023-02-22,77.28,-0.0289,-1458.03
ADDS_HALF,HPE,2022-05-19,15.37,16000.47,2022-05-10,2022-07-25,13.89,-0.121,-5789.04
ADDS_HALF,CSCO,2022-06-01,45.55,16868.96,2022-03-16,2022-08-02,45.52,-0.1255,-6329.32
ADDS_HALF,CCL,2022-06-02,13.49,16489.18,2022-04-14,2022-07-22,9.9,-0.4244,-21886.27
ADDS_HALF,BMY,2022-06-09,76.09,16464.07,2022-06-08,2022-07-01,76.98,0.0069,392.59
ADDS_HALF,SCHW,2022-07-25,63.5,16086.96,2022-07-22,2022-08-09,68.81,0.084,4120.9
ADDS_HALF,AAL,2022-08-03,14.2,16891.25,2022-08-02,2022-10-21,13.36,-0.0534,-2639.51
ADDS_HALF,UAL,2022-08-03,37.67,15821.34,2022-08-02,2022-11-03,40.57,0.0847,4224.37
ADDS_HALF,GILD,2022-09-07,63.67,16857.87,2022-09-02,2022-09-14,64.41,-0.0036,-132.78
ADDS_HALF,WMT,2022-09-14,45.21,17180.38,2022-09-08,2022-11-03,46.5033,0.0287,1533.37
ADDS_HALF,MU,2022-11-04,55.26,17919.61,2022-08-19,2022-11-17,57.3,-0.037,-1905.78
ADDS_HALF,KDP,2022-11-10,38.33,18213.68,2022-11-09,2022-12-06,37.98,-0.0013,-13.73
ADDS_HALF,AAL,2022-12-06,14.14,17881.79,2022-11-25,2023-01-25,15.97,0.1146,6276.92
ADDS_HALF,CSX,2022-12-16,31.44,17029.42,2022-12-13,2023-04-25,31.06,-0.0497,-2599.8
ADDS_HALF,EQT,2022-12-16,37.24,17029.0,2022-11-07,2023-05-22,35.46,-0.1296,-6819.9
ADDS_HALF,PCG,2023-01-27,15.87,19042.61,2023-01-26,2023-03-08,16.32,0.0235,1395.01
ADDS_HALF,PYPL,2023-03-06,76.94,19474.63,2022-11-11,2023-06-22,67.52,-0.1868,-10467.9
ADDS_HALF,KLAC,2023-03-09,38.697,19152.62,2023-02-08,2023-05-24,40.685,0.006,405.76
ADDS_HALF,AAL,2023-04-25,13.16,17890.47,2023-03-08,2023-05-22,14.915,-0.0204,-1086.15
ADDS_HALF,ANET,2023-05-24,35.575,18419.1,2023-05-22,2023-06-07,39.9175,0.1058,5933.88
ADDS_HALF,INTC,2023-05-24,29.31,18418.64,2023-05-05,2023-06-22,32.69,0.0656,3625.05
ADDS_HALF,PFE,2023-05-26,38.04,18302.05,2023-05-23,2023-06-15,39.41,0.0258,1489.22
ADDS_HALF,KO,2023-07-07,60.31,19565.94,2023-06-16,2023-07-26,61.86,0.0102,673.53
ADDS_HALF,MRO,2023-07-07,22.46,19565.46,2023-05-22,2023-07-17,24.05,0.0494,2860.25
ADDS_HALF,NKE,2023-07-17,107.26,19909.93,2023-06-15,2023-10-26,102.18,-0.0743,-4382.96
ADDS_HALF,T,2023-07-25,15.08,20353.62,2023-06-28,2023-09-19,15.06,-0.0327,-1888.15
ADDS_HALF,ORCL,2023-07-28,116.68,20201.74,2023-07-17,2023-11-28,116.0,-0.0189,-1072.05
ADDS_HALF,CCL,2023-08-02,17.62,20124.3,2023-07-28,2023-11-27,14.38,-0.2068,-12461.15
ADDS_HALF,AMD,2023-08-04,114.48,19922.72,2023-08-01,2023-11-28,121.98,0.0658,4042.58
ADDS_HALF,KHC,2023-09-14,33.4,19060.64,2023-07-17,2023-09-25,34.11,-0.024,-1356.84
ADDS_HALF,CMCSA,2023-09-21,45.67,18564.19,2023-09-19,2023-12-21,44.22,-0.0313,-1701.93
ADDS_HALF,MRO,2023-10-02,26.79,18240.96,2023-09-28,2023-10-24,28.37,0.0457,2529.6
ADDS_HALF,MRK,2023-11-20,100.97,20043.86,2023-10-26,2023-12-08,103.79,0.0133,796.76
ADDS_HALF,PFE,2023-12-21,27.86,21090.18,2023-12-01,2024-01-05,29.02,0.0144,947.4
ADDS_HALF,EXC,2023-12-27,35.56,18289.21,2023-12-07,2024-02-27,35.88,-0.0618,-3604.65
ADDS_HALF,PYPL,2024-01-11,60.65,21520.71,2024-01-09,2024-01-23,64.525,0.0672,4389.36
ADDS_HALF,AAL,2024-01-23,14.135,21509.18,2024-01-09,2024-01-31,14.49,0.0065,480.92
ADDS_HALF,DAL,2024-01-25,39.05,21629.4,2024-01-09,2024-03-25,45.48,0.1196,7778.93
ADDS_HALF,T,2024-01-25,16.77,21628.86,2024-01-23,2024-02-07,17.6,0.0374,2482.95
ADDS_HALF,KDP,2024-02-13,31.48,21553.42,2023-12-22,2024-04-05,30.7,-0.0454,-2848.51
ADDS_HALF,MRO,2024-02-13,22.57,21552.88,2023-12-22,2024-02-29,24.23,0.0061,455.35
ADDS_HALF,PARA,2024-02-15,12.66,21414.69,2024-02-01,2024-03-22,11.84,-0.16,-10365.27
ADDS_HALF,CCL,2024-02-29,15.52,21522.17,2024-02-28,2024-06-07,16.44,0.0493,3229.27
ADDS_HALF,BA,2024-03-22,188.75,22150.67,2024-02-29,2024-12-06,157.03,-0.2159,-14017.59
ADDS_HALF,MDT,2024-06-11,83.04,22622.88,2024-06-10,2024-07-19,81.58,-0.0239,-1551.03
ADDS_HALF,BKR,2024-06-13,32.28,22849.58,2024-05-31,2024-07-08,34.14,0.0519,3510.2
ADDS_HALF,NEE,2024-07-24,72.73,23576.39,2024-07-11,2024-08-06,76.85,0.0482,3464.25
ADDS_HALF,MCHP,2024-08-14,79.12,24639.08,2024-07-23,2025-02-28,57.16,-0.3437,-24663.14
ADDS_HALF,XOM,2024-08-29,117.2,25202.98,2024-08-27,2024-10-16,120.89,0.0203,1611.0
ADDS_HALF,TSLA,2024-09-09,216.2,24472.74,2024-08-19,2024-09-23,242.61,0.118,8900.19
ADDS_HALF,VTRS,2024-09-30,11.57,25787.76,2024-08-29,2024-11-27,13.08,0.1081,8313.0
ADDS_HALF,NKE,2024-10-16,82.14,25904.56,2024-09-23,2025-02-03,74.9,-0.112,-8484.34
ADDS_HALF,PFE,2024-11-29,25.83,25877.06,2024-10-16,2024-12-27,26.43,-0.0626,-4788.04
ADDS_HALF,NVDA,2024-12-09,138.97,25589.0,2024-12-05,2025-01-08,142.58,-0.004,-230.85
ADDS_HALF,KO,2024-12-19,62.7,24895.81,2024-12-18,2025-01-29,62.56,-0.0044,-257.14
ADDS_HALF,F,2024-12-27,10.025,25361.72,2024-09-18,2025-05-08,10.34,-0.0263,-1914.75
ADDS_HALF,PFE,2025-02-03,26.3,25278.94,2025-01-28,2025-05-07,22.99,-0.1372,-10478.77
ADDS_HALF,SMCI,2025-02-05,31.03,25703.78,2025-01-22,2025-02-12,42.3,0.2827,22069.26
ADDS_HALF,FCX,2025-02-12,37.67,26474.11,2025-02-10,2025-02-18,39.48,0.0254,2074.94
ADDS_HALF,NEE,2025-02-12,69.31,26473.45,2025-01-30,2025-03-13,73.2,0.0291,2356.98
ADDS_HALF,DIS,2025-02-25,111.43,27806.0,2025-02-20,2025-05-07,102.42,-0.0807,-6669.14
ADDS_HALF,APA,2025-03-13,19.504,26699.45,2025-02-18,2025-03-31,20.69,-0.0575,-4589.56
ADDS_HALF,MU,2025-03-14,98.75,26768.82,2025-03-13,2025-05-06,79.04,-0.175,-13953.21
ADDS_HALF,DOC,2025-03-31,20.32,26349.92,2025-02-26,2025-07-08,17.935,-0.1153,-9340.82
ADDS_HALF,CSCO,2025-04-14,57.89,24344.14,2025-04-01,2025-05-29,63.73,0.0568,4504.84
ADDS_HALF,SLB,2025-06-04,33.88,26407.83,2025-05-09,2025-06-17,36.22,0.0502,3973.98
ADDS_HALF,VZ,2025-06-27,42.15,28074.46,2025-03-27,2025-08-25,44.44,0.017,1475.89
ADDS_HALF,CRM,2025-07-21,263.62,27735.98,2025-06-25,2025-10-24,257.42,-0.0445,-3610.05
ADDS_HALF,CMCSA,2025-08-15,33.035,29325.37,2025-07-15,2025-08-27,33.59,-0.0334,-2846.59
ADDS_HALF,SLB,2025-08-19,33.32,29666.29,2025-07-24,2025-08-27,35.27,0.0246,2304.48
ADDS_HALF,AVGO,2025-09-02,289.34,29298.64,2025-08-28,2025-09-18,350.0,0.1719,15525.67
ADDS_HALF,PYPL,2025-09-22,67.76,32742.39,2025-09-18,2025-10-13,70.72,0.0196,2025.95
ADDS_HALF,CTRA,2025-10-01,23.36,33000.27,2025-08-27,2025-11-18,25.74,0.0833,7831.96
ADDS_HALF,BMY,2025-10-03,45.2,33303.42,2025-07-15,2025-11-04,45.49,-0.0211,-1849.07
ADDS_HALF,CAG,2025-10-07,18.77,34275.95,2025-09-04,,17.31,-0.0923,-8525.22
ADDS_HALF,SMCI,2025-10-31,51.39,34461.42,2025-06-17,,29.27,-0.3654,-32343.92
ADDS_HALF,MRNA,2025-11-14,24.435,31931.06,2025-10-31,2025-12-29,31.0,0.1619,16435.08
ADDS_HALF,PCG,2025-11-28,16.1,32453.68,2025-11-06,,16.07,-0.0171,-1599.71
ADDS_HALF,HOOD,2025-12-02,125.25,32074.55,2025-11-03,,113.1,-0.1954,-19700.76
ADDS_HALF,SCHW,2025-12-02,92.8,32073.75,2025-09-26,2025-12-15,96.73,0.0242,2454.41
ADDS_HALF,VICI,2025-12-17,27.9,32878.99,2025-12-16,,28.12,-0.0098,-868.24
ADDS_LAST,TAP,2016-02-24,85.14,9745.6,2016-02-01,2016-03-09,88.6,0.0084,186.06
ADDS_LAST,GILD,2016-03-11,89.97,10342.02,2016-02-16,2016-03-24,89.61,-0.0089,-157.61
ADDS_LAST,KR,2016-03-15,38.01,10322.42,2016-03-14,2016-06-03,36.2,-0.0538,-1091.3
ADDS_LAST,PFE,2016-03-16,29.52,10175.98,2016-03-14,2016-04-27,32.98,0.1022,2117.88
ADDS_LAST,GME,2016-04-05,7.7,10550.85,2016-03-30,2016-04-25,8.17,0.0471,1013.59
ADDS_LAST,AABA,2016-06-13,36.7,10766.84,2016-06-03,2016-08-24,42.5,0.1504,3300.39
ADDS_LAST,NFLX,2016-07-27,9.15,11350.2,2016-07-05,2016-10-10,10.318,0.1051,2361.61
ADDS_LAST,INTC,2017-02-17,36.32,13148.79,2017-01-23,2017-05-01,36.11,-0.0167,-410.79
ADDS_LAST,KMI,2017-05-01,20.61,13022.56,2016-11-15,2017-08-02,20.2,-0.0406,-1007.91
ADDS_LAST,QCOM,2017-05-01,53.65,13021.91,2016-11-23,2017-05-26,57.66,-0.0401,-1006.33
ADDS_LAST,FAST,2017-07-25,10.85,13033.5,2017-06-05,2017-09-20,11.1075,0.0128,355.17
ADDS_LAST,CSX,2017-10-16,17.6,14405.13,2017-08-15,2018-01-11,19.54,0.129,3595.51
ADDS_LAST,NRG,2017-10-31,25.01,13641.52,2017-09-20,2017-11-10,27.75,0.1161,3222.26
ADDS_LAST,CELG,2018-03-08,90.54,16744.11,2018-01-29,2018-07-12,83.88,-0.1325,-4096.95
ADDS_LAST,GE,2018-08-06,65.392,17980.43,2018-08-01,2018-10-12,62.4512,-0.061,-2142.54
ADDS_LAST,F,2018-08-31,9.64,18053.47,2018-08-28,2018-11-12,9.38,-0.0492,-1750.3
ADDS_LAST,SO,2018-10-12,43.49,16967.49,2018-09-07,2018-10-24,44.92,0.0104,394.14
ADDS_LAST,PFE,2018-11-14,43.76,16989.96,2018-10-22,2018-12-06,44.58,0.01,370.75
ADDS_LAST,COTY,2018-11-19,9.38,17187.15,2018-09-18,2019-01-10,7.29,-0.3179,-11072.11
ADDS_LAST,LRCX,2018-11-20,14.024,16672.0,2018-11-02,2018-12-06,14.5,-0.0108,-332.7
ADDS_LAST,BKNG,2018-12-06,73.5856,16666.14,2018-06-01,2019-04-17,73.9452,-0.063,-2077.34
ADDS_LAST,BMY,2019-01-17,49.16,15865.07,2018-12-07,2019-03-07,52.7,0.0289,975.26
ADDS_LAST,CVS,2019-01-25,65.57,16241.83,2019-01-24,2019-05-06,55.97,-0.1468,-4711.07
ADDS_LAST,BA,2019-05-02,375.5,17547.8,2019-04-17,2019-06-20,373.0,-0.0186,-612.66
ADDS_LAST,ATVI,2019-08-13,46.99,18374.94,2019-04-24,2019-09-17,55.5,0.1865,6659.12
ADDS_LAST,AMD,2019-08-15,30.63,17994.23,2019-06-28,2019-10-30,32.93,0.0662,2445.79
ADDS_LAST,BEN,2020-02-24,24.26,20058.19,2020-02-19,2020-05-06,18.12,-0.2817,-11589.56
ADDS_LAST,AAL,2020-05-04,9.41,14641.9,2020-04-15,2020-05-29,10.48,-0.0239,-661.55
ADDS_LAST,CRM,2020-06-12,175.9,16893.86,2020-06-11,2020-06-24,187.51,0.0627,2154.83
ADDS_LAST,NFLX,2020-06-12,42.9,16893.01,2020-06-10,2020-06-25,45.886,0.0596,2145.38
ADDS_LAST,AMD,2020-06-15,52.58,16641.93,2020-06-10,2020-08-18,82.8,0.5063,17841.65
ADDS_LAST,ATVI,2020-11-17,77.52,21558.2,2020-10-19,2021-01-05,90.32,0.1316,5507.66
ADDS_LAST,GPS,2020-12-10,21.6,21780.37,2020-06-29,2021-03-17,31.12,0.8624,33300.64
ADDS_LAST,CMCSA,2021-02-01,49.86,22841.59,2021-01-29,2021-02-16,53.0,0.0571,2680.33
ADDS_LAST,T,2021-04-21,29.96,28490.62,2021-03-05,2021-04-27,30.84,0.0443,2458.03
ADDS_LAST,NKE,2021-05-06,132.6,29324.58,2021-04-13,2021-05-11,138.38,0.0311,1865.31
ADDS_LAST,APH,2021-05-11,32.84,29245.18,2021-05-10,2021-06-08,34.27,0.0236,1457.55
ADDS_LAST,EBAY,2021-05-12,59.69,29280.55,2021-05-11,2021-06-15,66.0,0.1014,5993.26
ADDS_LAST,GILD,2021-06-08,67.44,32700.16,2021-06-07,2021-08-20,71.67,0.0604,4016.25
ADDS_LAST,GPS,2022-01-27,17.86,32374.38,2022-01-26,2022-02-02,18.46,0.032,2147.65
ADDS_LAST,NKE,2022-02-22,141.59,31381.63,2021-12-30,2022-04-01,134.45,-0.1279,-8104.28
ADDS_LAST,HST,2022-03-14,18.21,30707.1,2022-03-11,2022-03-22,18.47,0.0061,438.21
ADDS_LAST,CVS,2022-04-12,104.4,32787.22,2022-04-11,2022-07-21,92.52,-0.1226,-7803.0
ADDS_LAST,BKR,2022-04-13,36.87,32904.24,2022-04-11,2022-06-01,36.53,-0.0082,-473.49
ADDS_LAST,HPE,2022-05-19,15.37,30907.82,2022-05-10,2022-07-25,13.89,-0.1149,-7013.58
ADDS_LAST,ATVI,2022-06-02,77.5,31910.26,2022-03-30,2023-02-22,77.28,-0.0228,-1420.75
ADDS_LAST,FCX,2022-07-25,28.54,31968.34,2022-07-21,2022-08-02,29.63,0.0381,2488.26
ADDS_LAST,GILD,2022-09-07,63.67,33312.41,2022-09-02,2022-09-14,64.41,-0.0001,60.45
ADDS_LAST,AAL,2022-09-14,13.62,33869.9,2022-08-02,2022-10-21,13.36,-0.0349,-2282.51
ADDS_LAST,MU,2022-11-04,55.26,33800.38,2022-08-19,2022-11-17,57.3,-0.0201,-1310.13
ADDS_LAST,AMZN,2022-11-17,95.37,34308.13,2022-10-21,2023-01-19,94.74,-0.0908,-6109.69
ADDS_LAST,CSX,2022-12-16,31.44,32913.37,2022-12-13,2023-04-25,31.06,-0.0407,-2693.16
ADDS_LAST,AAL,2023-04-25,13.16,32319.93,2023-03-08,2023-05-22,14.915,0.0171,1203.85
ADDS_LAST,LRCX,2023-04-26,50.325,31691.32,2023-04-21,2023-05-24,56.354,0.0958,6280.56
ADDS_LAST,KO,2023-07-07,60.31,36870.54,2023-06-16,2023-07-26,61.86,0.0138,1107.03
ADDS_LAST,MRO,2023-07-07,22.46,36868.7,2023-05-22,2023-07-17,24.05,0.0548,3964.42
ADDS_LAST,T,2023-07-26,14.91,38580.7,2023-06-28,2023-09-19,15.06,-0.019,-1355.84
ADDS_LAST,CCL,2023-08-03,17.57,38001.9,2023-07-24,2023-11-27,14.38,-0.1895,-14478.63
ADDS_LAST,AMD,2023-08-10,111.3,37751.2,2023-08-01,2023-11-28,121.98,0.0805,6231.71
ADDS_LAST,ORCL,2023-09-20,112.81,36712.99,2023-07-17,2023-11-28,116.0,0.0006,123.24
ADDS_LAST,PFE,2023-12-21,27.86,40557.16,2023-12-01,2024-01-05,29.02,0.0212,1753.8
ADDS_LAST,DAL,2024-02-01,39.41,41427.32,2024-01-09,2024-03-25,45.48,0.1253,10425.54
ADDS_LAST,BA,2024-03-25,196.01,42296.02,2024-02-29,2024-12-06,157.03,-0.2194,-18087.14
ADDS_LAST,WBD,2024-04-03,8.52,42077.08,2024-01-03,2024-07-26,8.1,-0.1725,-14415.45
ADDS_LAST,NEE,2024-07-24,72.73,45620.08,2024-07-23,2024-08-06,76.85,0.0578,5354.56
ADDS_LAST,TSLA,2024-09-09,216.2,47378.84,2024-08-19,2024-09-23,242.61,0.1188,11452.27
ADDS_LAST,VTRS,2024-10-03,11.39,50213.73,2024-08-29,2024-11-27,13.08,0.1226,12215.24
ADDS_LAST,PARA,2024-11-27,10.61,53158.76,2024-11-26,2025-03-11,11.96,0.1007,10862.19
ADDS_LAST,KO,2024-12-19,62.7,52904.17,2024-12-13,2025-01-29,62.56,-0.0102,-984.31
ADDS_LAST,SLB,2025-03-13,40.08,57134.44,2025-02-12,2025-06-17,36.22,-0.1126,-12462.29
ADDS_LAST,VZ,2025-07-08,42.8,59821.06,2025-03-27,2025-08-25,44.44,0.0178,2237.9
ADDS_LAST,NKE,2025-11-18,62.4,67473.13,2025-11-14,,63.71,-0.0001,128.28
ADDS_LAST,PCG,2025-12-16,15.32,69343.01,2025-11-06,,16.07,0.0116,1759.65
