arm,seed,final_equity
ADDS,0,558187.99
ADDS,1,480850.94
ADDS,2,447030.99
ADDS,3,476899.11
ADDS,4,532643.2
ADDS,5,601442.94
ADDS,6,493697.6
ADDS,7,457016.65
ADDS,8,704982.28
ADDS,9,565732.19
ADDS,10,431083.79
ADDS,11,729326.6
ADDS,12,658287.18
ADDS,13,502900.44
ADDS,14,408168.93
ADDS,15,403489.7
ADDS,16,524436.23
ADDS,17,370178.05
ADDS,18,496132.78
ADDS,19,531961.13
ADDS,20,399620.89
ADDS,21,515833.88
ADDS,22,529940.98
ADDS,23,497956.58
ADDS,24,489091.0
ADDS,25,629124.4
ADDS,26,336270.77
ADDS,27,637333.06
ADDS,28,536920.58
ADDS,29,605795.66
ADDS,30,612977.89
ADDS,31,445489.2
ADDS,32,618573.47
ADDS,33,588680.52
ADDS,34,451931.19
ADDS,35,576075.7
ADDS,36,598739.16
ADDS,37,461393.26
ADDS,38,923884.43
ADDS,39,587834.67
ADDS,40,547688.31
ADDS,41,434180.52
ADDS,42,306614.57
ADDS,43,315248.22
ADDS,44,563571.36
ADDS,45,431513.42
ADDS,46,586818.5
ADDS,47,487618.73
ADDS,48,545100.47
ADDS,49,485968.06
ADDS,50,473139.97
ADDS,51,450630.8
ADDS,52,482184.56
ADDS,53,332199.37
ADDS,54,342602.51
ADDS,55,487902.26
ADDS,56,485166.8
ADDS,57,453535.92
ADDS,58,529792.86
ADDS,59,557680.75
ADDS,60,689071.66
ADDS,61,626705.95
ADDS,62,561623.13
ADDS,63,611621.87
ADDS,64,597534.1
ADDS,65,587291.7
ADDS,66,516013.32
ADDS,67,385947.69
ADDS,68,518685.57
ADDS,69,579302.4
ADDS,70,384600.16
ADDS,71,602021.85
ADDS,72,434772.6
ADDS,73,459798.17
ADDS,74,689551.28
ADDS,75,588099.77
ADDS,76,573682.9
ADDS,77,597300.45
ADDS,78,464248.91
ADDS,79,645898.59
ADDS,80,509686.63
ADDS,81,519934.63
ADDS,82,400341.75
ADDS,83,542256.64
ADDS,84,587133.93
ADDS,85,510070.27
ADDS,86,612245.2
ADDS,87,425142.06
ADDS,88,517626.87
ADDS,89,684537.9
ADDS,90,503717.68
ADDS,91,544569.29
ADDS,92,621245.68
ADDS,93,426413.52
ADDS,94,570839.33
ADDS,95,339496.07
ADDS,96,451518.39
ADDS,97,449427.04
ADDS,98,375300.04
ADDS,99,461782.1
ADDS,100,573662.39
ADDS,101,515743.82
ADDS,102,648561.44
ADDS,103,376207.17
ADDS,104,426414.66
ADDS,105,506570.86
ADDS,106,683342.18
ADDS,107,648649.44
ADDS,108,380997.11
ADDS,109,631629.69
ADDS,110,516074.65
ADDS,111,391547.35
ADDS,112,537026.45
ADDS,113,402686.86
ADDS,114,640919.03
ADDS,115,345615.54
ADDS,116,626050.6
ADDS,117,474734.93
ADDS,118,509522.8
ADDS,119,538979.36
ADDS,120,418850.69
ADDS,121,466850.19
ADDS,122,610162.27
ADDS,123,1038736.77
ADDS,124,555709.56
ADDS,125,385929.77
ADDS,126,581536.55
ADDS,127,518243.24
ADDS,128,482458.62
ADDS,129,572296.42
ADDS,130,419311.96
ADDS,131,526853.12
ADDS,132,578455.66
ADDS,133,550087.0
ADDS,134,468629.62
ADDS,135,705205.59
ADDS,136,423617.41
ADDS,137,380403.64
ADDS,138,745892.35
ADDS,139,451972.05
ADDS,140,440598.89
ADDS,141,396865.45
ADDS,142,520703.41
ADDS,143,411567.31
ADDS,144,951048.39
ADDS,145,567121.17
ADDS,146,341070.77
ADDS,147,360225.43
ADDS,148,582056.46
ADDS,149,413849.74
ADDS,150,452574.0
ADDS,151,573901.02
ADDS,152,605455.36
ADDS,153,506690.13
ADDS,154,813920.29
ADDS,155,582135.67
ADDS,156,574068.55
ADDS,157,535537.05
ADDS,158,645344.16
ADDS,159,609098.64
ADDS,160,889343.61
ADDS,161,440659.08
ADDS,162,723309.96
ADDS,163,620503.2
ADDS,164,513550.38
ADDS,165,578870.58
ADDS,166,393888.49
ADDS,167,758683.68
ADDS,168,358576.39
ADDS,169,445899.4
ADDS,170,384546.15
ADDS,171,490163.51
ADDS,172,671736.63
ADDS,173,449188.44
ADDS,174,438511.08
ADDS,175,519914.83
ADDS,176,684851.61
ADDS,177,384960.32
ADDS,178,969741.85
ADDS,179,490114.05
ADDS,180,360039.61
ADDS,181,539679.81
ADDS,182,732556.92
ADDS,183,480709.29
ADDS,184,629476.69
ADDS,185,671840.41
ADDS,186,415227.85
ADDS,187,421875.55
ADDS,188,719175.56
ADDS,189,516192.02
ADDS,190,464061.61
ADDS,191,493049.5
ADDS,192,517898.76
ADDS,193,387737.37
ADDS,194,456731.13
ADDS,195,472175.45
ADDS,196,669254.62
ADDS,197,434486.3
ADDS,198,651824.47
ADDS,199,426060.25
ADDS,200,439461.38
ADDS,201,432100.29
ADDS,202,565923.99
ADDS,203,558097.19
ADDS,204,495440.12
ADDS,205,491929.32
ADDS,206,763860.14
ADDS,207,433073.04
ADDS,208,507587.84
ADDS,209,759324.96
ADDS,210,415436.01
ADDS,211,653980.86
ADDS,212,499522.25
ADDS,213,706757.32
ADDS,214,790416.32
ADDS,215,549700.9
ADDS,216,560171.57
ADDS,217,490741.96
ADDS,218,363125.94
ADDS,219,703211.58
ADDS,220,323853.2
ADDS,221,624652.18
ADDS,222,308087.5
ADDS,223,368915.62
ADDS,224,547473.87
ADDS,225,547472.32
ADDS,226,540223.99
ADDS,227,909935.75
ADDS,228,469158.69
ADDS,229,488754.53
ADDS,230,454187.13
ADDS,231,379093.76
ADDS,232,752172.01
ADDS,233,512975.38
ADDS,234,544151.74
ADDS,235,403861.16
ADDS,236,665971.64
ADDS,237,769192.05
ADDS,238,582243.5
ADDS,239,425861.14
ADDS,240,652846.23
ADDS,241,720442.23
ADDS,242,575798.2
ADDS,243,677615.73
ADDS,244,598165.7
ADDS,245,452734.14
ADDS,246,663793.83
ADDS,247,548182.71
ADDS,248,709620.95
ADDS,249,446821.03
ADDS,250,538449.71
ADDS,251,646541.27
ADDS,252,575169.27
ADDS,253,716818.7
ADDS,254,482755.39
ADDS,255,625342.84
ADDS,256,377977.23
ADDS,257,280679.14
ADDS,258,507942.72
ADDS,259,402270.24
ADDS,260,518979.54
ADDS,261,535976.64
ADDS,262,612467.66
ADDS,263,575167.79
ADDS,264,515225.47
ADDS,265,557278.23
ADDS,266,366351.42
ADDS,267,399079.47
ADDS,268,379949.2
ADDS,269,735795.65
ADDS,270,520937.79
ADDS,271,336393.63
ADDS,272,482134.86
ADDS,273,487759.8
ADDS,274,657564.26
ADDS,275,799486.1
ADDS,276,418361.6
ADDS,277,488698.14
ADDS,278,571629.53
ADDS,279,515866.36
ADDS,280,451402.27
ADDS,281,452632.14
ADDS,282,589790.09
ADDS,283,472889.57
ADDS,284,508092.35
ADDS,285,520116.12
ADDS,286,461359.02
ADDS,287,475086.96
ADDS,288,519129.82
ADDS,289,745769.75
ADDS,290,529735.77
ADDS,291,433891.48
ADDS,292,459721.28
ADDS,293,643555.97
ADDS,294,613846.79
ADDS,295,612346.95
ADDS,296,584631.76
ADDS,297,444757.87
ADDS,298,699183.22
ADDS,299,409669.58
ADDS,300,700150.0
ADDS,301,641590.2
ADDS,302,258722.85
ADDS,303,534008.26
ADDS,304,423803.68
ADDS,305,525390.11
ADDS,306,631885.02
ADDS,307,458552.5
ADDS,308,412307.35
ADDS,309,766565.23
ADDS,310,720127.0
ADDS,311,706563.79
ADDS,312,685204.33
ADDS,313,397037.3
ADDS,314,709295.19
ADDS,315,392537.95
ADDS,316,493190.15
ADDS,317,839220.64
ADDS,318,517374.45
ADDS,319,731655.1
ADDS,320,558874.81
ADDS,321,479838.3
ADDS,322,493597.66
ADDS,323,401032.92
ADDS,324,414713.88
ADDS,325,602887.38
ADDS,326,560825.97
ADDS,327,492374.91
ADDS,328,474695.48
ADDS,329,605339.89
ADDS,330,492638.04
ADDS,331,624091.87
ADDS,332,500121.45
ADDS,333,412990.5
ADDS,334,505123.26
ADDS,335,550296.13
ADDS,336,638025.66
ADDS,337,780881.08
ADDS,338,490553.29
ADDS,339,555322.17
ADDS,340,780298.26
ADDS,341,609851.67
ADDS,342,521463.87
ADDS,343,416420.31
ADDS,344,538542.51
ADDS,345,525131.22
ADDS,346,447760.31
ADDS,347,594742.36
ADDS,348,444385.97
ADDS,349,699913.12
ADDS,350,408788.95
ADDS,351,604067.54
ADDS,352,362177.74
ADDS,353,481516.73
ADDS,354,681794.61
ADDS,355,507559.68
ADDS,356,547807.02
ADDS,357,433030.06
ADDS,358,397793.75
ADDS,359,482865.71
ADDS,360,368365.17
ADDS,361,334953.58
ADDS,362,533973.72
ADDS,363,499869.17
ADDS,364,509977.64
ADDS,365,847125.09
ADDS,366,471793.19
ADDS,367,621306.68
ADDS,368,595248.16
ADDS,369,719730.33
ADDS,370,419009.16
ADDS,371,493130.84
ADDS,372,864517.16
ADDS,373,430272.87
ADDS,374,518296.67
ADDS,375,891983.85
ADDS,376,469531.13
ADDS,377,660753.09
ADDS,378,602412.8
ADDS,379,636693.69
ADDS,380,618456.75
ADDS,381,791883.32
ADDS,382,354566.45
ADDS,383,618716.18
ADDS,384,517113.88
ADDS,385,553082.9
ADDS,386,464513.31
ADDS,387,576671.75
ADDS,388,877114.55
ADDS,389,501924.54
ADDS,390,422083.73
ADDS,391,567978.45
ADDS,392,710236.99
ADDS,393,466029.98
ADDS,394,417124.29
ADDS,395,660849.63
ADDS,396,488968.86
ADDS,397,677996.83
ADDS,398,568664.63
ADDS,399,466427.01
ADDS,400,545622.87
ADDS,401,553149.67
ADDS,402,509828.86
ADDS,403,595497.99
ADDS,404,449397.85
ADDS,405,314920.23
ADDS,406,557339.13
ADDS,407,520844.24
ADDS,408,587769.64
ADDS,409,681694.01
ADDS,410,420261.09
ADDS,411,486549.78
ADDS,412,677385.14
ADDS,413,540886.23
ADDS,414,544678.86
ADDS,415,443695.14
ADDS,416,475292.78
ADDS,417,448912.83
ADDS,418,883124.41
ADDS,419,403366.05
ADDS,420,677280.06
ADDS,421,500416.98
ADDS,422,484850.35
ADDS,423,480411.54
ADDS,424,359111.37
ADDS,425,400492.52
ADDS,426,580907.17
ADDS,427,350476.22
ADDS,428,653983.2
ADDS,429,521848.17
ADDS,430,590880.02
ADDS,431,448983.46
ADDS,432,469155.21
ADDS,433,551090.67
ADDS,434,458649.17
ADDS,435,562325.28
ADDS,436,420968.94
ADDS,437,497420.02
ADDS,438,535222.56
ADDS,439,447692.38
ADDS,440,526937.57
ADDS,441,508541.81
ADDS,442,391095.01
ADDS,443,464510.68
ADDS,444,577882.92
ADDS,445,532504.94
ADDS,446,593788.87
ADDS,447,737480.62
ADDS,448,433832.58
ADDS,449,405212.51
ADDS,450,534210.85
ADDS,451,430085.32
ADDS,452,444121.19
ADDS,453,472818.67
ADDS,454,469199.31
ADDS,455,907306.18
ADDS,456,573721.11
ADDS,457,381779.85
ADDS,458,551571.32
ADDS,459,871901.3
ADDS,460,424550.92
ADDS,461,252368.78
ADDS,462,706538.12
ADDS,463,564826.45
ADDS,464,929428.84
ADDS,465,616098.63
ADDS,466,503047.94
ADDS,467,753283.63
ADDS,468,529302.88
ADDS,469,631211.9
ADDS,470,564826.06
ADDS,471,432513.06
ADDS,472,619941.21
ADDS,473,543383.09
ADDS,474,623416.41
ADDS,475,589522.55
ADDS,476,406815.61
ADDS,477,451185.74
ADDS,478,544541.48
ADDS,479,468154.2
ADDS,480,436012.04
ADDS,481,779607.55
ADDS,482,480770.3
ADDS,483,486378.45
ADDS,484,628828.24
ADDS,485,508831.38
ADDS,486,573283.38
ADDS,487,617952.75
ADDS,488,685408.68
ADDS,489,834470.77
ADDS,490,456437.22
ADDS,491,491957.41
ADDS,492,754125.84
ADDS,493,313269.95
ADDS,494,539415.76
ADDS,495,464141.47
ADDS,496,490495.55
ADDS,497,449199.87
ADDS,498,550819.94
ADDS,499,465495.57
ADDS_HALF,0,547625.91
ADDS_HALF,1,485798.44
ADDS_HALF,2,780688.39
ADDS_HALF,3,635964.16
ADDS_HALF,4,605193.68
ADDS_HALF,5,516218.02
ADDS_HALF,6,642451.35
ADDS_HALF,7,661010.37
ADDS_HALF,8,466912.62
ADDS_HALF,9,566146.08
ADDS_HALF,10,466561.1
ADDS_HALF,11,460531.4
ADDS_HALF,12,563960.02
ADDS_HALF,13,513034.44
ADDS_HALF,14,446780.14
ADDS_HALF,15,655644.29
ADDS_HALF,16,467944.4
ADDS_HALF,17,550480.22
ADDS_HALF,18,699865.94
ADDS_HALF,19,695735.01
ADDS_HALF,20,399396.48
ADDS_HALF,21,646392.17
ADDS_HALF,22,607910.64
ADDS_HALF,23,537437.47
ADDS_HALF,24,582885.21
ADDS_HALF,25,374989.71
ADDS_HALF,26,653229.59
ADDS_HALF,27,391303.82
ADDS_HALF,28,495493.41
ADDS_HALF,29,500899.81
ADDS_HALF,30,598456.28
ADDS_HALF,31,583207.38
ADDS_HALF,32,438284.22
ADDS_HALF,33,563005.57
ADDS_HALF,34,679562.42
ADDS_HALF,35,740020.21
ADDS_HALF,36,580645.89
ADDS_HALF,37,448114.17
ADDS_HALF,38,528788.92
ADDS_HALF,39,691452.34
ADDS_HALF,40,505341.7
ADDS_HALF,41,408055.65
ADDS_HALF,42,589198.12
ADDS_HALF,43,678911.28
ADDS_HALF,44,460930.75
ADDS_HALF,45,511174.76
ADDS_HALF,46,437210.09
ADDS_HALF,47,617636.33
ADDS_HALF,48,467514.81
ADDS_HALF,49,418082.49
ADDS_HALF,50,603606.96
ADDS_HALF,51,834511.76
ADDS_HALF,52,515671.71
ADDS_HALF,53,611768.95
ADDS_HALF,54,666457.26
ADDS_HALF,55,514546.45
ADDS_HALF,56,785858.72
ADDS_HALF,57,612876.13
ADDS_HALF,58,556666.94
ADDS_HALF,59,505495.18
ADDS_HALF,60,494642.43
ADDS_HALF,61,632563.51
ADDS_HALF,62,518504.77
ADDS_HALF,63,384019.17
ADDS_HALF,64,432468.94
ADDS_HALF,65,565070.61
ADDS_HALF,66,582691.76
ADDS_HALF,67,839363.91
ADDS_HALF,68,524353.89
ADDS_HALF,69,444606.94
ADDS_HALF,70,527147.4
ADDS_HALF,71,466999.26
ADDS_HALF,72,481314.44
ADDS_HALF,73,530322.02
ADDS_HALF,74,716899.61
ADDS_HALF,75,589229.0
ADDS_HALF,76,543477.86
ADDS_HALF,77,722383.22
ADDS_HALF,78,541429.76
ADDS_HALF,79,498169.36
ADDS_HALF,80,569158.62
ADDS_HALF,81,747193.93
ADDS_HALF,82,383654.38
ADDS_HALF,83,432199.97
ADDS_HALF,84,433360.93
ADDS_HALF,85,380187.87
ADDS_HALF,86,509266.03
ADDS_HALF,87,511365.25
ADDS_HALF,88,504443.9
ADDS_HALF,89,514153.9
ADDS_HALF,90,500926.86
ADDS_HALF,91,539377.28
ADDS_HALF,92,500506.06
ADDS_HALF,93,573374.78
ADDS_HALF,94,608675.62
ADDS_HALF,95,562346.57
ADDS_HALF,96,472332.25
ADDS_HALF,97,498308.84
ADDS_HALF,98,567734.38
ADDS_HALF,99,470331.8
ADDS_HALF,100,523169.16
ADDS_HALF,101,543889.08
ADDS_HALF,102,445831.45
ADDS_HALF,103,434730.68
ADDS_HALF,104,610651.24
ADDS_HALF,105,515363.42
ADDS_HALF,106,516053.92
ADDS_HALF,107,490231.02
ADDS_HALF,108,480986.08
ADDS_HALF,109,557420.06
ADDS_HALF,110,587688.17
ADDS_HALF,111,407022.98
ADDS_HALF,112,498118.17
ADDS_HALF,113,599319.91
ADDS_HALF,114,573027.67
ADDS_HALF,115,528330.61
ADDS_HALF,116,441653.81
ADDS_HALF,117,672230.31
ADDS_HALF,118,605408.84
ADDS_HALF,119,534848.78
ADDS_HALF,120,668033.71
ADDS_HALF,121,586785.96
ADDS_HALF,122,440437.95
ADDS_HALF,123,538428.21
ADDS_HALF,124,460001.67
ADDS_HALF,125,770121.18
ADDS_HALF,126,642523.9
ADDS_HALF,127,486492.6
ADDS_HALF,128,664200.55
ADDS_HALF,129,631251.14
ADDS_HALF,130,524161.46
ADDS_HALF,131,595478.66
ADDS_HALF,132,513267.61
ADDS_HALF,133,681839.49
ADDS_HALF,134,857011.44
ADDS_HALF,135,889786.07
ADDS_HALF,136,543548.97
ADDS_HALF,137,408929.25
ADDS_HALF,138,504600.34
ADDS_HALF,139,654758.42
ADDS_HALF,140,433020.61
ADDS_HALF,141,403459.85
ADDS_HALF,142,488078.63
ADDS_HALF,143,848426.49
ADDS_HALF,144,552484.76
ADDS_HALF,145,553598.81
ADDS_HALF,146,594906.48
ADDS_HALF,147,475588.58
ADDS_HALF,148,615074.97
ADDS_HALF,149,488186.91
ADDS_HALF,150,458948.33
ADDS_HALF,151,603993.4
ADDS_HALF,152,498981.68
ADDS_HALF,153,526710.6
ADDS_HALF,154,786312.24
ADDS_HALF,155,580592.74
ADDS_HALF,156,396652.77
ADDS_HALF,157,892540.35
ADDS_HALF,158,546049.99
ADDS_HALF,159,661741.89
ADDS_HALF,160,746593.2
ADDS_HALF,161,423085.98
ADDS_HALF,162,589254.25
ADDS_HALF,163,536154.27
ADDS_HALF,164,466642.14
ADDS_HALF,165,460609.99
ADDS_HALF,166,475202.34
ADDS_HALF,167,450201.19
ADDS_HALF,168,636357.8
ADDS_HALF,169,464105.72
ADDS_HALF,170,447454.62
ADDS_HALF,171,559769.41
ADDS_HALF,172,483024.75
ADDS_HALF,173,485726.44
ADDS_HALF,174,636429.63
ADDS_HALF,175,583861.35
ADDS_HALF,176,415892.18
ADDS_HALF,177,504453.92
ADDS_HALF,178,491695.35
ADDS_HALF,179,764713.74
ADDS_HALF,180,546226.13
ADDS_HALF,181,424743.46
ADDS_HALF,182,457082.11
ADDS_HALF,183,663656.24
ADDS_HALF,184,558152.48
ADDS_HALF,185,530795.16
ADDS_HALF,186,390927.1
ADDS_HALF,187,651165.32
ADDS_HALF,188,451646.53
ADDS_HALF,189,403169.01
ADDS_HALF,190,422849.06
ADDS_HALF,191,549634.82
ADDS_HALF,192,488195.51
ADDS_HALF,193,482610.81
ADDS_HALF,194,591341.66
ADDS_HALF,195,649622.2
ADDS_HALF,196,489178.82
ADDS_HALF,197,453549.89
ADDS_HALF,198,688804.73
ADDS_HALF,199,606862.47
ADDS_LAST,0,553463.28
ADDS_LAST,1,382135.18
ADDS_LAST,2,581065.9
ADDS_LAST,3,502332.66
ADDS_LAST,4,614550.65
ADDS_LAST,5,719215.64
ADDS_LAST,6,439402.3
ADDS_LAST,7,485359.36
ADDS_LAST,8,627955.76
ADDS_LAST,9,658100.29
ADDS_LAST,10,525038.81
ADDS_LAST,11,423358.17
ADDS_LAST,12,568176.58
ADDS_LAST,13,571024.71
ADDS_LAST,14,432924.65
ADDS_LAST,15,432563.02
ADDS_LAST,16,391542.6
ADDS_LAST,17,529478.37
ADDS_LAST,18,518164.27
ADDS_LAST,19,648662.32
ADDS_LAST,20,599048.43
ADDS_LAST,21,685717.89
ADDS_LAST,22,682866.44
ADDS_LAST,23,534869.95
ADDS_LAST,24,702915.54
ADDS_LAST,25,540598.19
ADDS_LAST,26,493173.9
ADDS_LAST,27,567709.96
ADDS_LAST,28,467960.85
ADDS_LAST,29,570100.44
ADDS_LAST,30,507559.21
ADDS_LAST,31,500763.81
ADDS_LAST,32,592480.72
ADDS_LAST,33,651321.97
ADDS_LAST,34,398498.59
ADDS_LAST,35,596030.69
ADDS_LAST,36,657408.0
ADDS_LAST,37,573085.16
ADDS_LAST,38,685067.91
ADDS_LAST,39,602123.58
ADDS_LAST,40,614676.35
ADDS_LAST,41,537908.38
ADDS_LAST,42,607143.72
ADDS_LAST,43,529249.56
ADDS_LAST,44,587306.34
ADDS_LAST,45,601588.57
ADDS_LAST,46,472788.3
ADDS_LAST,47,469432.78
ADDS_LAST,48,529699.97
ADDS_LAST,49,453082.63
ADDS_LAST,50,658412.98
ADDS_LAST,51,461078.04
ADDS_LAST,52,441406.02
ADDS_LAST,53,546721.65
ADDS_LAST,54,420091.52
ADDS_LAST,55,546862.89
ADDS_LAST,56,550672.42
ADDS_LAST,57,593245.31
ADDS_LAST,58,537330.13
ADDS_LAST,59,560147.68
ADDS_LAST,60,688676.77
ADDS_LAST,61,803427.52
ADDS_LAST,62,596188.45
ADDS_LAST,63,518697.25
ADDS_LAST,64,875636.05
ADDS_LAST,65,516621.3
ADDS_LAST,66,635198.72
ADDS_LAST,67,644733.6
ADDS_LAST,68,454541.98
ADDS_LAST,69,524767.19
ADDS_LAST,70,573355.99
ADDS_LAST,71,475299.66
ADDS_LAST,72,550685.47
ADDS_LAST,73,562952.62
ADDS_LAST,74,506595.36
ADDS_LAST,75,460111.93
ADDS_LAST,76,558137.51
ADDS_LAST,77,542246.78
ADDS_LAST,78,566996.9
ADDS_LAST,79,607531.85
ADDS_LAST,80,462952.83
ADDS_LAST,81,923618.99
ADDS_LAST,82,464922.33
ADDS_LAST,83,608334.66
ADDS_LAST,84,686318.02
ADDS_LAST,85,622741.39
ADDS_LAST,86,611241.4
ADDS_LAST,87,604563.73
ADDS_LAST,88,755727.33
ADDS_LAST,89,756469.04
ADDS_LAST,90,446207.17
ADDS_LAST,91,687771.7
ADDS_LAST,92,581611.24
ADDS_LAST,93,522496.16
ADDS_LAST,94,731192.12
ADDS_LAST,95,458859.69
ADDS_LAST,96,512419.01
ADDS_LAST,97,568957.99
ADDS_LAST,98,526536.22
ADDS_LAST,99,657223.21
ADDS_LAST,100,500435.03
ADDS_LAST,101,702098.68
ADDS_LAST,102,514460.43
ADDS_LAST,103,497753.21
ADDS_LAST,104,567827.03
ADDS_LAST,105,552140.69
ADDS_LAST,106,411786.53
ADDS_LAST,107,429116.43
ADDS_LAST,108,597042.12
ADDS_LAST,109,483549.41
ADDS_LAST,110,508393.05
ADDS_LAST,111,588570.11
ADDS_LAST,112,597233.98
ADDS_LAST,113,622616.6
ADDS_LAST,114,558979.39
ADDS_LAST,115,615903.31
ADDS_LAST,116,440863.82
ADDS_LAST,117,484435.49
ADDS_LAST,118,656395.04
ADDS_LAST,119,684930.52
ADDS_LAST,120,573121.99
ADDS_LAST,121,538690.45
ADDS_LAST,122,426032.93
ADDS_LAST,123,545575.74
ADDS_LAST,124,607874.73
ADDS_LAST,125,561529.8
ADDS_LAST,126,505589.26
ADDS_LAST,127,625161.39
ADDS_LAST,128,453966.06
ADDS_LAST,129,508337.34
ADDS_LAST,130,452350.54
ADDS_LAST,131,599187.39
ADDS_LAST,132,569276.71
ADDS_LAST,133,660338.71
ADDS_LAST,134,451412.83
ADDS_LAST,135,455522.6
ADDS_LAST,136,580480.2
ADDS_LAST,137,433081.66
ADDS_LAST,138,549149.11
ADDS_LAST,139,481305.48
ADDS_LAST,140,557776.23
ADDS_LAST,141,439402.3
ADDS_LAST,142,482623.6
ADDS_LAST,143,455334.88
ADDS_LAST,144,749942.08
ADDS_LAST,145,724767.37
ADDS_LAST,146,471715.24
ADDS_LAST,147,752812.65
ADDS_LAST,148,502288.51
ADDS_LAST,149,510717.65
ADDS_LAST,150,479010.88
ADDS_LAST,151,553247.74
ADDS_LAST,152,656356.28
ADDS_LAST,153,619093.63
ADDS_LAST,154,589202.26
ADDS_LAST,155,497974.62
ADDS_LAST,156,529319.81
ADDS_LAST,157,510366.33
ADDS_LAST,158,427810.3
ADDS_LAST,159,463478.01
ADDS_LAST,160,640111.23
ADDS_LAST,161,586527.03
ADDS_LAST,162,570204.99
ADDS_LAST,163,548129.67
ADDS_LAST,164,454672.65
ADDS_LAST,165,413218.18
ADDS_LAST,166,608814.3
ADDS_LAST,167,466738.85
ADDS_LAST,168,583581.07
ADDS_LAST,169,758465.04
ADDS_LAST,170,485957.8
ADDS_LAST,171,511368.13
ADDS_LAST,172,721496.82
ADDS_LAST,173,643052.41
ADDS_LAST,174,656531.85
ADDS_LAST,175,687346.07
ADDS_LAST,176,491510.49
ADDS_LAST,177,353617.83
ADDS_LAST,178,572387.23
ADDS_LAST,179,524667.4
ADDS_LAST,180,438006.58
ADDS_LAST,181,505789.44
ADDS_LAST,182,771264.53
ADDS_LAST,183,533755.58
ADDS_LAST,184,518451.17
ADDS_LAST,185,537867.74
ADDS_LAST,186,639413.51
ADDS_LAST,187,673230.23
ADDS_LAST,188,413618.9
ADDS_LAST,189,499043.3
ADDS_LAST,190,808943.93
ADDS_LAST,191,562692.33
ADDS_LAST,192,572246.72
ADDS_LAST,193,467927.58
ADDS_LAST,194,500829.26
ADDS_LAST,195,553842.91
ADDS_LAST,196,561781.83
ADDS_LAST,197,507703.49
ADDS_LAST,198,523521.48
ADDS_LAST,199,499519.07
