arm,null,seed,final_equity
ADDS_LEAN_SELECT,N1,0,670593.34
ADDS_LEAN_SELECT,N1,1,531489.13
ADDS_LEAN_SELECT,N1,2,534295.39
ADDS_LEAN_SELECT,N1,3,561231.46
ADDS_LEAN_SELECT,N1,4,503517.02
ADDS_LEAN_SELECT,N1,5,539113.07
ADDS_LEAN_SELECT,N1,6,554049.82
ADDS_LEAN_SELECT,N1,7,480165.45
ADDS_LEAN_SELECT,N1,8,478577.58
ADDS_LEAN_SELECT,N1,9,502519.08
ADDS_LEAN_SELECT,N1,10,504771.68
ADDS_LEAN_SELECT,N1,11,471613.88
ADDS_LEAN_SELECT,N1,12,584437.89
ADDS_LEAN_SELECT,N1,13,521464.9
ADDS_LEAN_SELECT,N1,14,488668.41
ADDS_LEAN_SELECT,N1,15,639163.96
ADDS_LEAN_SELECT,N1,16,532115.77
ADDS_LEAN_SELECT,N1,17,538416.57
ADDS_LEAN_SELECT,N1,18,499278.14
ADDS_LEAN_SELECT,N1,19,532467.2
ADDS_LEAN_SELECT,N1,20,489471.55
ADDS_LEAN_SELECT,N1,21,561586.1
ADDS_LEAN_SELECT,N1,22,598472.36
ADDS_LEAN_SELECT,N1,23,495160.73
ADDS_LEAN_SELECT,N1,24,575263.86
ADDS_LEAN_SELECT,N1,25,465699.57
ADDS_LEAN_SELECT,N1,26,579727.53
ADDS_LEAN_SELECT,N1,27,553437.06
ADDS_LEAN_SELECT,N1,28,605694.32
ADDS_LEAN_SELECT,N1,29,641980.87
ADDS_LEAN_SELECT,N1,30,561028.24
ADDS_LEAN_SELECT,N1,31,532830.35
ADDS_LEAN_SELECT,N1,32,643707.92
ADDS_LEAN_SELECT,N1,33,521382.94
ADDS_LEAN_SELECT,N1,34,554966.88
ADDS_LEAN_SELECT,N1,35,458059.01
ADDS_LEAN_SELECT,N1,36,533730.16
ADDS_LEAN_SELECT,N1,37,531080.77
ADDS_LEAN_SELECT,N1,38,461475.74
ADDS_LEAN_SELECT,N1,39,662142.98
ADDS_LEAN_SELECT,N1,40,576385.33
ADDS_LEAN_SELECT,N1,41,477057.94
ADDS_LEAN_SELECT,N1,42,614644.82
ADDS_LEAN_SELECT,N1,43,592442.11
ADDS_LEAN_SELECT,N1,44,544428.46
ADDS_LEAN_SELECT,N1,45,502381.61
ADDS_LEAN_SELECT,N1,46,508113.93
ADDS_LEAN_SELECT,N1,47,555533.08
ADDS_LEAN_SELECT,N1,48,517352.2
ADDS_LEAN_SELECT,N1,49,649560.26
ADDS_LEAN_SELECT,N1,50,508316.5
ADDS_LEAN_SELECT,N1,51,482273.39
ADDS_LEAN_SELECT,N1,52,421577.37
ADDS_LEAN_SELECT,N1,53,612100.85
ADDS_LEAN_SELECT,N1,54,519544.06
ADDS_LEAN_SELECT,N1,55,603973.59
ADDS_LEAN_SELECT,N1,56,522185.33
ADDS_LEAN_SELECT,N1,57,474362.79
ADDS_LEAN_SELECT,N1,58,503486.28
ADDS_LEAN_SELECT,N1,59,496478.91
ADDS_LEAN_SELECT,N1,60,548039.41
ADDS_LEAN_SELECT,N1,61,506679.59
ADDS_LEAN_SELECT,N1,62,551324.02
ADDS_LEAN_SELECT,N1,63,517552.74
ADDS_LEAN_SELECT,N1,64,634403.12
ADDS_LEAN_SELECT,N1,65,488164.35
ADDS_LEAN_SELECT,N1,66,426967.24
ADDS_LEAN_SELECT,N1,67,567042.76
ADDS_LEAN_SELECT,N1,68,441177.61
ADDS_LEAN_SELECT,N1,69,513889.93
ADDS_LEAN_SELECT,N1,70,545940.55
ADDS_LEAN_SELECT,N1,71,526110.27
ADDS_LEAN_SELECT,N1,72,552996.32
ADDS_LEAN_SELECT,N1,73,540446.17
ADDS_LEAN_SELECT,N1,74,534278.86
ADDS_LEAN_SELECT,N1,75,500058.62
ADDS_LEAN_SELECT,N1,76,565881.42
ADDS_LEAN_SELECT,N1,77,528493.03
ADDS_LEAN_SELECT,N1,78,591933.93
ADDS_LEAN_SELECT,N1,79,626335.25
ADDS_LEAN_SELECT,N1,80,419095.17
ADDS_LEAN_SELECT,N1,81,555879.57
ADDS_LEAN_SELECT,N1,82,473677.86
ADDS_LEAN_SELECT,N1,83,512301.76
ADDS_LEAN_SELECT,N1,84,495616.1
ADDS_LEAN_SELECT,N1,85,499383.46
ADDS_LEAN_SELECT,N1,86,552337.17
ADDS_LEAN_SELECT,N1,87,604042.38
ADDS_LEAN_SELECT,N1,88,551539.01
ADDS_LEAN_SELECT,N1,89,517012.52
ADDS_LEAN_SELECT,N1,90,603501.5
ADDS_LEAN_SELECT,N1,91,511650.37
ADDS_LEAN_SELECT,N1,92,513180.97
ADDS_LEAN_SELECT,N1,93,588253.74
ADDS_LEAN_SELECT,N1,94,577759.27
ADDS_LEAN_SELECT,N1,95,535888.12
ADDS_LEAN_SELECT,N1,96,608557.12
ADDS_LEAN_SELECT,N1,97,531751.69
ADDS_LEAN_SELECT,N1,98,599490.26
ADDS_LEAN_SELECT,N1,99,492703.8
ADDS_LEAN_SELECT,N1,100,483427.61
ADDS_LEAN_SELECT,N1,101,587743.99
ADDS_LEAN_SELECT,N1,102,483616.75
ADDS_LEAN_SELECT,N1,103,608686.13
ADDS_LEAN_SELECT,N1,104,535002.06
ADDS_LEAN_SELECT,N1,105,490424.63
ADDS_LEAN_SELECT,N1,106,617570.49
ADDS_LEAN_SELECT,N1,107,682449.48
ADDS_LEAN_SELECT,N1,108,573270.38
ADDS_LEAN_SELECT,N1,109,598697.57
ADDS_LEAN_SELECT,N1,110,499755.8
ADDS_LEAN_SELECT,N1,111,523355.6
ADDS_LEAN_SELECT,N1,112,480778.74
ADDS_LEAN_SELECT,N1,113,601456.1
ADDS_LEAN_SELECT,N1,114,532560.53
ADDS_LEAN_SELECT,N1,115,601372.38
ADDS_LEAN_SELECT,N1,116,594621.41
ADDS_LEAN_SELECT,N1,117,480156.85
ADDS_LEAN_SELECT,N1,118,630225.15
ADDS_LEAN_SELECT,N1,119,544636.7
ADDS_LEAN_SELECT,N1,120,600438.53
ADDS_LEAN_SELECT,N1,121,636589.49
ADDS_LEAN_SELECT,N1,122,494724.47
ADDS_LEAN_SELECT,N1,123,586314.88
ADDS_LEAN_SELECT,N1,124,573027.29
ADDS_LEAN_SELECT,N1,125,558946.91
ADDS_LEAN_SELECT,N1,126,552544.71
ADDS_LEAN_SELECT,N1,127,494876.97
ADDS_LEAN_SELECT,N1,128,684343.47
ADDS_LEAN_SELECT,N1,129,510162.18
ADDS_LEAN_SELECT,N1,130,617003.3
ADDS_LEAN_SELECT,N1,131,520306.6
ADDS_LEAN_SELECT,N1,132,572596.98
ADDS_LEAN_SELECT,N1,133,464600.53
ADDS_LEAN_SELECT,N1,134,448610.09
ADDS_LEAN_SELECT,N1,135,539286.82
ADDS_LEAN_SELECT,N1,136,566013.77
ADDS_LEAN_SELECT,N1,137,504802.07
ADDS_LEAN_SELECT,N1,138,414567.83
ADDS_LEAN_SELECT,N1,139,432073.18
ADDS_LEAN_SELECT,N1,140,512571.96
ADDS_LEAN_SELECT,N1,141,537400.41
ADDS_LEAN_SELECT,N1,142,554863.82
ADDS_LEAN_SELECT,N1,143,590176.91
ADDS_LEAN_SELECT,N1,144,511377.9
ADDS_LEAN_SELECT,N1,145,543614.94
ADDS_LEAN_SELECT,N1,146,541790.78
ADDS_LEAN_SELECT,N1,147,530346.92
ADDS_LEAN_SELECT,N1,148,503979.05
ADDS_LEAN_SELECT,N1,149,503726.93
ADDS_LEAN_SELECT,N1,150,517555.0
ADDS_LEAN_SELECT,N1,151,627049.15
ADDS_LEAN_SELECT,N1,152,536342.52
ADDS_LEAN_SELECT,N1,153,620230.3
ADDS_LEAN_SELECT,N1,154,551524.92
ADDS_LEAN_SELECT,N1,155,549410.04
ADDS_LEAN_SELECT,N1,156,662046.53
ADDS_LEAN_SELECT,N1,157,548742.85
ADDS_LEAN_SELECT,N1,158,518578.35
ADDS_LEAN_SELECT,N1,159,544003.5
ADDS_LEAN_SELECT,N1,160,575334.14
ADDS_LEAN_SELECT,N1,161,513034.73
ADDS_LEAN_SELECT,N1,162,539894.08
ADDS_LEAN_SELECT,N1,163,603659.38
ADDS_LEAN_SELECT,N1,164,591966.88
ADDS_LEAN_SELECT,N1,165,520919.24
ADDS_LEAN_SELECT,N1,166,626422.09
ADDS_LEAN_SELECT,N1,167,588693.5
ADDS_LEAN_SELECT,N1,168,480338.92
ADDS_LEAN_SELECT,N1,169,585596.46
ADDS_LEAN_SELECT,N1,170,544735.65
ADDS_LEAN_SELECT,N1,171,523906.86
ADDS_LEAN_SELECT,N1,172,587307.07
ADDS_LEAN_SELECT,N1,173,563648.66
ADDS_LEAN_SELECT,N1,174,509789.64
ADDS_LEAN_SELECT,N1,175,523397.91
ADDS_LEAN_SELECT,N1,176,690930.92
ADDS_LEAN_SELECT,N1,177,449347.14
ADDS_LEAN_SELECT,N1,178,558246.9
ADDS_LEAN_SELECT,N1,179,498387.28
ADDS_LEAN_SELECT,N1,180,550103.82
ADDS_LEAN_SELECT,N1,181,521680.73
ADDS_LEAN_SELECT,N1,182,543045.4
ADDS_LEAN_SELECT,N1,183,592582.41
ADDS_LEAN_SELECT,N1,184,455176.01
ADDS_LEAN_SELECT,N1,185,576523.75
ADDS_LEAN_SELECT,N1,186,536326.93
ADDS_LEAN_SELECT,N1,187,503708.89
ADDS_LEAN_SELECT,N1,188,563490.58
ADDS_LEAN_SELECT,N1,189,616916.4
ADDS_LEAN_SELECT,N1,190,610833.21
ADDS_LEAN_SELECT,N1,191,561104.93
ADDS_LEAN_SELECT,N1,192,511719.99
ADDS_LEAN_SELECT,N1,193,541991.25
ADDS_LEAN_SELECT,N1,194,409362.12
ADDS_LEAN_SELECT,N1,195,538407.84
ADDS_LEAN_SELECT,N1,196,526875.78
ADDS_LEAN_SELECT,N1,197,480285.44
ADDS_LEAN_SELECT,N1,198,527310.47
ADDS_LEAN_SELECT,N1,199,443761.61
ADDS_LEAN_SELECT,N2,0,546720.47
ADDS_LEAN_SELECT,N2,1,553398.79
ADDS_LEAN_SELECT,N2,2,553398.79
ADDS_LEAN_SELECT,N2,3,587044.83
ADDS_LEAN_SELECT,N2,4,591381.98
ADDS_LEAN_SELECT,N2,5,556983.66
ADDS_LEAN_SELECT,N2,6,554773.07
ADDS_LEAN_SELECT,N2,7,590990.7
ADDS_LEAN_SELECT,N2,8,538152.63
ADDS_LEAN_SELECT,N2,9,587624.83
ADDS_LEAN_SELECT,N2,10,578925.81
ADDS_LEAN_SELECT,N2,11,590257.09
ADDS_LEAN_SELECT,N2,12,577962.84
ADDS_LEAN_SELECT,N2,13,547108.86
ADDS_LEAN_SELECT,N2,14,581560.67
ADDS_LEAN_SELECT,N2,15,543022.15
ADDS_LEAN_SELECT,N2,16,574599.56
ADDS_LEAN_SELECT,N2,17,564610.52
ADDS_LEAN_SELECT,N2,18,566376.98
ADDS_LEAN_SELECT,N2,19,566376.98
ADDS_LEAN_SELECT,N2,20,600293.87
ADDS_LEAN_SELECT,N2,21,538248.06
ADDS_LEAN_SELECT,N2,22,549340.94
ADDS_LEAN_SELECT,N2,23,543022.15
ADDS_LEAN_SELECT,N2,24,545188.83
ADDS_LEAN_SELECT,N2,25,564615.38
ADDS_LEAN_SELECT,N2,26,538248.06
ADDS_LEAN_SELECT,N2,27,485592.38
ADDS_LEAN_SELECT,N2,28,591381.98
ADDS_LEAN_SELECT,N2,29,611025.92
ADDS_LEAN_SELECT,N2,30,543171.66
ADDS_LEAN_SELECT,N2,31,564610.52
ADDS_LEAN_SELECT,N2,32,553398.79
ADDS_LEAN_SELECT,N2,33,577550.07
ADDS_LEAN_SELECT,N2,34,600956.97
ADDS_LEAN_SELECT,N2,35,594238.22
ADDS_LEAN_SELECT,N2,36,588395.51
ADDS_LEAN_SELECT,N2,37,580202.46
ADDS_LEAN_SELECT,N2,38,610640.67
ADDS_LEAN_SELECT,N2,39,538248.06
ADDS_LEAN_SELECT,N2,40,577896.49
ADDS_LEAN_SELECT,N2,41,545188.83
ADDS_LEAN_SELECT,N2,42,666932.49
ADDS_LEAN_SELECT,N2,43,552887.57
ADDS_LEAN_SELECT,N2,44,554159.27
ADDS_LEAN_SELECT,N2,45,629281.41
ADDS_LEAN_SELECT,N2,46,554159.27
ADDS_LEAN_SELECT,N2,47,689370.78
ADDS_LEAN_SELECT,N2,48,627222.16
ADDS_LEAN_SELECT,N2,49,533669.71
ADDS_LEAN_SELECT,N2,50,673342.1
ADDS_LEAN_SELECT,N2,51,603655.8
ADDS_LEAN_SELECT,N2,52,520227.68
ADDS_LEAN_SELECT,N2,53,614082.73
ADDS_LEAN_SELECT,N2,54,546656.12
ADDS_LEAN_SELECT,N2,55,550740.58
ADDS_LEAN_SELECT,N2,56,554159.27
ADDS_LEAN_SELECT,N2,57,543660.96
ADDS_LEAN_SELECT,N2,58,627071.72
ADDS_LEAN_SELECT,N2,59,545188.83
ADDS_LEAN_SELECT,N2,60,540295.67
ADDS_LEAN_SELECT,N2,61,592577.53
ADDS_LEAN_SELECT,N2,62,545432.08
ADDS_LEAN_SELECT,N2,63,578925.81
ADDS_LEAN_SELECT,N2,64,553398.79
ADDS_LEAN_SELECT,N2,65,566376.98
ADDS_LEAN_SELECT,N2,66,564610.52
ADDS_LEAN_SELECT,N2,67,588395.51
ADDS_LEAN_SELECT,N2,68,568611.55
ADDS_LEAN_SELECT,N2,69,593050.45
ADDS_LEAN_SELECT,N2,70,529071.04
ADDS_LEAN_SELECT,N2,71,553398.79
ADDS_LEAN_SELECT,N2,72,577896.49
ADDS_LEAN_SELECT,N2,73,553398.79
ADDS_LEAN_SELECT,N2,74,566376.98
ADDS_LEAN_SELECT,N2,75,610640.67
ADDS_LEAN_SELECT,N2,76,554773.07
ADDS_LEAN_SELECT,N2,77,566915.88
ADDS_LEAN_SELECT,N2,78,619834.48
ADDS_LEAN_SELECT,N2,79,479778.33
ADDS_LEAN_SELECT,N2,80,545188.83
ADDS_LEAN_SELECT,N2,81,542980.07
ADDS_LEAN_SELECT,N2,82,492450.52
ADDS_LEAN_SELECT,N2,83,552887.57
ADDS_LEAN_SELECT,N2,84,553398.79
ADDS_LEAN_SELECT,N2,85,566376.98
ADDS_LEAN_SELECT,N2,86,566157.6
ADDS_LEAN_SELECT,N2,87,591381.98
ADDS_LEAN_SELECT,N2,88,552473.99
ADDS_LEAN_SELECT,N2,89,608903.96
ADDS_LEAN_SELECT,N2,90,552887.57
ADDS_LEAN_SELECT,N2,91,595670.17
ADDS_LEAN_SELECT,N2,92,549340.94
ADDS_LEAN_SELECT,N2,93,562511.15
ADDS_LEAN_SELECT,N2,94,590990.7
ADDS_LEAN_SELECT,N2,95,552887.57
ADDS_LEAN_SELECT,N2,96,542980.07
ADDS_LEAN_SELECT,N2,97,552887.57
ADDS_LEAN_SELECT,N2,98,590990.7
ADDS_LEAN_SELECT,N2,99,553080.92
ADDS_LEAN_SELECT,N2,100,485613.53
ADDS_LEAN_SELECT,N2,101,479778.33
ADDS_LEAN_SELECT,N2,102,673771.55
ADDS_LEAN_SELECT,N2,103,552887.57
ADDS_LEAN_SELECT,N2,104,543022.15
ADDS_LEAN_SELECT,N2,105,572186.28
ADDS_LEAN_SELECT,N2,106,552887.57
ADDS_LEAN_SELECT,N2,107,590990.7
ADDS_LEAN_SELECT,N2,108,551975.03
ADDS_LEAN_SELECT,N2,109,552887.57
ADDS_LEAN_SELECT,N2,110,474621.33
ADDS_LEAN_SELECT,N2,111,595914.73
ADDS_LEAN_SELECT,N2,112,577962.84
ADDS_LEAN_SELECT,N2,113,578925.81
ADDS_LEAN_SELECT,N2,114,552887.57
ADDS_LEAN_SELECT,N2,115,591381.98
ADDS_LEAN_SELECT,N2,116,580348.99
ADDS_LEAN_SELECT,N2,117,529503.14
ADDS_LEAN_SELECT,N2,118,619775.36
ADDS_LEAN_SELECT,N2,119,613835.64
ADDS_LEAN_SELECT,N2,120,567131.94
ADDS_LEAN_SELECT,N2,121,552887.57
ADDS_LEAN_SELECT,N2,122,544571.28
ADDS_LEAN_SELECT,N2,123,544037.7
ADDS_LEAN_SELECT,N2,124,552887.57
ADDS_LEAN_SELECT,N2,125,543660.96
ADDS_LEAN_SELECT,N2,126,476939.07
ADDS_LEAN_SELECT,N2,127,498357.6
ADDS_LEAN_SELECT,N2,128,566376.98
ADDS_LEAN_SELECT,N2,129,556983.66
ADDS_LEAN_SELECT,N2,130,545188.83
ADDS_LEAN_SELECT,N2,131,533870.17
ADDS_LEAN_SELECT,N2,132,549340.94
ADDS_LEAN_SELECT,N2,133,582999.06
ADDS_LEAN_SELECT,N2,134,570870.3
ADDS_LEAN_SELECT,N2,135,590403.13
ADDS_LEAN_SELECT,N2,136,541780.75
ADDS_LEAN_SELECT,N2,137,591381.98
ADDS_LEAN_SELECT,N2,138,549340.94
ADDS_LEAN_SELECT,N2,139,591381.98
ADDS_LEAN_SELECT,N2,140,591381.98
ADDS_LEAN_SELECT,N2,141,664446.42
ADDS_LEAN_SELECT,N2,142,556587.56
ADDS_LEAN_SELECT,N2,143,605150.33
ADDS_LEAN_SELECT,N2,144,540420.86
ADDS_LEAN_SELECT,N2,145,577896.49
ADDS_LEAN_SELECT,N2,146,549889.17
ADDS_LEAN_SELECT,N2,147,542980.07
ADDS_LEAN_SELECT,N2,148,592577.53
ADDS_LEAN_SELECT,N2,149,591381.98
ADDS_LEAN_SELECT,N2,150,546656.12
ADDS_LEAN_SELECT,N2,151,554922.22
ADDS_LEAN_SELECT,N2,152,552473.99
ADDS_LEAN_SELECT,N2,153,602682.94
ADDS_LEAN_SELECT,N2,154,548837.32
ADDS_LEAN_SELECT,N2,155,538124.33
ADDS_LEAN_SELECT,N2,156,576962.05
ADDS_LEAN_SELECT,N2,157,545188.83
ADDS_LEAN_SELECT,N2,158,564610.52
ADDS_LEAN_SELECT,N2,159,624097.05
ADDS_LEAN_SELECT,N2,160,643714.4
ADDS_LEAN_SELECT,N2,161,591381.98
ADDS_LEAN_SELECT,N2,162,580202.46
ADDS_LEAN_SELECT,N2,163,646916.58
ADDS_LEAN_SELECT,N2,164,552887.57
ADDS_LEAN_SELECT,N2,165,536657.62
ADDS_LEAN_SELECT,N2,166,576962.05
ADDS_LEAN_SELECT,N2,167,585004.6
ADDS_LEAN_SELECT,N2,168,538988.23
ADDS_LEAN_SELECT,N2,169,497464.34
ADDS_LEAN_SELECT,N2,170,572186.28
ADDS_LEAN_SELECT,N2,171,588395.51
ADDS_LEAN_SELECT,N2,172,599937.53
ADDS_LEAN_SELECT,N2,173,552887.57
ADDS_LEAN_SELECT,N2,174,547943.32
ADDS_LEAN_SELECT,N2,175,541678.31
ADDS_LEAN_SELECT,N2,176,543022.15
ADDS_LEAN_SELECT,N2,177,602033.3
ADDS_LEAN_SELECT,N2,178,545188.83
ADDS_LEAN_SELECT,N2,179,606893.37
ADDS_LEAN_SELECT,N2,180,590403.13
ADDS_LEAN_SELECT,N2,181,536727.36
ADDS_LEAN_SELECT,N2,182,630671.11
ADDS_LEAN_SELECT,N2,183,595670.17
ADDS_LEAN_SELECT,N2,184,522059.91
ADDS_LEAN_SELECT,N2,185,485592.38
ADDS_LEAN_SELECT,N2,186,554834.82
ADDS_LEAN_SELECT,N2,187,527653.72
ADDS_LEAN_SELECT,N2,188,553398.79
ADDS_LEAN_SELECT,N2,189,643714.4
ADDS_LEAN_SELECT,N2,190,554159.27
ADDS_LEAN_SELECT,N2,191,552887.57
ADDS_LEAN_SELECT,N2,192,566376.98
ADDS_LEAN_SELECT,N2,193,556587.56
ADDS_LEAN_SELECT,N2,194,548207.86
ADDS_LEAN_SELECT,N2,195,591381.98
ADDS_LEAN_SELECT,N2,196,553398.79
ADDS_LEAN_SELECT,N2,197,547108.86
ADDS_LEAN_SELECT,N2,198,590990.7
ADDS_LEAN_SELECT,N2,199,619884.2
ADDS_LEAN_SIZER,N1,0,528831.31
ADDS_LEAN_SIZER,N1,1,519880.87
ADDS_LEAN_SIZER,N1,2,546852.26
ADDS_LEAN_SIZER,N1,3,644917.71
ADDS_LEAN_SIZER,N1,4,512458.51
ADDS_LEAN_SIZER,N1,5,888334.41
ADDS_LEAN_SIZER,N1,6,609334.25
ADDS_LEAN_SIZER,N1,7,653997.28
ADDS_LEAN_SIZER,N1,8,394442.2
ADDS_LEAN_SIZER,N1,9,548967.77
ADDS_LEAN_SIZER,N1,10,571351.26
ADDS_LEAN_SIZER,N1,11,742875.71
ADDS_LEAN_SIZER,N1,12,924118.46
ADDS_LEAN_SIZER,N1,13,620336.88
ADDS_LEAN_SIZER,N1,14,836314.48
ADDS_LEAN_SIZER,N1,15,551925.66
ADDS_LEAN_SIZER,N1,16,523525.48
ADDS_LEAN_SIZER,N1,17,507291.71
ADDS_LEAN_SIZER,N1,18,745741.36
ADDS_LEAN_SIZER,N1,19,692172.23
ADDS_LEAN_SIZER,N1,20,629560.48
ADDS_LEAN_SIZER,N1,21,815511.5
ADDS_LEAN_SIZER,N1,22,541971.51
ADDS_LEAN_SIZER,N1,23,502652.5
ADDS_LEAN_SIZER,N1,24,465068.06
ADDS_LEAN_SIZER,N1,25,855997.72
ADDS_LEAN_SIZER,N1,26,453639.08
ADDS_LEAN_SIZER,N1,27,766743.89
ADDS_LEAN_SIZER,N1,28,626978.64
ADDS_LEAN_SIZER,N1,29,633296.81
ADDS_LEAN_SIZER,N1,30,472202.12
ADDS_LEAN_SIZER,N1,31,805013.68
ADDS_LEAN_SIZER,N1,32,691182.59
ADDS_LEAN_SIZER,N1,33,572871.31
ADDS_LEAN_SIZER,N1,34,799857.57
ADDS_LEAN_SIZER,N1,35,673423.87
ADDS_LEAN_SIZER,N1,36,439237.83
ADDS_LEAN_SIZER,N1,37,573654.53
ADDS_LEAN_SIZER,N1,38,595930.56
ADDS_LEAN_SIZER,N1,39,589876.66
ADDS_LEAN_SIZER,N1,40,684863.51
ADDS_LEAN_SIZER,N1,41,553559.28
ADDS_LEAN_SIZER,N1,42,458182.97
ADDS_LEAN_SIZER,N1,43,383790.93
ADDS_LEAN_SIZER,N1,44,768761.85
ADDS_LEAN_SIZER,N1,45,590558.12
ADDS_LEAN_SIZER,N1,46,574711.77
ADDS_LEAN_SIZER,N1,47,444375.3
ADDS_LEAN_SIZER,N1,48,778205.29
ADDS_LEAN_SIZER,N1,49,715996.17
ADDS_LEAN_SIZER,N1,50,671753.7
ADDS_LEAN_SIZER,N1,51,519486.77
ADDS_LEAN_SIZER,N1,52,923482.64
ADDS_LEAN_SIZER,N1,53,578842.38
ADDS_LEAN_SIZER,N1,54,656246.22
ADDS_LEAN_SIZER,N1,55,572781.67
ADDS_LEAN_SIZER,N1,56,611516.24
ADDS_LEAN_SIZER,N1,57,526658.92
ADDS_LEAN_SIZER,N1,58,369280.5
ADDS_LEAN_SIZER,N1,59,525979.84
ADDS_LEAN_SIZER,N1,60,643220.31
ADDS_LEAN_SIZER,N1,61,657201.38
ADDS_LEAN_SIZER,N1,62,613623.82
ADDS_LEAN_SIZER,N1,63,642704.57
ADDS_LEAN_SIZER,N1,64,531325.23
ADDS_LEAN_SIZER,N1,65,612709.43
ADDS_LEAN_SIZER,N1,66,507618.31
ADDS_LEAN_SIZER,N1,67,475577.19
ADDS_LEAN_SIZER,N1,68,674656.18
ADDS_LEAN_SIZER,N1,69,516708.17
ADDS_LEAN_SIZER,N1,70,785875.89
ADDS_LEAN_SIZER,N1,71,814520.89
ADDS_LEAN_SIZER,N1,72,607336.84
ADDS_LEAN_SIZER,N1,73,488168.05
ADDS_LEAN_SIZER,N1,74,742017.1
ADDS_LEAN_SIZER,N1,75,508614.25
ADDS_LEAN_SIZER,N1,76,436251.87
ADDS_LEAN_SIZER,N1,77,607675.19
ADDS_LEAN_SIZER,N1,78,441471.69
ADDS_LEAN_SIZER,N1,79,527964.17
ADDS_LEAN_SIZER,N1,80,623261.87
ADDS_LEAN_SIZER,N1,81,590142.76
ADDS_LEAN_SIZER,N1,82,502246.11
ADDS_LEAN_SIZER,N1,83,601017.77
ADDS_LEAN_SIZER,N1,84,544453.14
ADDS_LEAN_SIZER,N1,85,548665.88
ADDS_LEAN_SIZER,N1,86,624015.39
ADDS_LEAN_SIZER,N1,87,721522.75
ADDS_LEAN_SIZER,N1,88,501729.91
ADDS_LEAN_SIZER,N1,89,536164.57
ADDS_LEAN_SIZER,N1,90,923992.62
ADDS_LEAN_SIZER,N1,91,606875.91
ADDS_LEAN_SIZER,N1,92,507859.78
ADDS_LEAN_SIZER,N1,93,377473.99
ADDS_LEAN_SIZER,N1,94,839204.22
ADDS_LEAN_SIZER,N1,95,847792.01
ADDS_LEAN_SIZER,N1,96,772455.51
ADDS_LEAN_SIZER,N1,97,530011.19
ADDS_LEAN_SIZER,N1,98,578199.26
ADDS_LEAN_SIZER,N1,99,640535.53
ADDS_LEAN_SIZER,N1,100,562229.12
ADDS_LEAN_SIZER,N1,101,662625.49
ADDS_LEAN_SIZER,N1,102,533653.76
ADDS_LEAN_SIZER,N1,103,357642.91
ADDS_LEAN_SIZER,N1,104,516499.57
ADDS_LEAN_SIZER,N1,105,492632.26
ADDS_LEAN_SIZER,N1,106,485378.27
ADDS_LEAN_SIZER,N1,107,440822.94
ADDS_LEAN_SIZER,N1,108,628471.74
ADDS_LEAN_SIZER,N1,109,614997.13
ADDS_LEAN_SIZER,N1,110,528614.51
ADDS_LEAN_SIZER,N1,111,363209.28
ADDS_LEAN_SIZER,N1,112,682745.06
ADDS_LEAN_SIZER,N1,113,593377.99
ADDS_LEAN_SIZER,N1,114,629721.97
ADDS_LEAN_SIZER,N1,115,542712.01
ADDS_LEAN_SIZER,N1,116,596479.69
ADDS_LEAN_SIZER,N1,117,619837.45
ADDS_LEAN_SIZER,N1,118,546994.05
ADDS_LEAN_SIZER,N1,119,446767.59
ADDS_LEAN_SIZER,N1,120,724319.38
ADDS_LEAN_SIZER,N1,121,606638.48
ADDS_LEAN_SIZER,N1,122,485329.46
ADDS_LEAN_SIZER,N1,123,506491.36
ADDS_LEAN_SIZER,N1,124,512987.58
ADDS_LEAN_SIZER,N1,125,705033.53
ADDS_LEAN_SIZER,N1,126,611578.44
ADDS_LEAN_SIZER,N1,127,618771.51
ADDS_LEAN_SIZER,N1,128,749499.01
ADDS_LEAN_SIZER,N1,129,450934.68
ADDS_LEAN_SIZER,N1,130,996529.52
ADDS_LEAN_SIZER,N1,131,546749.82
ADDS_LEAN_SIZER,N1,132,926077.6
ADDS_LEAN_SIZER,N1,133,573994.95
ADDS_LEAN_SIZER,N1,134,502487.95
ADDS_LEAN_SIZER,N1,135,388304.07
ADDS_LEAN_SIZER,N1,136,705265.24
ADDS_LEAN_SIZER,N1,137,580664.82
ADDS_LEAN_SIZER,N1,138,638903.18
ADDS_LEAN_SIZER,N1,139,609452.87
ADDS_LEAN_SIZER,N1,140,862111.59
ADDS_LEAN_SIZER,N1,141,721103.79
ADDS_LEAN_SIZER,N1,142,495853.48
ADDS_LEAN_SIZER,N1,143,445251.39
ADDS_LEAN_SIZER,N1,144,388464.87
ADDS_LEAN_SIZER,N1,145,652607.01
ADDS_LEAN_SIZER,N1,146,513122.85
ADDS_LEAN_SIZER,N1,147,777657.68
ADDS_LEAN_SIZER,N1,148,596899.28
ADDS_LEAN_SIZER,N1,149,406480.72
ADDS_LEAN_SIZER,N1,150,776426.55
ADDS_LEAN_SIZER,N1,151,529434.6
ADDS_LEAN_SIZER,N1,152,509253.81
ADDS_LEAN_SIZER,N1,153,474506.18
ADDS_LEAN_SIZER,N1,154,629532.82
ADDS_LEAN_SIZER,N1,155,561544.37
ADDS_LEAN_SIZER,N1,156,747159.22
ADDS_LEAN_SIZER,N1,157,673919.33
ADDS_LEAN_SIZER,N1,158,580602.42
ADDS_LEAN_SIZER,N1,159,543564.34
ADDS_LEAN_SIZER,N1,160,477247.14
ADDS_LEAN_SIZER,N1,161,555301.4
ADDS_LEAN_SIZER,N1,162,664531.34
ADDS_LEAN_SIZER,N1,163,359401.89
ADDS_LEAN_SIZER,N1,164,377267.24
ADDS_LEAN_SIZER,N1,165,718082.41
ADDS_LEAN_SIZER,N1,166,595101.83
ADDS_LEAN_SIZER,N1,167,562650.01
ADDS_LEAN_SIZER,N1,168,574650.23
ADDS_LEAN_SIZER,N1,169,588108.36
ADDS_LEAN_SIZER,N1,170,494102.3
ADDS_LEAN_SIZER,N1,171,786709.44
ADDS_LEAN_SIZER,N1,172,438623.85
ADDS_LEAN_SIZER,N1,173,646123.3
ADDS_LEAN_SIZER,N1,174,645867.53
ADDS_LEAN_SIZER,N1,175,806781.25
ADDS_LEAN_SIZER,N1,176,472757.84
ADDS_LEAN_SIZER,N1,177,420371.27
ADDS_LEAN_SIZER,N1,178,757900.07
ADDS_LEAN_SIZER,N1,179,657855.84
ADDS_LEAN_SIZER,N1,180,422641.63
ADDS_LEAN_SIZER,N1,181,517500.73
ADDS_LEAN_SIZER,N1,182,341103.92
ADDS_LEAN_SIZER,N1,183,865673.14
ADDS_LEAN_SIZER,N1,184,789387.78
ADDS_LEAN_SIZER,N1,185,450468.74
ADDS_LEAN_SIZER,N1,186,597277.27
ADDS_LEAN_SIZER,N1,187,632339.88
ADDS_LEAN_SIZER,N1,188,419899.93
ADDS_LEAN_SIZER,N1,189,923140.56
ADDS_LEAN_SIZER,N1,190,527935.81
ADDS_LEAN_SIZER,N1,191,614547.0
ADDS_LEAN_SIZER,N1,192,451817.41
ADDS_LEAN_SIZER,N1,193,896213.21
ADDS_LEAN_SIZER,N1,194,629713.57
ADDS_LEAN_SIZER,N1,195,719827.36
ADDS_LEAN_SIZER,N1,196,659513.13
ADDS_LEAN_SIZER,N1,197,414656.61
ADDS_LEAN_SIZER,N1,198,387238.19
ADDS_LEAN_SIZER,N1,199,763294.7
ADDS_LEAN_SIZER,N2,0,740632.52
ADDS_LEAN_SIZER,N2,1,853134.38
ADDS_LEAN_SIZER,N2,2,597077.73
ADDS_LEAN_SIZER,N2,3,810115.3
ADDS_LEAN_SIZER,N2,4,728675.27
ADDS_LEAN_SIZER,N2,5,570455.91
ADDS_LEAN_SIZER,N2,6,490752.57
ADDS_LEAN_SIZER,N2,7,808484.43
ADDS_LEAN_SIZER,N2,8,581351.27
ADDS_LEAN_SIZER,N2,9,798108.78
ADDS_LEAN_SIZER,N2,10,706793.27
ADDS_LEAN_SIZER,N2,11,796150.35
ADDS_LEAN_SIZER,N2,12,618438.2
ADDS_LEAN_SIZER,N2,13,610850.2
ADDS_LEAN_SIZER,N2,14,796150.35
ADDS_LEAN_SIZER,N2,15,658700.2
ADDS_LEAN_SIZER,N2,16,513711.09
ADDS_LEAN_SIZER,N2,17,503777.39
ADDS_LEAN_SIZER,N2,18,740783.22
ADDS_LEAN_SIZER,N2,19,513429.76
ADDS_LEAN_SIZER,N2,20,775432.14
ADDS_LEAN_SIZER,N2,21,391725.48
ADDS_LEAN_SIZER,N2,22,789525.84
ADDS_LEAN_SIZER,N2,23,604062.96
ADDS_LEAN_SIZER,N2,24,757433.71
ADDS_LEAN_SIZER,N2,25,469091.32
ADDS_LEAN_SIZER,N2,26,694434.81
ADDS_LEAN_SIZER,N2,27,668377.72
ADDS_LEAN_SIZER,N2,28,551856.31
ADDS_LEAN_SIZER,N2,29,826262.12
ADDS_LEAN_SIZER,N2,30,491099.92
ADDS_LEAN_SIZER,N2,31,526532.3
ADDS_LEAN_SIZER,N2,32,487588.03
ADDS_LEAN_SIZER,N2,33,849774.33
ADDS_LEAN_SIZER,N2,34,497506.12
ADDS_LEAN_SIZER,N2,35,928197.81
ADDS_LEAN_SIZER,N2,36,509976.84
ADDS_LEAN_SIZER,N2,37,480929.75
ADDS_LEAN_SIZER,N2,38,775275.76
ADDS_LEAN_SIZER,N2,39,551856.31
ADDS_LEAN_SIZER,N2,40,662136.84
ADDS_LEAN_SIZER,N2,41,789465.3
ADDS_LEAN_SIZER,N2,42,771437.41
ADDS_LEAN_SIZER,N2,43,565234.47
ADDS_LEAN_SIZER,N2,44,651928.48
ADDS_LEAN_SIZER,N2,45,789041.51
ADDS_LEAN_SIZER,N2,46,601525.52
ADDS_LEAN_SIZER,N2,47,747693.21
ADDS_LEAN_SIZER,N2,48,629908.22
ADDS_LEAN_SIZER,N2,49,565538.66
ADDS_LEAN_SIZER,N2,50,827096.01
ADDS_LEAN_SIZER,N2,51,604062.96
ADDS_LEAN_SIZER,N2,52,774793.52
ADDS_LEAN_SIZER,N2,53,682277.55
ADDS_LEAN_SIZER,N2,54,777589.63
ADDS_LEAN_SIZER,N2,55,724781.44
ADDS_LEAN_SIZER,N2,56,547683.76
ADDS_LEAN_SIZER,N2,57,724781.44
ADDS_LEAN_SIZER,N2,58,778058.94
ADDS_LEAN_SIZER,N2,59,558048.39
ADDS_LEAN_SIZER,N2,60,601525.52
ADDS_LEAN_SIZER,N2,61,715816.17
ADDS_LEAN_SIZER,N2,62,724781.44
ADDS_LEAN_SIZER,N2,63,784507.93
ADDS_LEAN_SIZER,N2,64,808908.93
ADDS_LEAN_SIZER,N2,65,808657.66
ADDS_LEAN_SIZER,N2,66,448765.91
ADDS_LEAN_SIZER,N2,67,703930.37
ADDS_LEAN_SIZER,N2,68,586702.24
ADDS_LEAN_SIZER,N2,69,703930.37
ADDS_LEAN_SIZER,N2,70,740939.19
ADDS_LEAN_SIZER,N2,71,438071.09
ADDS_LEAN_SIZER,N2,72,625078.98
ADDS_LEAN_SIZER,N2,73,443047.82
ADDS_LEAN_SIZER,N2,74,693276.82
ADDS_LEAN_SIZER,N2,75,778785.93
ADDS_LEAN_SIZER,N2,76,685787.07
ADDS_LEAN_SIZER,N2,77,778785.93
ADDS_LEAN_SIZER,N2,78,438197.07
ADDS_LEAN_SIZER,N2,79,775532.67
ADDS_LEAN_SIZER,N2,80,734163.21
ADDS_LEAN_SIZER,N2,81,517569.89
ADDS_LEAN_SIZER,N2,82,642819.42
ADDS_LEAN_SIZER,N2,83,581351.27
ADDS_LEAN_SIZER,N2,84,772036.04
ADDS_LEAN_SIZER,N2,85,743626.34
ADDS_LEAN_SIZER,N2,86,526532.3
ADDS_LEAN_SIZER,N2,87,778975.44
ADDS_LEAN_SIZER,N2,88,550432.54
ADDS_LEAN_SIZER,N2,89,438863.61
ADDS_LEAN_SIZER,N2,90,454896.84
ADDS_LEAN_SIZER,N2,91,454096.84
ADDS_LEAN_SIZER,N2,92,835374.12
ADDS_LEAN_SIZER,N2,93,435402.04
ADDS_LEAN_SIZER,N2,94,751536.71
ADDS_LEAN_SIZER,N2,95,1394762.21
ADDS_LEAN_SIZER,N2,96,726321.75
ADDS_LEAN_SIZER,N2,97,570143.28
ADDS_LEAN_SIZER,N2,98,542775.87
ADDS_LEAN_SIZER,N2,99,694918.36
ADDS_LEAN_SIZER,N2,100,652303.06
ADDS_LEAN_SIZER,N2,101,762282.95
ADDS_LEAN_SIZER,N2,102,668348.57
ADDS_LEAN_SIZER,N2,103,628871.53
ADDS_LEAN_SIZER,N2,104,581046.76
ADDS_LEAN_SIZER,N2,105,470032.17
ADDS_LEAN_SIZER,N2,106,809258.56
ADDS_LEAN_SIZER,N2,107,553154.56
ADDS_LEAN_SIZER,N2,108,454896.84
ADDS_LEAN_SIZER,N2,109,773630.88
ADDS_LEAN_SIZER,N2,110,488508.95
ADDS_LEAN_SIZER,N2,111,565538.66
ADDS_LEAN_SIZER,N2,112,542313.43
ADDS_LEAN_SIZER,N2,113,485056.06
ADDS_LEAN_SIZER,N2,114,437251.66
ADDS_LEAN_SIZER,N2,115,798108.78
ADDS_LEAN_SIZER,N2,116,715172.56
ADDS_LEAN_SIZER,N2,117,563223.99
ADDS_LEAN_SIZER,N2,118,684311.43
ADDS_LEAN_SIZER,N2,119,683884.92
ADDS_LEAN_SIZER,N2,120,652303.06
ADDS_LEAN_SIZER,N2,121,742142.24
ADDS_LEAN_SIZER,N2,122,485298.02
ADDS_LEAN_SIZER,N2,123,728655.25
ADDS_LEAN_SIZER,N2,124,577708.45
ADDS_LEAN_SIZER,N2,125,514198.32
ADDS_LEAN_SIZER,N2,126,728675.27
ADDS_LEAN_SIZER,N2,127,738095.94
ADDS_LEAN_SIZER,N2,128,810471.66
ADDS_LEAN_SIZER,N2,129,724781.44
ADDS_LEAN_SIZER,N2,130,683353.22
ADDS_LEAN_SIZER,N2,131,510727.58
ADDS_LEAN_SIZER,N2,132,749810.14
ADDS_LEAN_SIZER,N2,133,648263.79
ADDS_LEAN_SIZER,N2,134,611386.53
ADDS_LEAN_SIZER,N2,135,743969.28
ADDS_LEAN_SIZER,N2,136,565023.18
ADDS_LEAN_SIZER,N2,137,706793.27
ADDS_LEAN_SIZER,N2,138,728655.25
ADDS_LEAN_SIZER,N2,139,773630.88
ADDS_LEAN_SIZER,N2,140,541331.5
ADDS_LEAN_SIZER,N2,141,643341.4
ADDS_LEAN_SIZER,N2,142,808484.43
ADDS_LEAN_SIZER,N2,143,527602.24
ADDS_LEAN_SIZER,N2,144,664705.39
ADDS_LEAN_SIZER,N2,145,810899.98
ADDS_LEAN_SIZER,N2,146,750887.46
ADDS_LEAN_SIZER,N2,147,599070.69
ADDS_LEAN_SIZER,N2,148,789102.05
ADDS_LEAN_SIZER,N2,149,808023.46
ADDS_LEAN_SIZER,N2,150,776754.79
ADDS_LEAN_SIZER,N2,151,436557.9
ADDS_LEAN_SIZER,N2,152,742142.24
ADDS_LEAN_SIZER,N2,153,526985.19
ADDS_LEAN_SIZER,N2,154,712589.48
ADDS_LEAN_SIZER,N2,155,542775.87
ADDS_LEAN_SIZER,N2,156,517089.05
ADDS_LEAN_SIZER,N2,157,810115.3
ADDS_LEAN_SIZER,N2,158,712589.48
ADDS_LEAN_SIZER,N2,159,844738.54
ADDS_LEAN_SIZER,N2,160,533844.49
ADDS_LEAN_SIZER,N2,161,694434.81
ADDS_LEAN_SIZER,N2,162,618438.2
ADDS_LEAN_SIZER,N2,163,616999.13
ADDS_LEAN_SIZER,N2,164,575517.01
ADDS_LEAN_SIZER,N2,165,643341.4
ADDS_LEAN_SIZER,N2,166,829042.52
ADDS_LEAN_SIZER,N2,167,634368.02
ADDS_LEAN_SIZER,N2,168,627156.7
ADDS_LEAN_SIZER,N2,169,542775.87
ADDS_LEAN_SIZER,N2,170,740117.16
ADDS_LEAN_SIZER,N2,171,807949.47
ADDS_LEAN_SIZER,N2,172,600833.16
ADDS_LEAN_SIZER,N2,173,581046.76
ADDS_LEAN_SIZER,N2,174,558048.39
ADDS_LEAN_SIZER,N2,175,742142.24
ADDS_LEAN_SIZER,N2,176,449333.29
ADDS_LEAN_SIZER,N2,177,390956.8
ADDS_LEAN_SIZER,N2,178,664705.39
ADDS_LEAN_SIZER,N2,179,592799.5
ADDS_LEAN_SIZER,N2,180,810899.98
ADDS_LEAN_SIZER,N2,181,808484.43
ADDS_LEAN_SIZER,N2,182,710605.8
ADDS_LEAN_SIZER,N2,183,693564.99
ADDS_LEAN_SIZER,N2,184,749810.14
ADDS_LEAN_SIZER,N2,185,440273.37
ADDS_LEAN_SIZER,N2,186,700452.11
ADDS_LEAN_SIZER,N2,187,665157.39
ADDS_LEAN_SIZER,N2,188,526885.27
ADDS_LEAN_SIZER,N2,189,531984.88
ADDS_LEAN_SIZER,N2,190,741277.62
ADDS_LEAN_SIZER,N2,191,542775.87
ADDS_LEAN_SIZER,N2,192,581046.76
ADDS_LEAN_SIZER,N2,193,492791.45
ADDS_LEAN_SIZER,N2,194,480929.75
ADDS_LEAN_SIZER,N2,195,567452.65
ADDS_LEAN_SIZER,N2,196,808846.49
ADDS_LEAN_SIZER,N2,197,724781.44
ADDS_LEAN_SIZER,N2,198,570923.27
ADDS_LEAN_SIZER,N2,199,610772.7
ADDS_LEAN_GATE,N1,0,552887.57
ADDS_LEAN_GATE,N1,1,541851.92
ADDS_LEAN_GATE,N1,2,559015.66
ADDS_LEAN_GATE,N1,3,543154.64
ADDS_LEAN_GATE,N1,4,545439.62
ADDS_LEAN_GATE,N1,5,552887.57
ADDS_LEAN_GATE,N1,6,544304.9
ADDS_LEAN_GATE,N1,7,552887.57
ADDS_LEAN_GATE,N1,8,521554.01
ADDS_LEAN_GATE,N1,9,552887.57
ADDS_LEAN_GATE,N1,10,507300.31
ADDS_LEAN_GATE,N1,11,552887.57
ADDS_LEAN_GATE,N1,12,548471.99
ADDS_LEAN_GATE,N1,13,585817.82
ADDS_LEAN_GATE,N1,14,584584.71
ADDS_LEAN_GATE,N1,15,552887.57
ADDS_LEAN_GATE,N1,16,609107.8
ADDS_LEAN_GATE,N1,17,549579.69
ADDS_LEAN_GATE,N1,18,552887.57
ADDS_LEAN_GATE,N1,19,552887.57
ADDS_LEAN_GATE,N1,20,552887.57
ADDS_LEAN_GATE,N1,21,552887.57
ADDS_LEAN_GATE,N1,22,518048.06
ADDS_LEAN_GATE,N1,23,552887.57
ADDS_LEAN_GATE,N1,24,552887.57
ADDS_LEAN_GATE,N1,25,546841.23
ADDS_LEAN_GATE,N1,26,576820.62
ADDS_LEAN_GATE,N1,27,552887.57
ADDS_LEAN_GATE,N1,28,558959.35
ADDS_LEAN_GATE,N1,29,552887.57
ADDS_LEAN_GATE,N1,30,518128.48
ADDS_LEAN_GATE,N1,31,552887.57
ADDS_LEAN_GATE,N1,32,552887.57
ADDS_LEAN_GATE,N1,33,552887.57
ADDS_LEAN_GATE,N1,34,572433.35
ADDS_LEAN_GATE,N1,35,551262.84
ADDS_LEAN_GATE,N1,36,541549.72
ADDS_LEAN_GATE,N1,37,562313.99
ADDS_LEAN_GATE,N1,38,589318.16
ADDS_LEAN_GATE,N1,39,535127.4
ADDS_LEAN_GATE,N1,40,552887.57
ADDS_LEAN_GATE,N1,41,569902.0
ADDS_LEAN_GATE,N1,42,552887.57
ADDS_LEAN_GATE,N1,43,563517.18
ADDS_LEAN_GATE,N1,44,553214.66
ADDS_LEAN_GATE,N1,45,506316.7
ADDS_LEAN_GATE,N1,46,563316.74
ADDS_LEAN_GATE,N1,47,524679.87
ADDS_LEAN_GATE,N1,48,575677.11
ADDS_LEAN_GATE,N1,49,552887.57
ADDS_LEAN_GATE,N1,50,581367.75
ADDS_LEAN_GATE,N1,51,548597.18
ADDS_LEAN_GATE,N1,52,512659.52
ADDS_LEAN_GATE,N1,53,554977.8
ADDS_LEAN_GATE,N1,54,553223.18
ADDS_LEAN_GATE,N1,55,552887.57
ADDS_LEAN_GATE,N1,56,552887.57
ADDS_LEAN_GATE,N1,57,525865.59
ADDS_LEAN_GATE,N1,58,552887.57
ADDS_LEAN_GATE,N1,59,552887.57
ADDS_LEAN_GATE,N1,60,552887.57
ADDS_LEAN_GATE,N1,61,552305.55
ADDS_LEAN_GATE,N1,62,534903.57
ADDS_LEAN_GATE,N1,63,552887.57
ADDS_LEAN_GATE,N1,64,494163.58
ADDS_LEAN_GATE,N1,65,527581.75
ADDS_LEAN_GATE,N1,66,552887.57
ADDS_LEAN_GATE,N1,67,547614.97
ADDS_LEAN_GATE,N1,68,552887.57
ADDS_LEAN_GATE,N1,69,586266.98
ADDS_LEAN_GATE,N1,70,552887.57
ADDS_LEAN_GATE,N1,71,552887.57
ADDS_LEAN_GATE,N1,72,568160.87
ADDS_LEAN_GATE,N1,73,502306.76
ADDS_LEAN_GATE,N1,74,552887.57
ADDS_LEAN_GATE,N1,75,552887.57
ADDS_LEAN_GATE,N1,76,555040.07
ADDS_LEAN_GATE,N1,77,552887.57
ADDS_LEAN_GATE,N1,78,552887.57
ADDS_LEAN_GATE,N1,79,552887.57
ADDS_LEAN_GATE,N1,80,552887.57
ADDS_LEAN_GATE,N1,81,601073.05
ADDS_LEAN_GATE,N1,82,501961.38
ADDS_LEAN_GATE,N1,83,569725.98
ADDS_LEAN_GATE,N1,84,563212.2
ADDS_LEAN_GATE,N1,85,552887.57
ADDS_LEAN_GATE,N1,86,553766.28
ADDS_LEAN_GATE,N1,87,602075.99
ADDS_LEAN_GATE,N1,88,552887.57
ADDS_LEAN_GATE,N1,89,552887.57
ADDS_LEAN_GATE,N1,90,565083.49
ADDS_LEAN_GATE,N1,91,511878.54
ADDS_LEAN_GATE,N1,92,552887.57
ADDS_LEAN_GATE,N1,93,553814.65
ADDS_LEAN_GATE,N1,94,552887.57
ADDS_LEAN_GATE,N1,95,554342.34
ADDS_LEAN_GATE,N1,96,529187.26
ADDS_LEAN_GATE,N1,97,538871.57
ADDS_LEAN_GATE,N1,98,552887.57
ADDS_LEAN_GATE,N1,99,513558.24
ADDS_LEAN_GATE,N1,100,581134.09
ADDS_LEAN_GATE,N1,101,556506.77
ADDS_LEAN_GATE,N1,102,557529.59
ADDS_LEAN_GATE,N1,103,555391.33
ADDS_LEAN_GATE,N1,104,589335.33
ADDS_LEAN_GATE,N1,105,534405.06
ADDS_LEAN_GATE,N1,106,563195.18
ADDS_LEAN_GATE,N1,107,537376.68
ADDS_LEAN_GATE,N1,108,546393.22
ADDS_LEAN_GATE,N1,109,543346.13
ADDS_LEAN_GATE,N1,110,547516.47
ADDS_LEAN_GATE,N1,111,552887.57
ADDS_LEAN_GATE,N1,112,535541.67
ADDS_LEAN_GATE,N1,113,548179.45
ADDS_LEAN_GATE,N1,114,522700.4
ADDS_LEAN_GATE,N1,115,552887.57
ADDS_LEAN_GATE,N1,116,552887.57
ADDS_LEAN_GATE,N1,117,565976.96
ADDS_LEAN_GATE,N1,118,530589.62
ADDS_LEAN_GATE,N1,119,552887.57
ADDS_LEAN_GATE,N1,120,537946.48
ADDS_LEAN_GATE,N1,121,552463.97
ADDS_LEAN_GATE,N1,122,563996.13
ADDS_LEAN_GATE,N1,123,569407.71
ADDS_LEAN_GATE,N1,124,560781.7
ADDS_LEAN_GATE,N1,125,558784.88
ADDS_LEAN_GATE,N1,126,552887.57
ADDS_LEAN_GATE,N1,127,512685.79
ADDS_LEAN_GATE,N1,128,552887.57
ADDS_LEAN_GATE,N1,129,581134.09
ADDS_LEAN_GATE,N1,130,555155.17
ADDS_LEAN_GATE,N1,131,519392.2
ADDS_LEAN_GATE,N1,132,542140.18
ADDS_LEAN_GATE,N1,133,542267.56
ADDS_LEAN_GATE,N1,134,552887.57
ADDS_LEAN_GATE,N1,135,507300.31
ADDS_LEAN_GATE,N1,136,534405.06
ADDS_LEAN_GATE,N1,137,562836.96
ADDS_LEAN_GATE,N1,138,575215.51
ADDS_LEAN_GATE,N1,139,552887.57
ADDS_LEAN_GATE,N1,140,552887.57
ADDS_LEAN_GATE,N1,141,524926.93
ADDS_LEAN_GATE,N1,142,552887.57
ADDS_LEAN_GATE,N1,143,566112.99
ADDS_LEAN_GATE,N1,144,535878.85
ADDS_LEAN_GATE,N1,145,547692.63
ADDS_LEAN_GATE,N1,146,552887.57
ADDS_LEAN_GATE,N1,147,540683.34
ADDS_LEAN_GATE,N1,148,561351.57
ADDS_LEAN_GATE,N1,149,552887.57
ADDS_LEAN_GATE,N1,150,552887.57
ADDS_LEAN_GATE,N1,151,565272.04
ADDS_LEAN_GATE,N1,152,546262.11
ADDS_LEAN_GATE,N1,153,545578.96
ADDS_LEAN_GATE,N1,154,586266.98
ADDS_LEAN_GATE,N1,155,581043.16
ADDS_LEAN_GATE,N1,156,560619.51
ADDS_LEAN_GATE,N1,157,552745.45
ADDS_LEAN_GATE,N1,158,512650.5
ADDS_LEAN_GATE,N1,159,552887.57
ADDS_LEAN_GATE,N1,160,536521.34
ADDS_LEAN_GATE,N1,161,552887.57
ADDS_LEAN_GATE,N1,162,564838.8
ADDS_LEAN_GATE,N1,163,552887.57
ADDS_LEAN_GATE,N1,164,524926.93
ADDS_LEAN_GATE,N1,165,549463.82
ADDS_LEAN_GATE,N1,166,553695.72
ADDS_LEAN_GATE,N1,167,552887.57
ADDS_LEAN_GATE,N1,168,552887.57
ADDS_LEAN_GATE,N1,169,535553.33
ADDS_LEAN_GATE,N1,170,580231.44
ADDS_LEAN_GATE,N1,171,559183.76
ADDS_LEAN_GATE,N1,172,490040.48
ADDS_LEAN_GATE,N1,173,507316.63
ADDS_LEAN_GATE,N1,174,555155.17
ADDS_LEAN_GATE,N1,175,565683.77
ADDS_LEAN_GATE,N1,176,555155.17
ADDS_LEAN_GATE,N1,177,552887.57
ADDS_LEAN_GATE,N1,178,552887.57
ADDS_LEAN_GATE,N1,179,552887.57
ADDS_LEAN_GATE,N1,180,552887.57
ADDS_LEAN_GATE,N1,181,552887.57
ADDS_LEAN_GATE,N1,182,502306.76
ADDS_LEAN_GATE,N1,183,551000.77
ADDS_LEAN_GATE,N1,184,544326.72
ADDS_LEAN_GATE,N1,185,574454.63
ADDS_LEAN_GATE,N1,186,677789.01
ADDS_LEAN_GATE,N1,187,552887.57
ADDS_LEAN_GATE,N1,188,557030.97
ADDS_LEAN_GATE,N1,189,520663.2
ADDS_LEAN_GATE,N1,190,594159.68
ADDS_LEAN_GATE,N1,191,550379.76
ADDS_LEAN_GATE,N1,192,538021.59
ADDS_LEAN_GATE,N1,193,552887.57
ADDS_LEAN_GATE,N1,194,552887.57
ADDS_LEAN_GATE,N1,195,552887.57
ADDS_LEAN_GATE,N1,196,552887.57
ADDS_LEAN_GATE,N1,197,552887.57
ADDS_LEAN_GATE,N1,198,555685.15
ADDS_LEAN_GATE,N1,199,553650.78
ADDS_LEAN_GATE,N2,0,551211.26
ADDS_LEAN_GATE,N2,1,552887.57
ADDS_LEAN_GATE,N2,2,552887.57
ADDS_LEAN_GATE,N2,3,534944.05
ADDS_LEAN_GATE,N2,4,552887.57
ADDS_LEAN_GATE,N2,5,552887.57
ADDS_LEAN_GATE,N2,6,552887.57
ADDS_LEAN_GATE,N2,7,507678.57
ADDS_LEAN_GATE,N2,8,552887.57
ADDS_LEAN_GATE,N2,9,552887.57
ADDS_LEAN_GATE,N2,10,552887.57
ADDS_LEAN_GATE,N2,11,552887.57
ADDS_LEAN_GATE,N2,12,549798.11
ADDS_LEAN_GATE,N2,13,552887.57
ADDS_LEAN_GATE,N2,14,507678.57
ADDS_LEAN_GATE,N2,15,533322.14
ADDS_LEAN_GATE,N2,16,552887.57
ADDS_LEAN_GATE,N2,17,552887.57
ADDS_LEAN_GATE,N2,18,552887.57
ADDS_LEAN_GATE,N2,19,552887.57
ADDS_LEAN_GATE,N2,20,520825.13
ADDS_LEAN_GATE,N2,21,534944.05
ADDS_LEAN_GATE,N2,22,552887.57
ADDS_LEAN_GATE,N2,23,549798.11
ADDS_LEAN_GATE,N2,24,520825.13
ADDS_LEAN_GATE,N2,25,552887.57
ADDS_LEAN_GATE,N2,26,552887.57
ADDS_LEAN_GATE,N2,27,552887.57
ADDS_LEAN_GATE,N2,28,552887.57
ADDS_LEAN_GATE,N2,29,552887.57
ADDS_LEAN_GATE,N2,30,552887.57
ADDS_LEAN_GATE,N2,31,552887.57
ADDS_LEAN_GATE,N2,32,552887.57
ADDS_LEAN_GATE,N2,33,552887.57
ADDS_LEAN_GATE,N2,34,549798.11
ADDS_LEAN_GATE,N2,35,507678.57
ADDS_LEAN_GATE,N2,36,549798.11
ADDS_LEAN_GATE,N2,37,552887.57
ADDS_LEAN_GATE,N2,38,552887.57
ADDS_LEAN_GATE,N2,39,552887.57
ADDS_LEAN_GATE,N2,40,552887.57
ADDS_LEAN_GATE,N2,41,552887.57
ADDS_LEAN_GATE,N2,42,543346.13
ADDS_LEAN_GATE,N2,43,552887.57
ADDS_LEAN_GATE,N2,44,534944.05
ADDS_LEAN_GATE,N2,45,520825.13
ADDS_LEAN_GATE,N2,46,552887.57
ADDS_LEAN_GATE,N2,47,534944.05
ADDS_LEAN_GATE,N2,48,552887.57
ADDS_LEAN_GATE,N2,49,552887.57
ADDS_LEAN_GATE,N2,50,549798.11
ADDS_LEAN_GATE,N2,51,552887.57
ADDS_LEAN_GATE,N2,52,534944.05
ADDS_LEAN_GATE,N2,53,507678.57
ADDS_LEAN_GATE,N2,54,534944.05
ADDS_LEAN_GATE,N2,55,552887.57
ADDS_LEAN_GATE,N2,56,549798.11
ADDS_LEAN_GATE,N2,57,552887.57
ADDS_LEAN_GATE,N2,58,552887.57
ADDS_LEAN_GATE,N2,59,551211.26
ADDS_LEAN_GATE,N2,60,552887.57
ADDS_LEAN_GATE,N2,61,552887.57
ADDS_LEAN_GATE,N2,62,552887.57
ADDS_LEAN_GATE,N2,63,520326.47
ADDS_LEAN_GATE,N2,64,552887.57
ADDS_LEAN_GATE,N2,65,552887.57
ADDS_LEAN_GATE,N2,66,551211.26
ADDS_LEAN_GATE,N2,67,552887.57
ADDS_LEAN_GATE,N2,68,552887.57
ADDS_LEAN_GATE,N2,69,552887.57
ADDS_LEAN_GATE,N2,70,551211.26
ADDS_LEAN_GATE,N2,71,552887.57
ADDS_LEAN_GATE,N2,72,549798.11
ADDS_LEAN_GATE,N2,73,507678.57
ADDS_LEAN_GATE,N2,74,549798.11
ADDS_LEAN_GATE,N2,75,552887.57
ADDS_LEAN_GATE,N2,76,552887.57
ADDS_LEAN_GATE,N2,77,552887.57
ADDS_LEAN_GATE,N2,78,552887.57
ADDS_LEAN_GATE,N2,79,552887.57
ADDS_LEAN_GATE,N2,80,520825.13
ADDS_LEAN_GATE,N2,81,552887.57
ADDS_LEAN_GATE,N2,82,552887.57
ADDS_LEAN_GATE,N2,83,552887.57
ADDS_LEAN_GATE,N2,84,543346.13
ADDS_LEAN_GATE,N2,85,551211.26
ADDS_LEAN_GATE,N2,86,520825.13
ADDS_LEAN_GATE,N2,87,552887.57
ADDS_LEAN_GATE,N2,88,552887.57
ADDS_LEAN_GATE,N2,89,549798.11
ADDS_LEAN_GATE,N2,90,552887.57
ADDS_LEAN_GATE,N2,91,552887.57
ADDS_LEAN_GATE,N2,92,520825.13
ADDS_LEAN_GATE,N2,93,507678.57
ADDS_LEAN_GATE,N2,94,552887.57
ADDS_LEAN_GATE,N2,95,552887.57
ADDS_LEAN_GATE,N2,96,534944.05
ADDS_LEAN_GATE,N2,97,552887.57
ADDS_LEAN_GATE,N2,98,520326.47
ADDS_LEAN_GATE,N2,99,552887.57
ADDS_LEAN_GATE,N2,100,534944.05
ADDS_LEAN_GATE,N2,101,552887.57
ADDS_LEAN_GATE,N2,102,552887.57
ADDS_LEAN_GATE,N2,103,520825.13
ADDS_LEAN_GATE,N2,104,520326.47
ADDS_LEAN_GATE,N2,105,552887.57
ADDS_LEAN_GATE,N2,106,552887.57
ADDS_LEAN_GATE,N2,107,543346.13
ADDS_LEAN_GATE,N2,108,552887.57
ADDS_LEAN_GATE,N2,109,534944.05
ADDS_LEAN_GATE,N2,110,520326.47
ADDS_LEAN_GATE,N2,111,552887.57
ADDS_LEAN_GATE,N2,112,549798.11
ADDS_LEAN_GATE,N2,113,552887.57
ADDS_LEAN_GATE,N2,114,552887.57
ADDS_LEAN_GATE,N2,115,552887.57
ADDS_LEAN_GATE,N2,116,552887.57
ADDS_LEAN_GATE,N2,117,518839.73
ADDS_LEAN_GATE,N2,118,552887.57
ADDS_LEAN_GATE,N2,119,552887.57
ADDS_LEAN_GATE,N2,120,507678.57
ADDS_LEAN_GATE,N2,121,520326.47
ADDS_LEAN_GATE,N2,122,552887.57
ADDS_LEAN_GATE,N2,123,534944.05
ADDS_LEAN_GATE,N2,124,551211.26
ADDS_LEAN_GATE,N2,125,507678.57
ADDS_LEAN_GATE,N2,126,552887.57
ADDS_LEAN_GATE,N2,127,552887.57
ADDS_LEAN_GATE,N2,128,552887.57
ADDS_LEAN_GATE,N2,129,552887.57
ADDS_LEAN_GATE,N2,130,520326.47
ADDS_LEAN_GATE,N2,131,549798.11
ADDS_LEAN_GATE,N2,132,534944.05
ADDS_LEAN_GATE,N2,133,534944.05
ADDS_LEAN_GATE,N2,134,552887.57
ADDS_LEAN_GATE,N2,135,552887.57
ADDS_LEAN_GATE,N2,136,552887.57
ADDS_LEAN_GATE,N2,137,520825.13
ADDS_LEAN_GATE,N2,138,552887.57
ADDS_LEAN_GATE,N2,139,552887.57
ADDS_LEAN_GATE,N2,140,552887.57
ADDS_LEAN_GATE,N2,141,552887.57
ADDS_LEAN_GATE,N2,142,551211.26
ADDS_LEAN_GATE,N2,143,502318.72
ADDS_LEAN_GATE,N2,144,507678.57
ADDS_LEAN_GATE,N2,145,534944.05
ADDS_LEAN_GATE,N2,146,534944.05
ADDS_LEAN_GATE,N2,147,552887.57
ADDS_LEAN_GATE,N2,148,552887.57
ADDS_LEAN_GATE,N2,149,552887.57
ADDS_LEAN_GATE,N2,150,552887.57
ADDS_LEAN_GATE,N2,151,552887.57
ADDS_LEAN_GATE,N2,152,549798.11
ADDS_LEAN_GATE,N2,153,552887.57
ADDS_LEAN_GATE,N2,154,543346.13
ADDS_LEAN_GATE,N2,155,551211.26
ADDS_LEAN_GATE,N2,156,552887.57
ADDS_LEAN_GATE,N2,157,551211.26
ADDS_LEAN_GATE,N2,158,552887.57
ADDS_LEAN_GATE,N2,159,552887.57
ADDS_LEAN_GATE,N2,160,551211.26
ADDS_LEAN_GATE,N2,161,552887.57
ADDS_LEAN_GATE,N2,162,507678.57
ADDS_LEAN_GATE,N2,163,518839.73
ADDS_LEAN_GATE,N2,164,533322.14
ADDS_LEAN_GATE,N2,165,543346.13
ADDS_LEAN_GATE,N2,166,549798.11
ADDS_LEAN_GATE,N2,167,520825.13
ADDS_LEAN_GATE,N2,168,549798.11
ADDS_LEAN_GATE,N2,169,552887.57
ADDS_LEAN_GATE,N2,170,552887.57
ADDS_LEAN_GATE,N2,171,552887.57
ADDS_LEAN_GATE,N2,172,534944.05
ADDS_LEAN_GATE,N2,173,552887.57
ADDS_LEAN_GATE,N2,174,552887.57
ADDS_LEAN_GATE,N2,175,552887.57
ADDS_LEAN_GATE,N2,176,552887.57
ADDS_LEAN_GATE,N2,177,520825.13
ADDS_LEAN_GATE,N2,178,552887.57
ADDS_LEAN_GATE,N2,179,534944.05
ADDS_LEAN_GATE,N2,180,552887.57
ADDS_LEAN_GATE,N2,181,543346.13
ADDS_LEAN_GATE,N2,182,552887.57
ADDS_LEAN_GATE,N2,183,520825.13
ADDS_LEAN_GATE,N2,184,534944.05
ADDS_LEAN_GATE,N2,185,507678.57
ADDS_LEAN_GATE,N2,186,534944.05
ADDS_LEAN_GATE,N2,187,552887.57
ADDS_LEAN_GATE,N2,188,552887.57
ADDS_LEAN_GATE,N2,189,502318.72
ADDS_LEAN_GATE,N2,190,552887.57
ADDS_LEAN_GATE,N2,191,507678.57
ADDS_LEAN_GATE,N2,192,543346.13
ADDS_LEAN_GATE,N2,193,552887.57
ADDS_LEAN_GATE,N2,194,507678.57
ADDS_LEAN_GATE,N2,195,533322.14
ADDS_LEAN_GATE,N2,196,507678.57
ADDS_LEAN_GATE,N2,197,552887.57
ADDS_LEAN_GATE,N2,198,552887.57
ADDS_LEAN_GATE,N2,199,551211.26
