ticker,add_date,add_px,add_dollars,mult,lean,orig_entry,exit_date,exit_px,pos_ret,pos_pnl
HAL,2016-02-03,30.75,10305.43,1.3125,-0.10602,2016-02-01,2016-02-08,30.74,-0.0098,-178.98
CVX,2016-02-10,82.77,10826.32,1.3125,-0.10602,2016-02-09,2016-02-19,86.33,0.0289,601.64
KLAC,2016-02-19,6.559,12934.47,1.3125,-0.10602,2016-02-01,2016-03-03,6.836,0.0357,840.97
LRCX,2016-02-19,6.952,7750.03,1.3125,-0.10602,2016-02-01,2016-03-09,7.355,0.0429,778.91
TAP,2016-02-24,85.14,12876.57,1.3125,-0.10602,2016-02-01,2016-03-09,88.6,0.0127,313.23
KR,2016-03-15,38.01,5796.17,0.5625,-0.19588,2016-03-14,2016-06-03,36.2,-0.0552,-875.3
PFE,2016-03-16,29.52,5821.72,0.5625,-0.19588,2016-03-14,2016-04-27,32.98,0.0984,1606.94
GME,2016-04-05,7.7,5920.83,0.5625,-0.19356,2016-03-30,2016-04-25,8.17,0.0434,730.76
DAL,2016-04-14,48.95,3765.6,0.5625,-0.19356,2016-03-17,2016-07-22,39.07,-0.1982,-2800.74
WMT,2016-04-29,22.91,5988.26,0.5625,-0.19356,2016-03-22,2016-05-24,23.2167,0.0193,334.67
PG,2016-05-04,80.87,5870.65,0.5625,-0.15185,2016-03-03,2016-10-04,88.29,0.0766,1255.9
FAST,2016-05-25,11.44,5995.09,0.5625,-0.15185,2016-04-28,2016-10-10,10.6175,-0.0896,-1482.85
AABA,2016-06-13,36.7,6655.25,0.625,-0.13338,2016-06-10,2016-08-24,42.5,0.1517,2656.1
C,2016-06-22,42.87,6708.64,0.625,-0.13338,2016-05-24,2016-11-29,55.5,0.2485,4304.15
EBAY,2016-07-05,23.71,6604.39,0.625,-0.15492,2016-04-28,2016-08-10,31.11,0.2662,4633.2
NEE,2016-08-04,31.96,7056.9,0.625,-0.16466,2016-07-22,2016-09-27,31.7725,-0.0077,-121.57
WMT,2016-09-06,24.2533,8019.18,0.6875,-0.09577,2016-08-10,2016-11-15,23.5967,-0.0343,-647.16
SBUX,2016-09-26,54.28,7873.65,0.6875,-0.09577,2016-08-24,2016-11-10,54.64,-0.0229,-426.58
CMG,2016-10-26,7.7448,8659.02,0.75,-0.07552,2016-09-27,2016-11-16,7.98,-0.0157,-294.34
BMY,2016-11-01,50.93,5447.95,0.9375,-0.06095,2016-10-10,2016-11-23,56.05,0.1015,1751.72
FB,2016-11-22,122.4,9703.37,0.9375,-0.06095,2016-10-04,2017-02-01,132.25,0.0486,1056.8
NRG,2016-12-05,11.32,11156.49,0.9375,-0.05259,2016-11-29,2016-12-15,12.42,0.0862,2021.85
KO,2016-12-09,41.5,11555.5,0.9375,-0.05259,2016-11-29,2016-12-14,41.89,0.0081,215.57
KMI,2016-12-14,21.2,11697.95,0.9375,-0.05259,2016-11-15,2017-08-02,20.2,-0.0549,-1278.94
KLAC,2016-12-19,7.942,5890.32,0.9375,-0.05259,2016-12-16,2017-02-10,8.696,0.092,1697.06
AMZN,2016-12-27,38.17,11499.33,0.9375,-0.05259,2016-12-14,2017-01-18,40.475,0.0488,1194.83
QCOM,2017-01-10,65.95,11850.24,0.9375,-0.04694,2016-11-23,2017-05-26,57.66,-0.142,-3384.82
EXC,2017-02-02,35.44,11822.7,0.9375,-0.036,2017-02-01,2017-02-28,36.47,0.0248,629.77
GILD,2017-02-16,70.0,7887.41,0.9375,-0.036,2017-02-07,2017-07-07,69.69,-0.0271,-535.97
F,2017-03-15,12.56,12710.95,1.0,-0.03413,2017-02-28,2017-06-05,11.36,-0.0989,-2488.67
WMB,2017-05-12,30.3,13412.37,1.3125,-0.01917,2017-02-07,2017-07-06,30.5,0.0287,775.99
TSCO,2017-06-02,11.158,15533.71,1.3125,-0.02489,2017-03-09,2017-08-04,11.14,-0.1065,-2982.39
FAST,2017-06-15,10.7575,15465.75,1.3125,-0.02489,2017-06-05,2017-09-20,11.1075,0.019,545.68
BAC,2017-07-31,24.12,11777.63,1.3125,-0.02715,2017-07-26,2017-09-26,24.83,0.0167,426.82
SBUX,2017-08-07,55.6,10169.61,1.4375,0.01517,2017-07-28,2017-11-14,56.47,0.0184,440.88
NRG,2017-09-21,23.94,15874.38,1.25,-0.02813,2017-09-20,2017-11-10,27.75,0.1428,4108.93
TJX,2017-10-24,36.14,12362.61,1.1875,-0.03003,2017-09-26,2017-12-11,36.87,0.0072,205.21
PG,2017-11-10,87.99,15078.32,1.1875,-0.03144,2017-10-16,2017-11-20,88.43,-0.021,-564.43
CVS,2017-11-15,70.0,14882.53,1.1875,-0.03144,2017-11-14,2017-12-05,71.92,0.0188,544.07
VZ,2017-11-21,46.34,15159.42,1.1875,-0.03144,2017-10-20,2017-12-21,52.81,0.1055,2996.61
AMD,2017-12-18,10.6,16304.86,1.1875,-0.02971,2017-10-04,2018-01-10,11.63,-0.0025,-42.59
CSX,2017-12-26,18.3567,13333.63,1.1875,-0.02971,2017-10-18,2018-01-11,19.54,0.071,1900.12
M,2018-02-13,24.14,17041.94,1.1875,-0.02571,2018-01-11,2018-03-09,29.31,0.1839,5830.08
MU,2018-02-13,42.05,17040.93,1.1875,-0.02571,2018-01-18,2018-02-22,44.78,0.0398,1295.18
NWL,2018-02-13,27.04,11631.86,1.1875,-0.02571,2018-02-08,2018-12-06,23.28,-0.178,-4640.75
PFE,2018-02-22,35.87,17753.29,1.1875,-0.02571,2018-01-17,2018-03-01,36.12,-0.0057,-153.69
SCHW,2018-02-22,52.69,15247.0,1.1875,-0.02571,2018-02-02,2018-03-15,56.32,0.0479,1479.43
EXC,2018-02-23,37.36,15439.99,1.1875,-0.02571,2018-02-01,2018-03-20,38.29,0.0085,290.26
KIM,2018-03-19,14.46,20751.01,1.3125,-0.03454,2018-03-01,2018-05-01,14.52,-0.009,-288.21
VZ,2018-03-29,48.2,17190.11,1.3125,-0.03454,2018-03-09,2018-04-27,50.25,0.0314,1065.56
NVDA,2018-04-16,5.7943,16222.43,1.25,-0.04025,2018-03-21,2018-05-16,6.1,0.0156,525.11
F,2018-05-01,11.25,19707.43,1.25,-0.03799,2018-04-27,2018-06-12,12.07,0.0656,2352.63
GGP,2018-05-02,19.78,19682.19,1.25,-0.03799,2018-05-01,2018-08-27,22.06,0.1082,3873.21
NEE,2018-05-24,40.0325,20200.76,1.25,-0.03799,2018-04-27,2018-06-04,40.6275,0.0068,280.92
MRO,2018-06-15,21.01,21021.0,1.3125,-0.03784,2018-06-12,2018-08-31,21.51,0.0129,523.23
HST,2018-07-25,21.12,19840.57,1.3125,-0.03556,2018-07-20,2018-08-06,21.56,0.0137,539.02
BKNG,2018-08-22,75.9776,21929.44,1.3125,-0.03565,2018-08-07,2019-04-17,73.9452,-0.0669,-2562.5
F,2018-08-31,9.64,22346.55,1.3125,-0.03565,2018-08-28,2018-11-12,9.38,-0.0463,-1787.43
GILD,2018-09-17,73.5,22155.88,1.3125,-0.03644,2018-08-31,2018-10-05,76.77,0.0267,1085.55
BAC,2018-10-08,30.05,21639.3,1.3125,-0.03661,2018-10-05,2018-11-12,28.38,-0.0639,-2419.66
KMI,2018-12-03,17.22,20178.18,1.1875,-0.05787,2018-08-07,2019-02-07,18.02,0.0235,908.83
TXN,2018-12-17,94.28,10948.72,1.1875,-0.05787,2018-11-21,2019-01-15,96.99,0.006,188.9
BMY,2019-01-17,49.16,18867.78,1.1875,-0.07463,2019-01-16,2019-03-07,52.7,0.0661,2342.15
CVS,2019-01-25,65.57,6847.67,1.1875,-0.07463,2019-01-24,2019-05-06,55.97,-0.1466,-3340.59
WMT,2019-02-11,31.8833,18811.16,1.125,-0.07111,2019-02-08,2019-02-21,33.22,0.0374,1364.75
WY,2019-02-22,25.81,19019.11,1.125,-0.07111,2019-02-21,2019-04-09,26.96,0.0433,1600.34
DWDP,2019-04-02,36.52,19286.42,1.1875,-0.06917,2019-02-21,2019-05-31,30.52,-0.3028,-10977.14
CNC,2019-04-12,55.32,20003.64,1.1875,-0.06917,2019-04-09,2019-05-10,54.99,-0.0153,-525.16
BA,2019-04-18,377.52,19309.89,1.1875,-0.06917,2019-04-17,2019-06-20,373.0,-0.0208,-709.19
AMD,2019-05-09,26.7,16734.59,1.1875,-0.06948,2019-05-03,2019-06-13,32.39,0.178,5932.1
CVX,2019-06-06,118.21,15095.75,1.1875,-0.06831,2019-05-10,2019-06-20,124.31,0.0373,1193.1
VZ,2019-07-18,57.22,21502.27,1.1875,-0.0689,2019-06-20,2019-09-17,59.32,0.0302,1216.22
MRO,2019-07-23,13.65,21675.46,1.1875,-0.0689,2019-06-21,2019-09-18,12.9,-0.0727,-2798.92
JNJ,2019-07-31,131.64,20805.92,1.1875,-0.0689,2019-07-09,2019-11-19,135.0,-0.0087,-301.03
WBA,2019-08-14,52.44,20718.81,1.25,-0.06871,2019-05-06,2019-09-18,54.64,0.0301,1144.37
AMD,2019-09-19,30.57,18167.61,1.25,-0.07047,2019-09-17,2019-10-30,32.93,0.0673,2523.12
FTNT,2019-09-27,15.826,17802.97,1.25,-0.07047,2019-09-17,2019-11-01,17.732,0.1138,4196.46
KMI,2019-11-07,20.34,24035.14,1.25,-0.06695,2019-11-04,2020-01-03,21.07,0.0304,1359.11
F,2019-11-08,8.9,18565.61,1.25,-0.06695,2019-11-04,2019-12-18,9.39,0.0522,2013.82
NEM,2019-11-19,38.03,24255.77,1.25,-0.06695,2019-09-18,2019-12-09,40.12,0.0367,1605.47
PM,2019-12-03,82.9965,14434.29,1.25,-0.06843,2019-09-26,2020-04-08,75.17,-0.0406,-1297.03
WMT,2019-12-10,39.7833,22898.27,1.25,-0.06843,2019-11-07,2020-02-20,39.07,-0.0213,-857.15
VZ,2020-02-12,58.58,25563.27,1.25,-0.06676,2020-01-29,2020-04-22,57.41,-0.0371,-1658.3
AAPL,2020-03-05,73.88,22033.84,1.1875,-0.07445,2020-02-20,2020-04-22,68.4025,-0.1123,-4711.24
HBAN,2020-04-24,8.1,20215.7,1.25,-0.08393,2020-04-23,2020-05-04,8.34,0.0419,1554.75
OXY,2020-05-22,14.16,22068.31,1.1875,-0.08349,2020-02-20,2020-06-11,17.84,-0.1441,-6063.11
GILD,2020-06-02,74.37,23705.99,1.25,-0.08232,2020-06-01,2021-01-14,61.64,-0.1773,-7437.3
PFE,2020-06-09,36.5,21667.08,1.25,-0.08232,2020-05-29,2020-07-15,35.99,-0.036,-1410.48
CRM,2020-06-12,175.9,25602.93,1.25,-0.08232,2020-06-11,2020-06-24,187.51,0.0629,2970.66
AMD,2020-06-15,52.58,25244.54,1.25,-0.08232,2020-06-10,2020-08-18,82.8,0.5136,24466.84
MRO,2020-07-02,6.13,21652.79,1.3125,-0.08009,2020-06-19,2020-11-27,6.46,0.0088,415.8
MS,2020-08-07,49.21,18427.41,1.3125,-0.07655,2020-06-26,2020-11-11,55.94,0.1468,5722.94
TWTR,2020-09-22,40.37,28747.75,1.3125,-0.07537,2020-09-21,2020-09-25,43.21,0.0803,4127.42
ABBV,2020-10-12,88.17,30647.19,1.375,-0.07068,2020-09-01,2020-12-02,104.0,0.1395,7541.88
ORLY,2020-12-04,29.8513,33083.28,1.3125,-0.07275,2020-11-11,2021-01-14,32.224,0.0665,3856.3
AMZN,2021-01-14,158.376,34623.36,1.3125,-0.06922,2020-11-27,2021-04-20,168.68,0.0579,3529.99
MSFT,2021-01-14,215.91,34621.09,1.3125,-0.06922,2020-12-02,2021-02-01,235.06,0.0898,5446.21
NOW,2021-01-14,105.44,34618.82,1.3125,-0.06922,2020-11-18,2021-02-10,117.152,0.1243,7405.76
CMCSA,2021-02-01,49.86,35585.87,1.3125,-0.0682,2021-01-29,2021-02-16,53.0,0.0578,3702.06
CMG,2021-03-03,29.3354,27189.04,1.3125,-0.06725,2021-03-02,2021-04-14,30.719,0.0366,2092.31
AVGO,2021-03-12,44.536,29940.55,1.3125,-0.06725,2021-03-02,2021-03-30,46.388,-0.006,-292.87
ABBV,2021-04-06,105.85,38594.61,1.3125,-0.06763,2021-03-30,2021-05-12,114.85,0.0796,5429.36
T,2021-04-21,29.96,39195.77,1.3125,-0.06763,2021-02-17,2021-04-27,30.84,0.0454,3134.83
NKE,2021-04-28,132.26,21911.35,1.3125,-0.06763,2021-04-13,2021-05-11,138.38,0.0303,1631.09
EBAY,2021-05-12,59.69,40758.3,1.3125,-0.0673,2021-05-11,2021-06-15,66.0,0.1018,7385.39
BMY,2021-05-17,64.84,41350.86,1.3125,-0.0673,2021-05-14,2021-05-26,66.72,0.0255,1925.47
LRCX,2021-05-20,60.76,17029.73,1.3125,-0.0673,2021-04-27,2021-11-11,61.359,-0.031,-1433.09
GILD,2021-06-08,67.44,43927.37,1.3125,-0.06649,2021-06-07,2021-08-20,71.67,0.0605,4787.3
MU,2021-06-17,79.7,43987.9,1.3125,-0.06649,2021-06-16,2021-08-06,81.2,0.0016,200.59
VIAC,2021-07-26,41.03,41248.74,1.3125,-0.06435,2021-05-19,2022-02-16,29.58,-0.2671,-19363.31
NFLX,2021-08-10,52.0,43281.81,1.375,-0.06199,2021-08-06,2021-09-14,58.489,0.1198,9433.44
CCL,2021-09-16,23.11,50471.78,1.4375,-0.05973,2021-09-14,2021-09-30,25.44,0.098,8486.9
VZ,2021-09-30,54.5,51611.62,1.4375,-0.05973,2021-07-08,2021-12-30,52.38,-0.0484,-4037.96
BMY,2021-10-26,57.9,51415.49,1.4375,-0.05978,2021-08-20,2022-01-04,61.5,-0.006,-429.94
MDT,2021-12-08,112.38,49156.28,1.4375,-0.05847,2021-11-11,2022-01-19,107.39,-0.0783,-6586.02
GPS,2022-01-27,17.86,49183.41,1.4375,-0.05839,2022-01-26,2022-02-02,18.46,0.0321,2770.75
NCLH,2022-02-01,20.92,36187.49,1.5,-0.06121,2022-01-10,2022-02-11,22.57,0.0417,3057.79
TWTR,2022-02-03,33.84,50714.37,1.5,-0.06121,2021-12-31,2022-04-01,39.16,0.0447,3908.21
NKE,2022-02-22,141.59,52211.43,1.5,-0.06121,2021-12-30,2022-04-01,134.45,-0.1113,-9579.22
HST,2022-03-14,18.21,50468.17,1.5,-0.0625,2022-03-11,2022-03-22,18.47,0.0075,720.22
PG,2022-03-22,153.43,54243.27,1.5,-0.0625,2022-02-18,2022-04-01,153.52,-0.0154,-1284.15
CVS,2022-04-12,104.4,51980.91,1.4375,-0.06161,2022-04-11,2022-07-21,92.52,-0.1214,-10636.54
BKR,2022-04-13,36.87,22902.71,1.4375,-0.06161,2022-04-11,2022-06-01,36.53,-0.0077,-398.98
COP,2022-05-03,96.68,36468.6,1.5,-0.06572,2022-04-11,2022-05-06,104.17,0.0489,3632.61
KMI,2022-05-10,18.77,51852.41,1.5,-0.06572,2022-05-09,2022-05-19,18.97,0.0047,496.04
BMY,2022-06-09,76.09,49655.04,1.375,-0.07002,2022-06-08,2022-07-01,76.98,0.0083,798.93
NFLX,2022-06-23,18.05,20854.74,1.375,-0.07002,2022-05-26,2022-07-25,22.131,0.1999,11471.64
F,2022-07-14,11.22,49747.44,1.5,-0.07207,2022-03-25,2022-07-27,12.75,-0.0223,-1829.78
FCX,2022-07-25,28.54,55718.52,1.5,-0.07207,2022-07-21,2022-08-02,29.63,0.0379,3588.19
AAL,2022-08-03,14.2,57888.16,1.5,-0.06778,2022-08-02,2022-10-21,13.36,-0.0561,-5310.99
UAL,2022-08-03,37.67,18435.24,1.5,-0.06778,2022-08-02,2022-11-03,40.57,0.0847,4879.12
GILD,2022-09-07,63.67,56742.56,1.5,-0.06768,2022-09-02,2022-09-14,64.41,0.0021,291.25
PYPL,2022-10-24,84.55,58878.78,1.5,-0.0742,2022-09-15,2023-06-22,67.52,-0.2374,-23097.86
MU,2022-11-04,55.26,54277.73,1.4375,-0.07521,2022-08-19,2022-11-17,57.3,-0.0108,-920.75
AMZN,2022-11-11,97.88,50358.82,1.25,-0.0831,2022-10-21,2023-01-19,94.74,-0.0946,-8298.8
MO,2022-11-28,44.74,24371.84,1.4375,-0.07521,2022-11-23,2022-12-06,47.18,0.0468,3021.87
WBD,2022-12-14,10.8,31746.8,1.4375,-0.07495,2022-12-13,2023-02-08,15.26,0.3549,25135.1
PCG,2023-01-27,15.87,43596.39,1.4375,-0.07504,2023-01-26,2023-03-08,16.32,0.0245,2158.5
APA,2023-02-13,43.25,54378.85,1.4375,-0.0749,2023-01-20,2023-04-05,37.89,-0.138,-12881.61
KLAC,2023-03-09,38.697,47488.88,1.4375,-0.07222,2023-02-08,2023-05-24,40.685,0.0196,1826.23
KEY,2023-04-17,12.01,42606.94,1.4375,-0.07591,2023-04-14,2023-06-09,10.98,-0.1052,-8416.86
AAL,2023-04-25,13.16,53488.7,1.4375,-0.07591,2023-03-08,2023-05-22,14.915,0.0375,3567.7
ANET,2023-05-24,35.575,53953.17,1.4375,-0.07704,2023-05-22,2023-06-07,39.9175,0.1116,10320.76
INTC,2023-05-24,29.31,53949.3,1.4375,-0.07704,2023-05-22,2023-06-22,32.69,0.1059,9798.23
KO,2023-07-07,60.31,59097.82,1.4375,-0.07591,2023-06-16,2023-07-26,61.86,0.0157,1696.93
T,2023-07-25,15.08,28228.24,1.4375,-0.07591,2023-06-28,2023-09-19,15.06,-0.0296,-1979.28
TSCO,2023-07-27,43.526,60966.17,1.4375,-0.07591,2023-06-13,2023-08-07,44.462,0.0153,1665.89
ORCL,2023-07-28,116.68,61557.39,1.4375,-0.07591,2023-07-17,2023-11-28,116.0,-0.0141,-1355.64
AMD,2023-08-10,111.3,56997.4,1.375,-0.0763,2023-08-07,2023-11-28,121.98,0.0747,7492.49
CMCSA,2023-09-21,45.67,52411.26,1.3125,-0.0755,2023-09-19,2023-12-21,44.22,-0.0318,-2861.2
C,2023-11-01,39.54,48419.14,1.375,-0.0748,2023-07-19,2023-11-07,41.7,-0.0254,-2226.05
WBA,2023-12-06,20.58,40095.85,1.375,-0.07215,2023-12-05,2024-01-04,24.19,0.1698,14317.03
PFE,2023-12-21,27.86,66859.64,1.4375,-0.0709,2023-12-01,2024-01-05,29.02,0.0249,2857.03
T,2023-12-27,16.49,16607.27,1.375,-0.07215,2023-12-20,2024-01-09,16.97,0.0244,1612.55
HPQ,2024-01-10,30.16,64201.63,1.375,-0.07202,2024-01-09,2024-03-18,30.39,-0.0008,16.71
PYPL,2024-01-11,60.65,31250.01,1.375,-0.07202,2024-01-09,2024-01-23,64.525,0.0667,5292.19
AAL,2024-01-23,14.135,64031.66,1.375,-0.07202,2024-01-09,2024-01-31,14.49,0.0129,1542.82
DAL,2024-01-25,39.05,19265.56,1.375,-0.07202,2024-01-09,2024-03-25,45.48,0.1167,7783.85
EXC,2024-01-31,35.225,64911.25,1.375,-0.07202,2024-01-09,2024-02-27,35.88,0.003,449.2
MRO,2024-02-13,22.57,63253.59,1.375,-0.07174,2023-12-22,2024-02-29,24.23,0.0298,3402.56
BA,2024-03-01,204.0,64987.08,1.375,-0.07006,2024-02-29,2024-12-06,157.03,-0.2348,-26176.67
PARA,2024-03-15,11.26,64479.03,1.375,-0.07006,2024-02-01,2024-03-22,11.84,-0.0575,-6292.16
WMT,2024-04-12,60.0,50971.1,1.4375,-0.06964,2024-04-11,2024-06-13,66.3,0.0974,9644.49
SBUX,2024-05-13,76.22,29082.77,0.625,-0.14782,2024-04-02,2024-06-10,81.49,-0.042,-3233.85
INTC,2024-06-03,31.03,68750.54,1.4375,-0.06994,2024-03-28,2024-07-12,33.77,-0.0456,-5293.19
MDT,2024-06-11,83.04,70396.85,1.4375,-0.06994,2024-06-10,2024-07-19,81.58,-0.0218,-2489.86
NEE,2024-07-24,72.73,69652.7,1.375,-0.06818,2024-07-23,2024-08-06,76.85,0.0574,7029.37
MCHP,2024-08-01,87.5,38601.99,1.5,-0.06589,2024-07-23,2025-02-28,57.16,-0.3646,-32446.18
XOM,2024-08-29,117.2,78969.06,1.5,-0.06589,2024-08-27,2024-10-16,120.89,0.0243,3343.56
TSLA,2024-09-09,216.2,77164.42,1.5,-0.06771,2024-08-19,2024-09-23,242.61,0.1192,15673.08
NKE,2024-10-15,81.05,81296.15,1.5,-0.06747,2024-09-23,2025-02-03,74.9,-0.0954,-12690.41
PFE,2024-11-26,26.16,78785.04,1.5,-0.06665,2024-10-16,2024-12-27,26.43,-0.0372,-4815.93
CCL,2024-12-27,25.41,76954.61,1.5,-0.06663,2024-12-23,2025-02-04,27.18,0.0507,6631.01
GILD,2025-01-17,92.01,75948.5,1.5,-0.06675,2024-12-06,2025-02-10,96.04,0.036,4728.47
XOM,2025-02-10,110.005,77310.95,1.5,-0.06384,2025-02-05,2025-06-25,108.11,-0.0173,-2108.82
FCX,2025-02-12,37.67,76789.02,1.5,-0.06384,2025-02-10,2025-02-18,39.48,0.0339,4482.7
F,2025-02-18,9.32,78532.07,1.5,-0.06384,2025-02-05,2025-05-08,10.34,0.0717,9518.07
KEY,2025-03-03,17.35,79620.48,1.5,-0.06379,2025-02-05,2025-05-08,15.405,-0.1266,-16592.94
MU,2025-03-14,98.75,36343.45,1.5,-0.06379,2025-03-13,2025-05-06,79.04,-0.1781,-15446.27
NEM,2025-05-21,52.67,29750.01,1.5,-0.06778,2025-05-12,2025-06-23,58.36,0.1296,10601.22
WMB,2025-07-15,58.8,86622.67,1.5,-0.06656,2025-06-23,2025-09-23,60.18,0.009,1417.44
CRM,2025-07-21,263.62,29475.67,1.5,-0.06656,2025-06-25,2025-10-24,257.42,-0.044,-3628.46
PYPL,2025-09-23,67.805,89199.47,1.5,-0.06733,2025-09-18,2025-10-13,70.72,0.0285,4372.02
NOW,2025-10-14,181.47,89641.42,1.5,-0.06582,2025-06-27,,153.19,-0.1904,-27587.9
VZ,2025-10-21,40.63,91641.76,1.5,-0.06582,2025-10-01,2025-11-18,41.03,-0.0206,-2954.94
VICI,2025-12-17,27.9,84417.85,1.4375,-0.06657,2025-12-16,,28.12,-0.0034,-345.48
T,2025-12-24,24.37,38387.18,1.4375,-0.06657,2025-11-13,,24.84,-0.0125,-1121.27
