seed,final_equity,oos_wealth_x,n_bridges_admitted,n_skip_cap,n_degenerate,n_collision,n_forced_delev,worst_margin_to_equity,trip_maintenance,trip_drift,flag_low_admission
0,723543.07,1.842,679,191,0,783,2,0.7659,False,False,True
1,401529.01,1.506,684,186,0,766,3,0.7631,False,False,True
2,560046.54,2.17,692,178,0,741,2,0.7641,False,False,True
3,770179.78,1.701,689,181,0,730,2,0.7651,False,False,True
4,563704.48,1.211,665,205,0,776,0,0.7668,False,False,True
5,578404.17,1.464,701,169,0,753,1,0.7645,False,False,True
6,757873.72,1.939,678,192,0,698,1,0.766,False,False,True
7,608381.12,1.67,686,184,0,771,5,0.7664,False,False,True
8,513810.84,1.525,690,180,0,679,1,0.7662,False,False,True
9,547864.46,1.339,701,169,0,757,7,0.7615,False,False,True
10,466094.73,1.621,665,205,0,719,4,0.7645,False,False,True
11,321681.23,0.96,700,170,0,771,7,0.7639,False,False,True
12,539794.24,1.205,678,192,0,687,3,0.7641,False,False,True
13,749193.19,1.513,699,171,0,805,6,0.761,False,False,True
14,428891.92,1.438,696,174,0,752,3,0.767,False,False,True
15,360262.0,1.248,698,172,0,677,5,0.7638,False,False,True
16,596480.09,1.611,690,180,0,802,3,0.7644,False,False,True
17,381383.53,1.223,666,204,0,787,2,0.7665,False,False,True
18,616840.21,1.431,697,173,0,702,6,0.7633,False,False,True
19,392185.05,0.995,678,192,0,793,3,0.7669,False,False,True
20,807960.34,1.857,677,193,0,774,2,0.763,False,False,True
21,487042.98,1.686,666,204,0,761,5,0.7608,False,False,True
22,422078.69,1.227,692,178,0,720,2,0.7672,False,False,True
23,608329.68,1.659,675,195,0,744,2,0.7652,False,False,True
24,1042291.98,2.086,679,191,0,707,6,0.7633,False,False,True
25,509838.69,1.659,702,168,0,758,5,0.7643,False,False,True
26,464245.45,1.273,664,206,0,704,7,0.7613,False,False,True
27,612129.88,1.864,690,180,0,761,1,0.7646,False,False,True
28,519698.01,1.41,676,194,0,801,2,0.7648,False,False,True
29,679378.76,1.853,683,187,0,735,3,0.7668,False,False,True
30,825642.1,1.96,683,187,0,722,2,0.7634,False,False,True
31,516563.58,1.227,695,175,0,768,6,0.763,False,False,True
32,507021.55,1.496,695,175,0,743,2,0.7651,False,False,True
33,336127.52,1.269,695,175,0,729,3,0.7671,False,False,True
34,514452.92,1.523,676,194,0,727,4,0.7646,False,False,True
35,919558.04,1.865,687,183,0,793,4,0.763,False,False,True
36,752784.93,1.381,678,192,0,688,4,0.7667,False,False,True
37,599865.33,2.038,687,183,0,774,2,0.7678,False,False,True
38,445489.16,1.483,677,193,0,764,2,0.767,False,False,True
39,817864.6,2.046,690,180,0,765,0,0.7635,False,False,True
40,308040.57,1.108,675,195,0,763,3,0.7641,False,False,True
41,363285.44,1.022,682,188,0,720,5,0.7659,False,False,True
42,495862.17,1.614,667,203,0,748,2,0.7669,False,False,True
43,895961.94,1.314,697,173,0,743,5,0.7629,False,False,True
44,360667.76,1.378,688,182,0,769,3,0.7637,False,False,True
45,444860.97,1.808,668,202,0,775,4,0.7616,False,False,True
46,312457.18,1.186,675,195,0,735,5,0.7577,False,False,True
47,409616.18,1.677,678,192,0,708,5,0.7656,False,False,True
48,423457.94,1.554,687,183,0,704,3,0.765,False,False,True
49,659093.75,2.021,679,191,0,757,3,0.7636,False,False,True
50,531759.41,1.928,679,191,0,749,3,0.7559,False,False,True
51,662239.27,1.544,687,183,0,764,5,0.7611,False,False,True
52,981412.27,2.448,663,207,0,747,4,0.7641,False,False,True
53,618802.73,1.256,669,201,0,727,5,0.7623,False,False,True
54,527484.31,1.56,685,185,0,772,3,0.7667,False,False,True
55,459080.74,1.682,687,183,0,775,4,0.7613,False,False,True
56,953749.0,2.371,716,154,0,782,2,0.7652,False,False,True
57,911294.78,2.296,711,159,0,672,5,0.7602,False,False,True
58,819878.33,1.732,662,208,0,808,3,0.762,False,False,True
59,515397.93,1.379,687,183,0,726,2,0.7633,False,False,True
60,906877.8,1.885,701,169,0,756,3,0.7659,False,False,True
61,660169.65,1.684,680,190,0,698,3,0.7621,False,False,True
62,455895.54,1.762,675,195,0,718,1,0.7623,False,False,True
63,809880.66,1.889,667,203,0,740,3,0.7669,False,False,True
64,354800.43,1.117,716,154,0,746,2,0.7671,False,False,True
65,698824.1,2.01,667,203,0,722,3,0.7647,False,False,True
66,653096.44,1.77,703,167,0,732,2,0.7651,False,False,True
67,532054.29,1.642,677,193,0,738,2,0.7676,False,False,True
68,611431.38,1.521,676,194,0,726,2,0.7637,False,False,True
69,396592.31,1.297,677,193,0,737,6,0.7616,False,False,True
70,577167.75,1.538,688,182,0,758,4,0.7621,False,False,True
71,550252.27,1.777,705,165,0,814,6,0.7658,False,False,True
72,521805.97,1.532,680,190,0,726,2,0.7657,False,False,True
73,596930.86,1.776,688,182,0,725,3,0.7662,False,False,True
74,720579.75,1.894,674,196,0,681,4,0.7623,False,False,True
75,620376.3,1.591,674,196,0,781,4,0.7649,False,False,True
76,372296.97,1.588,673,197,0,805,1,0.7648,False,False,True
77,741892.97,1.945,673,197,0,838,2,0.7624,False,False,True
78,573123.36,2.056,683,187,0,740,2,0.7656,False,False,True
79,494001.03,1.507,677,193,0,714,5,0.7643,False,False,True
80,461346.91,1.768,672,198,0,740,6,0.7662,False,False,True
81,502727.2,1.306,684,186,0,713,4,0.768,False,False,True
82,558497.15,1.244,671,199,0,727,6,0.7668,False,False,True
83,629564.1,1.896,665,205,0,731,0,0.7634,False,False,True
84,393073.48,1.507,655,215,0,732,1,0.7632,False,False,True
85,511518.66,2.161,681,189,0,732,3,0.7651,False,False,True
86,678952.55,1.76,676,194,0,739,0,0.7665,False,False,True
87,699275.24,1.558,683,187,0,748,2,0.7638,False,False,True
88,419200.87,1.271,674,196,0,715,1,0.7676,False,False,True
89,715274.62,2.059,697,173,0,761,2,0.7657,False,False,True
90,510374.52,1.688,675,195,0,751,4,0.7661,False,False,True
91,628850.59,1.664,686,184,0,718,5,0.7648,False,False,True
92,680220.22,1.91,702,168,0,737,5,0.7609,False,False,True
93,725309.57,1.596,685,185,0,675,5,0.7661,False,False,True
94,650435.2,1.554,683,187,0,731,3,0.7661,False,False,True
95,404807.67,1.451,667,203,0,717,4,0.763,False,False,True
96,457585.38,1.479,678,192,0,700,4,0.764,False,False,True
97,480519.34,1.533,670,200,0,712,3,0.7647,False,False,True
98,476956.24,1.756,680,190,0,724,2,0.7624,False,False,True
99,426245.83,1.328,691,179,0,765,3,0.7647,False,False,True
100,559727.8,1.631,683,187,0,776,2,0.7641,False,False,True
101,488059.21,1.246,686,184,0,747,4,0.7667,False,False,True
102,698234.86,1.745,688,182,0,750,5,0.7639,False,False,True
103,383317.23,1.235,667,203,0,711,3,0.7656,False,False,True
104,931085.52,1.79,739,131,0,742,3,0.7632,False,False,True
105,597873.98,1.243,691,179,0,762,6,0.766,False,False,True
106,717046.3,1.794,692,178,0,726,1,0.764,False,False,True
107,655417.26,1.744,704,166,0,708,3,0.7665,False,False,True
108,784740.48,1.483,704,166,0,742,3,0.7647,False,False,True
109,437915.99,1.593,688,182,0,788,4,0.7626,False,False,True
110,438122.61,1.236,687,183,0,757,5,0.7643,False,False,True
111,592818.22,1.8,675,195,0,766,4,0.7665,False,False,True
112,802563.15,1.542,699,171,0,722,3,0.7623,False,False,True
113,535766.82,1.795,689,181,0,754,1,0.7639,False,False,True
114,420855.33,1.701,694,176,0,710,3,0.7622,False,False,True
115,534528.31,1.466,686,184,0,763,3,0.7672,False,False,True
116,576520.91,1.108,682,188,0,705,4,0.763,False,False,True
117,1019621.23,2.054,708,162,0,723,3,0.7641,False,False,True
118,638967.01,1.585,687,183,0,715,4,0.7665,False,False,True
119,465656.49,1.808,704,166,0,721,5,0.7666,False,False,True
120,616972.44,1.208,685,185,0,774,2,0.7659,False,False,True
121,529926.36,1.492,678,192,0,756,5,0.7632,False,False,True
122,490363.99,1.779,701,169,0,698,3,0.7642,False,False,True
123,427720.15,1.41,673,197,0,726,3,0.7659,False,False,True
124,1032698.23,1.922,707,163,0,768,2,0.7675,False,False,True
125,550381.02,1.458,699,171,0,779,3,0.7649,False,False,True
126,571789.75,1.769,673,197,0,783,5,0.7631,False,False,True
127,892463.09,1.962,685,185,0,723,2,0.7636,False,False,True
128,452298.9,1.339,678,192,0,787,2,0.7674,False,False,True
129,345878.47,1.027,657,213,0,715,0,0.7653,False,False,True
130,355540.79,1.362,682,188,0,709,2,0.7655,False,False,True
131,727158.82,1.997,695,175,0,703,3,0.7657,False,False,True
132,549484.11,1.476,687,183,0,695,1,0.7664,False,False,True
133,414114.78,1.085,682,188,0,775,4,0.762,False,False,True
134,564624.6,1.225,677,193,0,735,0,0.7655,False,False,True
135,375400.53,1.473,651,219,0,703,2,0.7654,False,False,True
136,607178.57,1.988,704,166,0,720,5,0.7591,False,False,True
137,326172.77,1.29,677,193,0,727,0,0.7672,False,False,True
138,515547.37,1.757,693,177,0,748,5,0.757,False,False,True
139,441356.96,1.503,676,194,0,741,2,0.765,False,False,True
140,569559.21,1.806,687,183,0,760,3,0.765,False,False,True
141,528577.57,1.551,665,205,0,740,4,0.7644,False,False,True
142,420310.26,1.181,692,178,0,767,6,0.7658,False,False,True
143,399438.96,1.604,676,194,0,787,2,0.7642,False,False,True
144,416225.6,1.248,717,153,0,742,2,0.7665,False,False,True
145,731710.15,1.666,699,171,0,718,6,0.7656,False,False,True
146,687391.36,1.546,691,179,0,774,2,0.7675,False,False,True
147,444340.18,1.573,685,185,0,666,2,0.7657,False,False,True
148,673488.56,1.655,684,186,0,718,1,0.7663,False,False,True
149,472409.33,1.526,676,194,0,687,5,0.7653,False,False,True
150,873359.03,1.725,692,178,0,792,6,0.7656,False,False,True
151,616453.84,1.822,701,169,0,775,4,0.747,False,False,True
152,690151.16,1.336,715,155,0,759,0,0.7639,False,False,True
153,488004.99,1.323,664,206,0,779,9,0.7585,False,False,True
154,438349.0,1.304,681,189,0,732,3,0.7629,False,False,True
155,345318.17,1.502,662,208,0,733,3,0.7647,False,False,True
156,507558.89,1.467,669,201,0,743,3,0.7646,False,False,True
157,329583.64,1.12,692,178,0,739,3,0.767,False,False,True
158,228478.94,1.172,679,191,0,785,8,0.7653,False,False,True
159,370547.74,1.313,690,180,0,752,3,0.7669,False,False,True
160,524908.66,1.429,668,202,0,740,7,0.7652,False,False,True
161,709052.62,2.176,698,172,0,733,5,0.7594,False,False,True
162,494580.61,1.661,699,171,0,706,2,0.7611,False,False,True
163,705734.66,1.865,685,185,0,731,2,0.7668,False,False,True
164,431123.19,1.337,667,203,0,746,3,0.7645,False,False,True
165,493857.81,1.529,684,186,0,717,2,0.7664,False,False,True
166,1017253.47,2.121,681,189,0,707,1,0.761,False,False,True
167,518324.0,1.483,687,183,0,745,3,0.7641,False,False,True
168,345690.43,1.239,671,199,0,728,4,0.7647,False,False,True
169,617357.46,1.738,687,183,0,727,6,0.7646,False,False,True
170,630943.19,1.711,698,172,0,722,3,0.7652,False,False,True
171,619468.36,1.787,657,213,0,724,5,0.7665,False,False,True
172,610838.06,1.884,673,197,0,779,2,0.7642,False,False,True
173,550066.65,1.909,726,144,0,726,7,0.7617,False,False,True
174,824414.84,1.991,688,182,0,723,2,0.7601,False,False,True
175,1082391.62,2.036,702,168,0,701,4,0.7612,False,False,True
176,797421.34,1.656,692,178,0,766,4,0.7667,False,False,True
177,663639.92,1.564,693,177,0,760,4,0.7663,False,False,True
178,780550.5,1.775,683,187,0,747,1,0.7653,False,False,True
179,525717.88,1.501,661,209,0,707,3,0.766,False,False,True
180,602125.68,1.493,684,186,0,796,4,0.7651,False,False,True
181,633078.55,1.555,673,197,0,787,5,0.7644,False,False,True
182,383908.13,1.399,677,193,0,736,2,0.7638,False,False,True
183,550337.56,1.39,698,172,0,770,0,0.7587,False,False,True
184,493702.31,1.475,663,207,0,739,3,0.7674,False,False,True
185,473549.08,2.027,682,188,0,797,3,0.7604,False,False,True
186,502728.06,1.327,683,187,0,750,5,0.7623,False,False,True
187,421420.32,1.29,669,201,0,761,3,0.7662,False,False,True
188,609777.3,1.432,694,176,0,719,3,0.7645,False,False,True
189,535036.16,1.592,685,185,0,781,3,0.7642,False,False,True
190,651532.0,2.207,700,170,0,671,4,0.7634,False,False,True
191,496509.61,1.351,692,178,0,771,2,0.7629,False,False,True
192,454611.24,1.647,673,197,0,739,2,0.7667,False,False,True
193,535908.73,1.428,663,207,0,761,8,0.7622,False,False,True
194,609550.7,1.352,665,205,0,763,4,0.7655,False,False,True
195,911979.98,1.747,704,166,0,725,7,0.7618,False,False,True
196,724513.15,1.676,673,197,0,772,3,0.766,False,False,True
197,396365.2,1.303,688,182,0,708,4,0.7645,False,False,True
198,544824.27,1.385,660,210,0,643,6,0.7606,False,False,True
199,669478.95,1.906,660,210,0,783,6,0.7604,False,False,True
200,423178.2,1.373,690,180,0,706,3,0.7648,False,False,True
201,322043.08,1.106,667,203,0,709,2,0.7668,False,False,True
202,664453.22,1.679,687,183,0,722,5,0.7642,False,False,True
203,478192.52,1.657,694,176,0,794,1,0.7657,False,False,True
204,408445.41,1.34,686,184,0,809,2,0.7661,False,False,True
205,419394.52,1.23,657,213,0,763,4,0.7663,False,False,True
206,853998.63,1.891,708,162,0,700,1,0.7675,False,False,True
207,615951.05,1.37,693,177,0,722,6,0.7619,False,False,True
208,473375.42,1.354,685,185,0,764,0,0.7651,False,False,True
209,583209.69,1.624,673,197,0,763,2,0.7677,False,False,True
210,433343.58,1.683,650,220,0,763,4,0.7644,False,False,True
211,757862.16,1.79,690,180,0,752,1,0.7663,False,False,True
212,823420.21,1.919,695,175,0,759,1,0.7654,False,False,True
213,536923.75,1.264,687,183,0,767,0,0.7677,False,False,True
214,615035.83,1.546,696,174,0,732,4,0.7641,False,False,True
215,451033.46,1.165,651,219,0,729,2,0.7652,False,False,True
216,416354.7,1.245,681,189,0,740,6,0.7636,False,False,True
217,437268.96,1.527,669,201,0,777,1,0.7666,False,False,True
218,471536.03,1.258,687,183,0,801,3,0.7638,False,False,True
219,604309.66,1.743,673,197,0,736,4,0.7506,False,False,True
220,668753.45,1.425,660,210,0,791,2,0.7639,False,False,True
221,508539.56,1.316,664,206,0,794,3,0.7652,False,False,True
222,537667.45,2.311,677,193,0,746,2,0.7618,False,False,True
223,866688.35,1.757,670,200,0,791,8,0.7647,False,False,True
224,680929.32,1.621,672,198,0,751,2,0.7651,False,False,True
225,722711.01,2.134,683,187,0,723,9,0.7629,False,False,True
226,496847.98,1.634,705,165,0,726,1,0.7672,False,False,True
227,583190.91,1.692,672,198,0,727,2,0.7645,False,False,True
228,470185.2,1.605,658,212,0,686,3,0.7605,False,False,True
229,419607.46,1.3,667,203,0,756,2,0.7677,False,False,True
230,687821.37,1.552,676,194,0,729,7,0.7652,False,False,True
231,452235.67,1.296,671,199,0,802,8,0.7558,False,False,True
232,658891.93,1.612,693,177,0,745,2,0.7625,False,False,True
233,712977.6,2.123,676,194,0,803,1,0.7666,False,False,True
234,564248.87,1.859,688,182,0,753,7,0.7635,False,False,True
235,788496.51,1.955,686,184,0,723,1,0.7671,False,False,True
236,763493.98,2.364,685,185,0,734,3,0.767,False,False,True
237,605738.59,1.672,697,173,0,735,5,0.7665,False,False,True
238,412556.61,1.763,680,190,0,732,6,0.7662,False,False,True
239,386361.44,1.531,662,208,0,771,2,0.7654,False,False,True
240,378545.52,1.335,681,189,0,714,3,0.7656,False,False,True
241,645115.52,1.718,694,176,0,738,0,0.7665,False,False,True
242,454716.31,1.462,684,186,0,737,8,0.763,False,False,True
243,713492.04,1.64,677,193,0,748,1,0.7635,False,False,True
244,1232195.98,2.495,715,155,0,749,3,0.764,False,False,True
245,731722.02,1.963,705,165,0,778,2,0.7657,False,False,True
246,293934.4,1.263,668,202,0,746,10,0.7648,False,False,True
247,667843.65,1.761,668,202,0,785,3,0.7628,False,False,True
248,383038.89,1.111,683,187,0,743,5,0.764,False,False,True
249,511244.66,1.87,706,164,0,724,4,0.7655,False,False,True
250,520559.4,1.258,675,195,0,698,5,0.7651,False,False,True
251,841044.68,1.988,684,186,0,774,1,0.7661,False,False,True
252,518160.92,1.656,693,177,0,719,4,0.7625,False,False,True
253,372458.12,1.17,672,198,0,697,4,0.7636,False,False,True
254,458263.56,1.477,678,192,0,707,2,0.7636,False,False,True
255,566739.08,1.484,693,177,0,788,0,0.7681,False,False,True
256,403154.57,1.518,698,172,0,744,3,0.7661,False,False,True
257,514242.73,1.808,696,174,0,747,5,0.7659,False,False,True
258,589149.38,1.784,676,194,0,739,3,0.7664,False,False,True
259,838119.99,2.162,695,175,0,780,5,0.7623,False,False,True
260,398653.95,1.249,681,189,0,700,3,0.7649,False,False,True
261,700569.38,1.905,652,218,0,724,1,0.7638,False,False,True
262,338717.65,1.367,649,221,0,782,7,0.765,False,False,True
263,458218.94,1.649,676,194,0,744,6,0.7604,False,False,True
264,998972.37,1.496,691,179,0,742,2,0.7671,False,False,True
265,1205836.05,2.277,688,182,0,793,3,0.764,False,False,True
266,401493.98,1.333,687,183,0,743,2,0.7668,False,False,True
267,306851.15,1.618,661,209,0,722,6,0.7631,False,False,True
268,360231.36,1.218,664,206,0,780,5,0.7623,False,False,True
269,443959.77,1.848,689,181,0,672,0,0.765,False,False,True
270,948625.89,2.044,707,163,0,742,4,0.7667,False,False,True
271,677796.49,1.945,680,190,0,732,3,0.7656,False,False,True
272,752207.96,2.473,698,172,0,708,3,0.764,False,False,True
273,566348.13,1.43,686,184,0,765,9,0.7645,False,False,True
274,609916.89,1.433,685,185,0,763,2,0.7645,False,False,True
275,730076.41,1.754,664,206,0,757,3,0.7657,False,False,True
276,986396.54,2.004,686,184,0,708,5,0.7628,False,False,True
277,421021.12,1.782,662,208,0,765,4,0.7633,False,False,True
278,715667.9,1.684,674,196,0,762,0,0.7674,False,False,True
279,679164.58,1.885,680,190,0,713,4,0.764,False,False,True
280,523853.45,1.856,699,171,0,686,3,0.7613,False,False,True
281,680664.46,1.63,679,191,0,730,4,0.7628,False,False,True
282,371307.64,1.172,669,201,0,696,3,0.7673,False,False,True
283,568283.08,1.762,696,174,0,801,1,0.762,False,False,True
284,843287.65,1.406,686,184,0,726,2,0.7635,False,False,True
285,514912.23,1.672,680,190,0,714,4,0.7611,False,False,True
286,264339.13,1.151,667,203,0,770,3,0.7652,False,False,True
287,1207057.8,2.226,685,185,0,728,5,0.7646,False,False,True
288,503376.02,1.465,681,189,0,759,3,0.7609,False,False,True
289,513615.92,1.679,645,225,0,740,2,0.7636,False,False,True
290,693678.64,1.447,651,219,0,750,2,0.765,False,False,True
291,489582.09,1.443,671,199,0,714,2,0.7648,False,False,True
292,499104.63,1.549,698,172,0,727,4,0.7611,False,False,True
293,503628.29,1.579,683,187,0,727,3,0.7647,False,False,True
294,801853.6,2.59,700,170,0,704,7,0.7649,False,False,True
295,688889.03,1.305,716,154,0,711,3,0.7623,False,False,True
296,426460.94,1.605,682,188,0,695,4,0.7646,False,False,True
297,884806.32,1.751,705,165,0,788,1,0.7593,False,False,True
298,426861.24,1.477,697,173,0,736,4,0.7662,False,False,True
299,488138.17,1.898,673,197,0,781,0,0.7658,False,False,True
300,411494.53,1.0,674,196,0,700,5,0.7648,False,False,True
301,502743.54,1.408,693,177,0,755,3,0.7652,False,False,True
302,366610.49,1.293,690,180,0,754,3,0.7638,False,False,True
303,512449.96,1.661,698,172,0,750,4,0.7613,False,False,True
304,1006740.74,1.941,687,183,0,779,2,0.7675,False,False,True
305,557470.65,1.455,673,197,0,761,3,0.7632,False,False,True
306,881782.95,1.973,704,166,0,662,2,0.7664,False,False,True
307,549830.07,1.846,673,197,0,718,2,0.763,False,False,True
308,731287.79,1.647,675,195,0,794,0,0.7664,False,False,True
309,476866.84,1.508,704,166,0,755,6,0.7644,False,False,True
310,668934.97,2.071,700,170,0,761,5,0.7627,False,False,True
311,383082.1,1.364,677,193,0,683,0,0.7645,False,False,True
312,611601.52,1.26,666,204,0,727,3,0.766,False,False,True
313,601146.04,1.691,676,194,0,756,8,0.7652,False,False,True
314,529119.47,1.904,668,202,0,651,1,0.7651,False,False,True
315,952605.94,1.608,703,167,0,688,1,0.7664,False,False,True
316,338220.13,1.151,660,210,0,725,3,0.7635,False,False,True
317,552670.61,1.738,699,171,0,707,2,0.7683,False,False,True
318,540526.41,1.791,680,190,0,745,1,0.763,False,False,True
319,541645.25,1.62,669,201,0,732,4,0.7664,False,False,True
320,532499.74,1.475,680,190,0,687,6,0.7629,False,False,True
321,425506.17,1.395,690,180,0,753,5,0.7644,False,False,True
322,477033.23,1.154,665,205,0,743,3,0.766,False,False,True
323,705821.38,1.531,688,182,0,760,6,0.7628,False,False,True
324,749236.82,1.41,696,174,0,765,1,0.7656,False,False,True
325,423884.16,1.263,682,188,0,734,2,0.766,False,False,True
326,528842.3,1.556,663,207,0,737,2,0.7654,False,False,True
327,511689.7,1.313,684,186,0,752,3,0.7624,False,False,True
328,551542.02,1.994,684,186,0,726,4,0.7633,False,False,True
329,596527.37,1.285,711,159,0,716,4,0.7595,False,False,True
330,628793.34,1.747,670,200,0,747,2,0.7621,False,False,True
331,491773.67,1.637,674,196,0,719,2,0.7641,False,False,True
332,417002.38,1.438,648,222,0,721,4,0.7635,False,False,True
333,585769.61,1.573,687,183,0,703,4,0.7643,False,False,True
334,806697.54,1.6,668,202,0,762,4,0.7647,False,False,True
335,516118.72,1.384,667,203,0,744,3,0.7657,False,False,True
336,557654.72,1.704,671,199,0,714,6,0.761,False,False,True
337,589571.55,1.519,673,197,0,687,2,0.7651,False,False,True
338,639391.55,1.449,682,188,0,692,3,0.7652,False,False,True
339,617423.58,1.848,676,194,0,761,5,0.7654,False,False,True
340,407886.15,1.381,664,206,0,709,4,0.7646,False,False,True
341,575269.04,1.575,672,198,0,705,6,0.7618,False,False,True
342,497262.27,1.59,673,197,0,751,2,0.766,False,False,True
343,405496.68,1.433,700,170,0,781,2,0.7641,False,False,True
344,486070.64,1.558,671,199,0,740,3,0.7659,False,False,True
345,637355.84,1.607,682,188,0,765,2,0.7643,False,False,True
346,560758.74,1.372,660,210,0,752,3,0.7623,False,False,True
347,471140.8,1.716,687,183,0,737,2,0.7658,False,False,True
348,371487.02,1.265,683,187,0,800,3,0.7661,False,False,True
349,669854.41,1.653,665,205,0,716,4,0.7663,False,False,True
350,562792.97,1.435,652,218,0,697,4,0.7578,False,False,True
351,691433.49,2.398,680,190,0,735,1,0.7651,False,False,True
352,703661.58,1.726,669,201,0,749,5,0.766,False,False,True
353,385172.62,1.591,698,172,0,708,2,0.7666,False,False,True
354,459315.06,1.953,672,198,0,778,0,0.7638,False,False,True
355,419736.61,1.44,665,205,0,740,3,0.7601,False,False,True
356,724908.1,1.591,675,195,0,686,5,0.7643,False,False,True
357,620681.17,1.858,696,174,0,744,3,0.763,False,False,True
358,562894.12,1.421,677,193,0,739,2,0.763,False,False,True
359,671273.18,1.655,666,204,0,726,1,0.7663,False,False,True
360,598954.62,1.442,666,204,0,705,2,0.7679,False,False,True
361,295184.18,0.793,657,213,0,785,7,0.7644,False,False,True
362,695792.32,2.17,697,173,0,772,5,0.765,False,False,True
363,551887.94,1.674,669,201,0,676,2,0.7667,False,False,True
364,383163.44,1.578,681,189,0,696,4,0.7551,False,False,True
365,774868.06,1.786,699,171,0,688,4,0.7669,False,False,True
366,481084.7,1.537,714,156,0,698,0,0.7657,False,False,True
367,746506.81,1.672,685,185,0,813,1,0.7623,False,False,True
368,399067.13,1.475,655,215,0,773,7,0.7633,False,False,True
369,491713.72,1.472,663,207,0,754,2,0.7643,False,False,True
370,687656.48,1.846,672,198,0,707,3,0.7632,False,False,True
371,745405.6,1.442,681,189,0,758,1,0.7652,False,False,True
372,540196.16,1.355,683,187,0,705,2,0.7642,False,False,True
373,384692.54,1.407,668,202,0,714,1,0.7663,False,False,True
374,543834.27,1.775,689,181,0,743,2,0.7662,False,False,True
375,534268.12,1.536,662,208,0,773,5,0.7603,False,False,True
376,646910.28,2.009,684,186,0,684,2,0.7665,False,False,True
377,504856.37,1.766,679,191,0,734,3,0.7667,False,False,True
378,430942.18,1.345,677,193,0,710,3,0.7645,False,False,True
379,515346.03,1.643,694,176,0,757,2,0.7616,False,False,True
380,454475.9,1.751,660,210,0,719,4,0.7663,False,False,True
381,510084.0,1.408,683,187,0,758,3,0.7647,False,False,True
382,376135.47,1.353,656,214,0,721,4,0.7641,False,False,True
383,549734.78,1.51,694,176,0,741,7,0.7654,False,False,True
384,953225.08,1.609,685,185,0,692,1,0.7662,False,False,True
385,450437.59,1.607,663,207,0,766,3,0.7632,False,False,True
386,891220.34,2.049,690,180,0,744,5,0.7636,False,False,True
387,717066.97,1.702,695,175,0,777,2,0.7654,False,False,True
388,625541.29,1.615,676,194,0,765,1,0.7673,False,False,True
389,467612.17,1.581,658,212,0,717,7,0.7541,False,False,True
390,562064.85,1.626,672,198,0,744,4,0.7652,False,False,True
391,516274.36,1.102,655,215,0,719,1,0.7668,False,False,True
392,667379.52,1.545,705,165,0,749,2,0.7673,False,False,True
393,543709.77,1.596,678,192,0,769,4,0.7558,False,False,True
394,570458.27,1.62,705,165,0,802,5,0.7643,False,False,True
395,823665.29,2.091,664,206,0,714,0,0.7633,False,False,True
396,452933.7,1.647,686,184,0,725,3,0.7674,False,False,True
397,546442.39,1.408,697,173,0,719,3,0.7584,False,False,True
398,520584.23,1.535,720,150,0,754,4,0.7645,False,False,True
399,661946.32,1.56,667,203,0,699,4,0.7645,False,False,True
400,469961.12,1.702,651,219,0,795,1,0.7641,False,False,True
401,454460.64,1.288,682,188,0,727,3,0.7617,False,False,True
402,554343.88,1.399,701,169,0,734,4,0.7659,False,False,True
403,491478.03,1.498,675,195,0,723,2,0.7657,False,False,True
404,480416.25,1.651,691,179,0,781,2,0.767,False,False,True
405,475289.25,1.407,681,189,0,718,2,0.7645,False,False,True
406,719946.48,2.154,682,188,0,692,4,0.7639,False,False,True
407,407623.63,1.278,689,181,0,768,4,0.7646,False,False,True
408,642587.81,1.279,673,197,0,747,6,0.762,False,False,True
409,319445.18,0.983,685,185,0,814,2,0.7597,False,False,True
410,1257686.15,2.221,696,174,0,680,0,0.7686,False,False,True
411,682303.77,1.885,693,177,0,795,3,0.764,False,False,True
412,345486.36,1.71,697,173,0,779,1,0.7585,False,False,True
413,723105.88,1.778,680,190,0,747,4,0.7644,False,False,True
414,562382.69,1.425,667,203,0,753,5,0.7655,False,False,True
415,858706.93,1.888,696,174,0,719,2,0.7654,False,False,True
416,472153.93,1.416,653,217,0,779,2,0.7639,False,False,True
417,388065.58,1.331,654,216,0,723,3,0.7634,False,False,True
418,552391.46,1.536,662,208,0,724,2,0.7615,False,False,True
419,647816.9,1.974,690,180,0,750,5,0.7635,False,False,True
420,429121.4,1.124,657,213,0,748,5,0.7533,False,False,True
421,455137.59,1.463,673,197,0,744,4,0.7664,False,False,True
422,336967.75,1.213,676,194,0,758,3,0.7627,False,False,True
423,630349.53,1.584,675,195,0,745,3,0.7652,False,False,True
424,400211.27,1.246,687,183,0,765,3,0.7641,False,False,True
425,296242.66,0.984,685,185,0,823,5,0.7652,False,False,True
426,748458.73,1.93,691,179,0,737,3,0.7657,False,False,True
427,285876.14,1.114,681,189,0,741,9,0.7605,False,False,True
428,600503.01,1.711,664,206,0,795,2,0.7653,False,False,True
429,512675.78,1.193,668,202,0,749,5,0.7641,False,False,True
430,357891.76,1.309,659,211,0,738,1,0.7657,False,False,True
431,581675.81,1.61,704,166,0,742,1,0.7646,False,False,True
432,571799.99,1.582,694,176,0,731,7,0.7631,False,False,True
433,369620.35,1.405,690,180,0,746,4,0.7652,False,False,True
434,598623.7,1.676,697,173,0,700,2,0.7657,False,False,True
435,708022.2,1.852,679,191,0,707,7,0.7592,False,False,True
436,372374.86,1.118,692,178,0,825,3,0.7642,False,False,True
437,769986.42,1.882,700,170,0,758,4,0.7659,False,False,True
438,442626.84,1.486,685,185,0,757,1,0.7653,False,False,True
439,615010.65,1.52,678,192,0,730,7,0.7655,False,False,True
440,384698.32,1.358,656,214,0,795,1,0.7549,False,False,True
441,957031.68,2.066,686,184,0,736,2,0.7655,False,False,True
442,554352.13,1.693,696,174,0,770,6,0.7648,False,False,True
443,785345.03,2.237,694,176,0,777,5,0.7632,False,False,True
444,416518.93,1.632,685,185,0,751,4,0.766,False,False,True
445,608559.6,2.072,702,168,0,702,0,0.7659,False,False,True
446,546109.73,1.549,693,177,0,761,1,0.7617,False,False,True
447,586707.44,1.598,650,220,0,782,4,0.7679,False,False,True
448,925459.14,2.19,691,179,0,727,1,0.7651,False,False,True
449,641913.53,2.092,683,187,0,719,3,0.7628,False,False,True
450,489755.11,1.177,691,179,0,798,1,0.7653,False,False,True
451,600847.15,1.544,674,196,0,738,2,0.7657,False,False,True
452,333057.04,1.485,663,207,0,781,2,0.766,False,False,True
453,1143353.26,1.933,673,197,0,717,3,0.7641,False,False,True
454,486226.14,1.524,681,189,0,800,2,0.7656,False,False,True
455,560185.31,1.439,686,184,0,745,4,0.7618,False,False,True
456,425354.97,1.715,692,178,0,771,1,0.7688,False,False,True
457,611589.67,1.982,695,175,0,697,0,0.7665,False,False,True
458,632082.96,1.652,691,179,0,743,4,0.7651,False,False,True
459,427156.92,1.457,671,199,0,704,3,0.7637,False,False,True
460,405645.26,1.563,667,203,0,732,2,0.7653,False,False,True
461,1112705.49,2.553,708,162,0,772,3,0.7655,False,False,True
462,532143.19,1.364,683,187,0,723,2,0.7624,False,False,True
463,617514.1,1.394,679,191,0,683,2,0.7661,False,False,True
464,295593.92,1.051,664,206,0,774,5,0.7652,False,False,True
465,430153.28,1.466,672,198,0,730,7,0.7622,False,False,True
466,641599.81,1.746,671,199,0,754,1,0.7652,False,False,True
467,374446.29,1.436,704,166,0,718,7,0.7645,False,False,True
468,597034.6,1.619,689,181,0,775,4,0.7615,False,False,True
469,536791.71,1.543,681,189,0,694,1,0.7657,False,False,True
470,650086.69,1.9,713,157,0,779,4,0.7633,False,False,True
471,654677.14,1.681,691,179,0,788,3,0.7649,False,False,True
472,545440.25,2.027,673,197,0,708,1,0.7629,False,False,True
473,1021905.48,2.028,686,184,0,778,1,0.7651,False,False,True
474,737521.37,1.932,681,189,0,730,2,0.7653,False,False,True
475,571920.62,1.345,682,188,0,744,5,0.7652,False,False,True
476,393490.01,1.425,683,187,0,760,1,0.7657,False,False,True
477,611240.19,1.811,697,173,0,706,2,0.7645,False,False,True
478,664751.86,1.893,686,184,0,737,2,0.7608,False,False,True
479,301830.25,1.24,680,190,0,746,3,0.7635,False,False,True
480,646221.26,1.706,686,184,0,687,4,0.7656,False,False,True
481,466914.71,1.98,663,207,0,747,3,0.7631,False,False,True
482,265392.7,1.226,681,189,0,749,3,0.7642,False,False,True
483,459323.65,1.34,675,195,0,791,0,0.766,False,False,True
484,619824.24,1.391,679,191,0,693,9,0.7573,False,False,True
485,634216.65,1.66,691,179,0,708,2,0.7667,False,False,True
486,746415.8,1.894,691,179,0,670,6,0.7666,False,False,True
487,1050844.81,2.31,685,185,0,766,3,0.7656,False,False,True
488,712187.01,1.719,684,186,0,749,3,0.7658,False,False,True
489,353751.93,1.089,687,183,0,738,6,0.7614,False,False,True
490,710503.21,1.771,685,185,0,750,7,0.7576,False,False,True
491,709365.7,2.065,681,189,0,694,4,0.7642,False,False,True
492,803257.98,2.146,676,194,0,687,4,0.7646,False,False,True
493,587491.66,1.808,673,197,0,738,2,0.7664,False,False,True
494,573821.58,1.216,677,193,0,732,2,0.7673,False,False,True
495,711676.3,2.08,701,169,0,682,1,0.7661,False,False,True
496,356064.47,1.267,671,199,0,746,3,0.7635,False,False,True
497,587660.32,1.583,685,185,0,737,4,0.7655,False,False,True
498,687543.07,1.617,658,212,0,741,4,0.7651,False,False,True
499,718337.86,2.135,725,145,0,737,1,0.7638,False,False,True
